timestamp,used_mb,avail_mb,mem_pct,pid1,name1,rss1,cpu1,pid2,name2,rss2,cpu2,pid3,name3,rss3,cpu3,pid4,name4,rss4,cpu4,pid5,name5,rss5,cpu5
1775697089.44,6067.65,10316.35,37.0,1010,slack,115.2,12.7,1111,code,106.99,15.2,1222,slack,66.38,19.5,1341,java,53.83,17.7,1444,python3,114.72,10.2
1775697091.44,6069.54,10314.46,37.0,1005,code,119.56,2.9,1116,spotify,124.2,1.3,1229,slack,47.87,27.7,1334,slack,67.47,18.9,1449,spotify,38.84,2.1
1775697093.44,6055.89,10328.11,37.0,1001,java,258.48,19.1,1116,python3,163.82,6.3,1226,code,168.95,5.1,1336,python3,99.17,8.1,1454,slack,42.94,9.7
1775697095.44,6034.0,10350.0,36.8,1000,firefox,350.87,2.0,1120,firefox,104.73,15.0,1232,docker,52.38,4.2,1341,slack,61.76,17.5,1453,java,64.3,29.9
1775697097.44,6045.33,10338.67,36.9,1002,python3,644.06,12.7,1112,java,168.11,29.9,1230,postgres,259.44,25.8,1333,code,140.32,16.1,1448,firefox,26.73,13.0
1775697099.44,6058.73,10325.27,37.0,1004,slack,621.47,15.2,1112,postgres,340.63,15.2,1225,python3,110.15,4.8,1341,chrome,124.8,14.7,1445,firefox,141.81,24.9
1775697101.44,6056.95,10327.05,37.0,1001,docker,662.02,29.3,1119,python3,73.15,14.3,1230,python3,82.93,26.2,1339,node,186.67,22.7,1447,postgres,69.85,20.2
1775697103.44,6061.86,10322.14,37.0,1007,code,235.93,1.9,1111,spotify,232.72,17.7,1222,code,193.63,1.8,1334,chrome,173.68,2.1,1447,postgres,110.35,6.4
1775697105.44,6085.6,10298.4,37.1,1007,java,192.81,2.9,1117,firefox,183.84,14.0,1222,code,31.82,21.8,1334,node,48.42,16.1,1446,java,37.52,13.9
1775697107.44,6111.63,10272.37,37.3,1008,code,87.94,30.0,1111,code,372.39,25.5,1224,java,138.08,6.4,1339,chrome,43.37,0.1,1450,postgres,148.98,23.6
1775697109.44,6106.63,10277.37,37.3,1010,docker,166.1,8.9,1111,spotify,300.9,1.8,1227,chrome,29.2,14.3,1341,python3,23.16,15.2,1446,code,99.26,20.3
1775697111.44,6129.32,10254.68,37.4,1009,node,484.19,1.2,1112,java,271.51,17.0,1227,postgres,67.73,21.5,1336,postgres,86.71,20.2,1448,docker,57.43,22.6
1775697113.44,6144.34,10239.66,37.5,1001,slack,209.87,8.0,1116,code,354.73,11.1,1224,docker,225.1,21.1,1342,slack,13.97,24.5,1448,code,150.84,4.0
1775697115.44,6151.77,10232.23,37.5,1008,python3,254.26,18.1,1116,node,282.81,25.6,1230,docker,79.45,27.2,1333,code,131.43,24.9,1444,chrome,60.03,3.9
1775697117.44,6160.72,10223.28,37.6,1008,chrome,133.91,28.4,1113,slack,38.51,11.1,1230,python3,124.11,1.3,1338,chrome,181.05,6.3,1447,code,63.05,16.8
1775697119.44,6159.72,10224.28,37.6,1002,node,698.45,29.3,1113,java,34.29,22.1,1227,java,217.23,25.9,1336,postgres,42.35,21.0,1450,chrome,138.79,6.7
1775697121.44,6166.63,10217.37,37.6,1003,node,67.75,5.8,1116,postgres,349.13,29.0,1226,firefox,177.04,12.0,1341,firefox,188.61,3.5,1448,python3,97.09,29.5
1775697123.44,6151.56,10232.44,37.5,1005,firefox,377.3,29.5,1112,java,362.31,5.7,1222,java,17.09,27.8,1341,node,80.79,2.1,1454,firefox,103.47,19.9
1775697125.44,6174.53,10209.47,37.7,1005,java,572.91,16.6,1114,java,274.35,11.4,1224,spotify,158.94,12.2,1333,postgres,66.3,12.9,1453,spotify,108.21,13.9
1775697127.44,6197.41,10186.59,37.8,1007,python3,544.14,8.5,1121,spotify,150.7,24.6,1225,postgres,72.83,6.0,1333,chrome,58.41,14.3,1445,docker,72.17,18.9
1775697129.44,6205.5,10178.5,37.9,1010,chrome,719.49,25.8,1112,java,107.07,24.1,1230,docker,29.22,7.5,1334,docker,37.5,13.9,1452,slack,99.32,28.5
1775697131.44,6227.45,10156.55,38.0,1008,java,672.93,16.4,1113,docker,193.78,22.6,1232,postgres,208.12,15.6,1343,node,63.99,2.3,1448,node,50.76,9.6
1775697133.44,6219.71,10164.29,38.0,1003,code,361.15,9.9,1118,java,48.35,25.0,1228,spotify,253.18,0.6,1342,java,101.93,28.3,1448,java,138.02,28.6
1775697135.44,6217.87,10166.13,38.0,1008,spotify,723.36,14.6,1115,java,207.12,11.7,1232,java,197.71,25.2,1335,spotify,112.65,27.2,1453,spotify,109.45,2.5
1775697137.44,6190.94,10193.06,37.8,1005,node,391.02,10.1,1117,postgres,307.0,25.0,1226,code,134.24,22.5,1333,firefox,54.54,2.1,1454,chrome,123.13,28.5
1775697139.44,6204.22,10179.78,37.9,1002,node,144.67,20.1,1120,node,199.39,7.7,1227,python3,168.14,28.9,1334,python3,193.39,3.2,1444,postgres,96.37,27.2
1775697141.44,6179.13,10204.87,37.7,1010,node,126.43,23.2,1121,spotify,327.07,23.9,1231,chrome,103.47,12.9,1338,code,107.37,10.2,1450,docker,25.83,28.8
1775697143.44,6204.58,10179.42,37.9,1002,java,182.1,15.7,1121,postgres,255.97,27.6,1229,docker,125.56,21.9,1337,firefox,172.2,24.9,1445,postgres,142.24,7.3
1775697145.44,6184.74,10199.26,37.7,1005,python3,415.66,10.6,1115,firefox,129.87,17.9,1226,slack,19.2,28.4,1334,node,147.51,14.7,1447,docker,106.89,14.7
1775697147.44,6189.52,10194.48,37.8,1003,java,568.84,9.2,1120,firefox,202.47,15.9,1228,slack,99.36,21.1,1337,postgres,59.64,3.6,1447,firefox,27.93,16.1
1775697149.44,6190.51,10193.49,37.8,1009,slack,497.59,29.4,1114,postgres,110.31,5.4,1222,slack,48.31,1.4,1333,slack,67.28,28.3,1454,docker,25.39,0.4
1775697151.44,6181.21,10202.79,37.7,1005,python3,774.12,7.6,1118,code,333.29,12.0,1223,spotify,174.03,1.6,1335,spotify,190.46,2.6,1447,code,93.71,12.5
1775697153.44,6164.35,10219.65,37.6,1007,postgres,695.12,29.7,1115,spotify,257.89,18.3,1223,node,173.05,7.9,1334,python3,57.47,16.6,1446,chrome,71.28,20.7
1775697155.44,6152.82,10231.18,37.6,1004,postgres,577.24,13.6,1121,node,371.47,23.6,1232,spotify,181.96,28.0,1339,code,114.61,19.4,1448,python3,20.71,5.0
1775697157.44,6144.28,10239.72,37.5,1001,docker,566.51,21.0,1115,slack,227.49,13.1,1231,chrome,239.02,22.0,1342,postgres,17.35,6.9,1454,spotify,98.07,0.6
1775697159.44,6167.91,10216.09,37.6,1009,chrome,622.33,5.3,1119,docker,368.53,5.4,1231,java,175.36,14.8,1334,docker,77.74,10.0,1454,code,138.66,9.9
1775697161.44,6163.94,10220.06,37.6,1008,chrome,391.12,9.4,1116,code,388.82,12.1,1230,chrome,181.08,16.3,1339,chrome,47.67,10.9,1451,docker,124.0,6.1
1775697163.44,6152.66,10231.34,37.6,1007,docker,141.07,29.2,1120,node,291.17,9.3,1222,slack,118.66,6.7,1334,docker,190.07,19.4,1446,docker,149.9,8.8
1775697165.44,6148.69,10235.31,37.5,1007,slack,158.48,5.7,1120,slack,304.86,4.1,1223,postgres,209.84,25.6,1338,slack,62.59,0.1,1448,spotify,96.99,19.8
1775697167.44,6134.09,10249.91,37.4,1007,firefox,299.33,22.9,1117,docker,374.82,26.1,1225,spotify,112.41,25.7,1339,chrome,72.16,14.2,1450,java,158.26,23.8
1775697169.44,6129.46,10254.54,37.4,1009,firefox,702.28,26.2,1118,code,222.23,13.7,1224,java,234.4,29.1,1334,docker,159.04,8.0,1453,java,107.48,25.6
1775697171.44,6122.78,10261.22,37.4,1006,firefox,520.1,26.6,1118,slack,38.46,2.1,1232,postgres,266.02,22.4,1339,code,155.07,21.1,1445,docker,34.95,9.0
1775697173.44,6136.21,10247.79,37.5,1006,python3,233.15,12.4,1121,python3,88.74,2.4,1228,spotify,187.45,14.9,1342,python3,56.04,19.1,1451,postgres,110.03,27.0
1775697175.44,6138.99,10245.01,37.5,1008,python3,105.4,28.4,1120,postgres,264.6,12.7,1226,docker,227.99,6.0,1339,docker,32.5,11.4,1449,spotify,54.38,21.0
1775697177.44,6040.36,10343.64,36.9,1000,spotify,608.88,25.0,1115,node,252.65,10.6,1232,node,171.89,20.3,1343,python3,130.3,27.1,1454,chrome,56.34,13.2
1775697179.44,6044.63,10339.37,36.9,1001,postgres,295.04,12.5,1114,python3,319.94,26.3,1227,slack,142.12,8.2,1335,postgres,183.88,28.3,1448,firefox,130.63,14.0
1775697181.44,6067.39,10316.61,37.0,1010,java,775.45,24.1,1116,code,321.51,0.4,1230,code,130.36,20.2,1343,postgres,122.11,24.7,1449,code,111.23,14.1
1775697183.44,6079.25,10304.75,37.1,1005,spotify,216.03,1.9,1118,postgres,268.46,3.5,1222,chrome,92.76,14.8,1334,node,178.86,4.1,1451,firefox,110.57,22.3
1775697185.44,6094.41,10289.59,37.2,1006,code,675.27,18.5,1115,chrome,283.86,6.5,1229,node,230.53,3.0,1343,firefox,114.59,29.3,1449,chrome,69.72,5.7
1775697187.44,6089.63,10294.37,37.2,1007,code,547.08,19.3,1120,chrome,43.97,10.0,1224,spotify,67.97,24.9,1341,node,122.45,24.4,1447,firefox,126.16,23.7
1775697189.44,6080.11,10303.89,37.1,1008,postgres,648.89,3.3,1111,python3,30.57,23.7,1225,spotify,97.61,5.2,1333,python3,151.57,15.8,1445,docker,77.24,10.9
1775697191.44,6073.7,10310.3,37.1,1003,spotify,82.52,23.5,1121,slack,138.11,19.3,1222,chrome,266.31,25.4,1339,code,104.43,27.3,1445,code,58.32,4.5
1775697193.44,6088.88,10295.12,37.2,1006,spotify,447.92,13.6,1120,java,62.19,21.1,1232,slack,196.88,6.5,1340,node,90.09,24.8,1450,java,119.44,9.4
1775697195.44,6104.29,10279.71,37.3,1002,docker,100.35,25.0,1112,java,61.21,22.2,1224,slack,31.66,28.7,1341,firefox,138.13,12.3,1454,java,140.21,21.6
1775697197.44,6124.68,10259.32,37.4,1003,python3,542.55,6.7,1112,firefox,342.02,11.0,1226,spotify,73.21,12.9,1341,spotify,127.54,19.3,1444,spotify,149.36,24.9
1775697199.44,6121.15,10262.85,37.4,1004,firefox,313.27,5.4,1113,spotify,271.5,2.1,1232,chrome,39.61,15.9,1339,java,97.56,4.7,1448,firefox,126.53,17.0
1775697201.44,6125.88,10258.12,37.4,1010,code,254.08,19.9,1118,spotify,190.77,8.2,1230,code,102.96,3.3,1343,spotify,103.74,20.0,1444,node,69.29,18.0
1775697203.44,6349.45,10034.55,38.8,1003,python3,623.12,8.7,1112,chrome,211.52,12.9,1224,java,149.81,6.9,1341,firefox,26.01,25.9,1444,java,12.81,27.6
1775697205.44,6362.67,10021.33,38.8,1006,postgres,136.38,0.6,1116,python3,325.5,18.5,1227,code,125.84,3.2,1339,spotify,87.58,2.4,1448,firefox,43.24,23.4
1775697207.44,6348.21,10035.79,38.7,1008,slack,195.43,23.3,1116,python3,113.6,4.4,1225,python3,167.27,22.8,1343,code,45.71,23.2,1451,docker,123.17,22.8
1775697209.44,6316.41,10067.59,38.6,1009,firefox,698.19,18.8,1113,docker,50.61,13.3,1226,postgres,164.52,10.6,1334,postgres,99.08,1.1,1449,postgres,21.51,25.9
1775697211.44,6327.69,10056.31,38.6,1008,java,397.03,16.6,1111,docker,365.89,17.1,1225,firefox,167.92,15.0,1333,docker,31.91,27.0,1449,code,85.68,5.2
1775697213.44,6328.45,10055.55,38.6,1002,firefox,329.64,8.5,1117,firefox,279.59,1.6,1232,firefox,33.14,2.8,1343,java,65.78,21.7,1454,spotify,140.99,10.0
1775697215.44,6345.09,10038.91,38.7,1005,postgres,775.77,21.0,1117,python3,248.14,28.1,1226,slack,110.84,23.7,1335,slack,30.02,20.1,1452,firefox,12.73,9.3
1775697217.44,6358.72,10025.28,38.8,1002,python3,107.87,25.3,1112,slack,314.08,25.1,1230,chrome,182.15,26.3,1342,python3,124.48,4.6,1446,spotify,131.36,5.0
1775697219.44,6355.14,10028.86,38.8,1010,node,777.19,18.3,1118,node,225.25,9.3,1229,node,108.63,28.4,1340,docker,156.77,23.3,1452,slack,72.8,4.9
1775697221.44,6362.06,10021.94,38.8,1007,firefox,465.91,3.1,1119,code,131.9,22.9,1226,docker,242.99,4.4,1339,code,189.95,6.7,1451,firefox,149.57,12.4
1775697223.44,6382.07,10001.93,39.0,1006,code,331.18,0.8,1112,firefox,321.77,4.1,1226,docker,190.68,4.2,1340,docker,127.88,27.2,1444,postgres,42.35,4.5
1775697225.44,6401.78,9982.22,39.1,1003,postgres,141.39,7.2,1121,spotify,196.42,3.3,1229,spotify,150.68,19.0,1342,node,147.23,8.7,1444,spotify,62.92,17.1
1775697227.44,6394.83,9989.17,39.0,1008,firefox,100.76,15.8,1119,slack,232.81,11.7,1229,chrome,175.58,29.4,1337,chrome,79.46,2.0,1447,code,125.73,22.1
1775697229.44,6393.2,9990.8,39.0,1002,docker,785.61,14.4,1113,python3,48.66,23.3,1229,chrome,90.03,1.3,1336,chrome,71.67,9.3,1450,slack,81.01,1.1
1775697231.44,6397.74,9986.26,39.0,1000,firefox,254.91,24.0,1117,java,303.74,26.8,1228,firefox,260.1,14.9,1340,firefox,185.81,15.6,1445,java,21.84,18.1
1775697233.44,6406.63,9977.37,39.1,1010,postgres,279.87,18.1,1117,python3,283.66,10.5,1222,firefox,170.38,13.0,1343,chrome,26.57,19.1,1449,slack,130.16,20.4
1775697235.44,6390.33,9993.67,39.0,1009,docker,76.1,2.0,1121,firefox,160.81,28.5,1222,spotify,55.03,13.5,1338,firefox,95.74,2.3,1446,slack,65.04,9.4
1775697237.44,6384.13,9999.87,39.0,1008,java,735.16,3.5,1115,docker,105.46,18.4,1229,node,47.33,25.6,1340,python3,181.0,13.4,1445,firefox,110.18,21.3
1775697239.44,6422.3,9961.7,39.2,1004,python3,583.86,27.8,1121,python3,322.64,15.3,1223,node,214.68,7.1,1340,chrome,80.17,17.2,1451,slack,29.47,26.5
1775697241.44,6436.8,9947.2,39.3,1006,java,667.5,2.2,1116,code,193.74,20.4,1227,python3,236.16,23.4,1343,spotify,46.62,29.0,1450,slack,146.61,1.7
1775697243.44,6443.53,9940.47,39.3,1002,python3,292.0,21.3,1116,slack,360.6,25.4,1226,node,175.43,16.5,1335,postgres,127.71,2.8,1454,python3,98.77,17.4
1775697245.44,6454.18,9929.82,39.4,1009,chrome,668.93,0.9,1111,spotify,124.25,6.3,1231,java,171.19,0.9,1343,slack,66.81,28.7,1451,node,130.7,20.5
1775697247.44,6473.33,9910.67,39.5,1000,python3,379.7,14.5,1114,firefox,252.5,9.4,1227,firefox,260.51,3.9,1338,slack,117.81,9.6,1451,code,50.12,7.4
1775697249.44,6484.21,9899.79,39.6,1003,python3,660.11,28.0,1116,node,311.17,14.9,1230,docker,141.36,9.3,1333,code,189.73,15.2,1447,node,97.5,1.5
1775697251.44,6492.01,9891.99,39.6,1010,docker,264.31,0.2,1112,java,75.23,7.9,1227,java,108.15,12.0,1342,slack,49.0,16.6,1445,java,85.64,22.9
1775697253.44,6484.34,9899.66,39.6,1001,java,329.9,29.6,1119,firefox,308.11,6.0,1230,java,141.69,1.4,1335,firefox,163.24,15.6,1446,spotify,143.97,4.2
1775697255.44,6529.36,9854.64,39.9,1006,spotify,604.49,9.0,1116,slack,335.61,16.0,1231,postgres,135.39,0.5,1338,code,196.23,17.5,1454,chrome,99.54,8.0
1775697257.44,6507.66,9876.34,39.7,1000,spotify,410.34,15.7,1120,java,80.42,20.4,1222,spotify,253.72,3.3,1333,docker,71.32,4.5,1447,java,85.27,18.3
1775697259.44,6475.12,9908.88,39.5,1000,python3,439.01,16.8,1121,docker,222.05,9.4,1224,docker,244.7,10.3,1338,postgres,126.89,5.8,1447,postgres,93.71,6.7
1775697261.44,6488.29,9895.71,39.6,1007,firefox,409.85,16.8,1115,postgres,70.7,20.3,1228,java,221.26,28.6,1335,postgres,20.39,28.7,1445,firefox,148.6,19.7
1775697263.44,6486.9,9897.1,39.6,1008,postgres,749.77,20.9,1113,code,255.88,17.6,1225,chrome,184.13,15.9,1343,node,22.34,12.4,1451,code,112.18,4.1
1775697265.44,6528.05,9855.95,39.8,1007,docker,537.9,22.7,1115,firefox,132.03,1.8,1223,spotify,74.72,22.2,1333,python3,90.85,25.1,1444,java,128.19,5.6
1775697267.44,6519.66,9864.34,39.8,1004,chrome,56.95,17.0,1112,firefox,131.71,29.7,1230,slack,140.14,28.2,1341,docker,63.66,24.3,1449,python3,119.67,19.4
1775697269.44,6519.93,9864.07,39.8,1010,node,181.62,25.7,1117,java,218.23,2.6,1232,code,62.86,4.2,1338,node,13.78,11.5,1451,postgres,153.11,9.1
1775697271.44,6518.24,9865.76,39.8,1010,firefox,569.58,1.9,1112,docker,140.05,12.2,1230,postgres,189.24,19.2,1337,firefox,127.74,6.6,1446,docker,32.98,22.4
1775697273.44,6506.78,9877.22,39.7,1008,node,621.39,20.4,1120,code,222.06,15.8,1227,code,245.98,3.4,1341,slack,50.4,16.1,1446,firefox,138.17,13.3
1775697275.44,6497.99,9886.01,39.7,1007,code,724.17,13.4,1111,docker,74.48,12.5,1231,chrome,156.37,20.2,1337,chrome,86.74,24.5,1447,spotify,20.95,12.7
1775697277.44,6493.05,9890.95,39.6,1007,chrome,265.32,5.4,1113,java,165.42,26.7,1229,java,110.58,20.5,1343,slack,37.44,25.8,1445,python3,158.93,11.8
1775697279.44,6476.04,9907.96,39.5,1000,chrome,783.87,13.9,1119,java,224.48,24.7,1225,docker,103.21,8.3,1334,chrome,164.28,12.6,1444,node,40.91,3.0
1775697281.44,6496.66,9887.34,39.7,1000,java,379.22,16.2,1111,python3,213.96,8.7,1231,firefox,161.04,23.2,1338,node,69.08,4.3,1454,slack,43.16,9.0
1775697283.44,6501.73,9882.27,39.7,1002,java,466.89,1.4,1116,java,319.68,9.6,1228,java,53.97,11.3,1341,docker,57.68,6.8,1446,docker,147.21,16.9
1775697285.44,6521.33,9862.67,39.8,1003,firefox,535.03,27.7,1116,code,225.86,24.9,1222,postgres,110.96,18.1,1333,code,47.78,22.9,1454,slack,42.55,6.3
1775697287.44,6518.32,9865.68,39.8,1000,node,752.87,28.9,1112,docker,367.92,20.9,1225,java,245.45,16.6,1337,java,99.92,19.5,1448,postgres,63.95,26.5
1775697289.44,6492.76,9891.24,39.6,1005,node,328.03,12.4,1120,node,302.97,0.5,1230,spotify,161.45,12.5,1335,node,74.35,11.4,1447,docker,92.6,28.3
1775697291.44,6499.36,9884.64,39.7,1007,docker,395.62,22.0,1116,python3,77.48,16.4,1224,slack,264.25,28.7,1341,chrome,169.83,2.2,1454,chrome,124.65,12.4
1775697293.44,6307.35,10076.65,38.5,1005,chrome,513.38,20.0,1120,docker,272.23,0.5,1230,slack,119.5,0.5,1337,slack,195.78,0.5,1454,java,130.93,27.3
1775697295.44,6299.14,10084.86,38.4,1002,node,193.95,15.8,1116,postgres,323.1,2.4,1228,docker,157.92,29.7,1336,postgres,140.76,25.4,1454,chrome,24.03,11.4
1775697297.44,6463.76,9920.24,39.5,1007,java,533.68,9.9,1112,slack,369.68,6.9,1231,docker,84.44,27.7,1343,postgres,181.12,16.9,1444,python3,149.31,9.4
1775697299.44,6463.0,9921.0,39.4,1006,code,274.46,16.9,1120,java,278.89,16.2,1228,python3,214.29,20.7,1334,slack,152.27,10.4,1445,java,44.82,2.3
1775697301.44,6447.56,9936.44,39.4,1005,chrome,525.59,23.5,1118,docker,110.55,16.6,1228,java,63.1,17.6,1339,code,157.28,8.9,1447,code,22.31,4.6
1775697303.44,6435.77,9948.23,39.3,1006,firefox,320.53,2.7,1115,docker,159.97,8.1,1224,code,63.51,13.5,1341,slack,89.01,0.8,1449,slack,23.96,17.9
1775697305.44,6430.02,9953.98,39.2,1001,slack,728.91,29.3,1120,slack,88.59,11.4,1224,postgres,91.95,14.8,1334,python3,94.0,12.6,1451,code,64.17,28.3
1775697307.44,6444.16,9939.84,39.3,1009,node,393.4,4.1,1111,java,149.58,18.6,1227,docker,100.35,24.5,1343,spotify,38.02,9.6,1447,docker,57.13,28.9
1775697309.44,6457.31,9926.69,39.4,1009,node,294.41,8.4,1117,firefox,67.71,16.9,1231,slack,61.65,23.0,1333,docker,189.31,6.3,1448,code,132.84,23.9
1775697311.44,6455.82,9928.18,39.4,1010,postgres,231.52,19.8,1117,java,52.74,29.7,1229,spotify,116.87,15.2,1339,slack,19.39,29.1,1452,spotify,105.73,2.5
1775697313.44,6459.38,9924.62,39.4,1000,spotify,787.71,20.3,1117,firefox,387.14,12.9,1222,code,81.35,15.3,1341,slack,121.35,17.3,1451,firefox,68.67,23.2
1775697315.44,6438.54,9945.46,39.3,1005,chrome,412.08,8.9,1112,code,336.74,21.9,1227,postgres,102.43,23.5,1341,docker,77.81,2.9,1451,firefox,20.08,1.3
1775697317.44,6438.73,9945.27,39.3,1002,node,437.0,16.6,1116,slack,184.89,13.9,1228,python3,63.26,19.7,1339,chrome,150.76,26.5,1451,spotify,74.43,0.1
1775697319.44,6436.59,9947.41,39.3,1001,spotify,126.31,26.2,1113,firefox,147.24,13.7,1226,docker,148.6,19.2,1342,java,127.12,17.6,1449,firefox,136.83,18.5
1775697321.44,6446.73,9937.27,39.3,1001,python3,284.89,7.2,1112,python3,164.99,4.2,1228,java,165.77,17.2,1339,python3,103.75,16.1,1454,python3,93.24,14.7
1775697323.44,6426.11,9957.89,39.2,1007,spotify,90.21,10.8,1111,docker,76.2,24.5,1230,slack,179.93,12.3,1340,java,145.65,13.3,1446,code,94.81,23.9
1775697325.44,6427.82,9956.18,39.2,1007,spotify,606.89,23.0,1119,slack,67.45,3.4,1230,firefox,152.18,22.7,1340,slack,53.48,12.8,1454,node,54.66,30.0
1775697327.44,6432.63,9951.37,39.3,1001,docker,698.97,3.5,1114,node,329.01,17.6,1227,spotify,174.86,5.0,1335,node,165.04,24.2,1453,firefox,89.84,17.9
1775697329.44,6454.11,9929.89,39.4,1008,code,151.69,22.5,1117,chrome,397.18,26.0,1224,python3,79.09,21.3,1336,java,104.27,17.3,1448,java,66.28,2.3
1775697331.44,6491.46,9892.54,39.6,1006,slack,612.35,20.8,1116,docker,381.35,9.8,1222,code,199.4,13.8,1343,firefox,171.89,23.9,1450,node,155.22,24.7
1775697333.44,6479.26,9904.74,39.5,1002,spotify,689.32,23.6,1121,chrome,42.23,18.8,1229,chrome,47.73,25.7,1340,docker,12.63,28.7,1447,python3,142.32,9.1
1775697335.44,6480.74,9903.26,39.6,1001,firefox,237.79,11.2,1121,python3,44.42,18.8,1225,java,180.54,21.1,1333,node,101.9,4.0,1447,slack,112.0,0.3
1775697337.44,6472.52,9911.48,39.5,1002,docker,103.12,11.5,1112,code,142.51,26.4,1224,java,210.03,22.6,1335,python3,25.33,16.9,1453,python3,76.01,21.7
1775697339.44,6447.52,9936.48,39.4,1006,spotify,564.92,25.8,1112,code,77.5,3.7,1228,firefox,257.48,9.4,1335,node,64.43,2.5,1452,spotify,100.0,18.2
1775697341.44,6452.75,9931.25,39.4,1004,node,438.31,15.3,1117,postgres,267.31,23.5,1225,docker,113.14,7.2,1343,spotify,25.81,26.7,1444,firefox,150.09,4.0
1775697343.44,6431.23,9952.77,39.3,1005,slack,562.21,22.9,1112,chrome,245.26,0.4,1225,chrome,247.31,28.5,1339,slack,66.22,21.4,1450,java,115.27,2.5
1775697345.44,6412.1,9971.9,39.1,1008,node,780.74,4.7,1116,java,244.91,22.9,1232,code,94.21,13.1,1336,chrome,58.34,27.7,1445,docker,101.84,1.7
1775697347.44,6408.46,9975.54,39.1,1002,code,59.5,4.1,1111,python3,211.15,10.4,1230,postgres,58.41,3.8,1337,code,157.14,0.9,1450,postgres,88.58,7.9
1775697349.44,6430.38,9953.62,39.2,1000,docker,694.52,5.0,1113,postgres,315.0,26.8,1232,code,73.77,15.3,1333,chrome,58.35,14.2,1450,python3,36.84,28.8
1775697351.44,6428.19,9955.81,39.2,1010,java,218.39,7.4,1116,postgres,334.75,17.1,1223,slack,185.0,1.6,1336,slack,196.52,28.6,1445,docker,139.9,23.2
1775697353.44,6426.93,9957.07,39.2,1004,spotify,638.38,22.2,1114,docker,163.1,29.2,1225,slack,206.79,7.4,1333,java,16.98,16.2,1454,chrome,152.65,0.0
1775697355.44,6433.97,9950.03,39.3,1004,code,203.9,29.5,1117,docker,385.44,29.2,1224,postgres,39.92,27.6,1341,java,143.91,11.2,1445,spotify,24.34,4.0
1775697357.44,6437.61,9946.39,39.3,1002,node,268.76,25.5,1117,firefox,144.27,8.2,1223,node,50.69,23.1,1334,python3,32.31,13.5,1449,java,28.11,10.7
1775697359.44,6433.39,9950.61,39.3,1007,postgres,689.36,2.7,1121,postgres,334.9,20.9,1222,node,225.65,9.8,1334,node,194.08,11.9,1444,postgres,49.03,29.7
1775697361.44,6449.52,9934.48,39.4,1003,code,396.53,24.1,1113,code,29.48,24.9,1225,python3,66.2,12.0,1343,code,121.69,7.8,1445,chrome,159.57,5.9
1775697363.44,6453.63,9930.37,39.4,1001,firefox,141.9,28.3,1111,python3,371.55,13.0,1228,docker,24.04,20.5,1335,firefox,52.76,5.6,1448,docker,142.51,1.0
1775697365.44,6446.53,9937.47,39.3,1008,docker,95.73,8.4,1113,java,99.8,26.5,1230,node,174.36,24.1,1333,java,159.11,10.8,1452,docker,61.61,17.0
1775697367.44,6440.03,9943.97,39.3,1000,firefox,497.84,0.9,1115,chrome,328.25,14.2,1227,spotify,266.57,29.2,1334,node,135.66,8.0,1444,node,96.35,29.5
1775697369.44,6414.39,9969.61,39.2,1003,spotify,288.5,22.1,1116,spotify,35.58,21.0,1231,spotify,52.19,28.5,1340,slack,70.45,14.7,1445,chrome,44.89,6.6
1775697371.44,6321.78,10062.22,38.6,1003,python3,305.57,5.3,1116,chrome,33.22,17.6,1224,code,228.29,25.8,1334,firefox,144.6,19.9,1453,code,60.48,9.7
1775697373.44,6347.05,10036.95,38.7,1007,firefox,180.65,29.1,1120,firefox,108.71,17.7,1224,java,93.37,20.7,1335,python3,149.16,28.5,1453,java,137.61,23.1
1775697375.44,6344.57,10039.43,38.7,1005,spotify,215.67,17.0,1118,python3,149.19,2.3,1227,firefox,58.64,26.6,1334,firefox,96.24,8.0,1447,code,62.57,23.6
1775697377.44,6344.9,10039.1,38.7,1002,java,419.81,11.4,1119,java,63.04,14.4,1231,node,57.33,2.2,1333,postgres,16.26,7.8,1445,code,61.27,26.6
1775697379.44,6341.48,10042.52,38.7,1001,firefox,495.52,18.4,1118,chrome,186.75,19.6,1231,java,55.94,3.0,1336,node,89.24,16.6,1452,postgres,109.09,8.9
1775697381.44,6355.05,10028.95,38.8,1000,firefox,52.86,2.6,1121,spotify,205.12,2.9,1225,python3,176.21,29.3,1340,code,70.32,11.9,1451,postgres,23.67,16.3
1775697383.44,6364.77,10019.23,38.8,1005,python3,384.33,7.9,1118,postgres,109.84,8.1,1222,python3,204.73,20.0,1334,firefox,164.03,12.4,1453,node,93.04,25.2
1775697385.44,6372.51,10011.49,38.9,1007,spotify,711.24,14.3,1112,java,363.54,21.4,1230,spotify,241.78,24.0,1343,spotify,40.15,28.5,1451,python3,152.36,5.0
1775697387.44,6359.55,10024.45,38.8,1000,java,108.78,20.5,1114,python3,337.79,7.7,1223,code,113.69,11.9,1338,postgres,109.94,27.5,1444,spotify,98.14,23.5
1775697389.44,6367.3,10016.7,38.9,1001,code,472.01,3.0,1115,slack,355.05,26.3,1226,java,180.36,17.2,1340,chrome,44.79,12.1,1453,spotify,112.12,12.1
1775697391.44,6374.1,10009.9,38.9,1003,chrome,609.31,27.6,1116,chrome,151.7,23.8,1226,postgres,227.38,25.7,1343,code,194.84,6.8,1448,docker,126.1,9.6
1775697393.44,6372.65,10011.35,38.9,1006,docker,619.62,26.0,1111,slack,321.81,2.0,1230,java,50.58,25.5,1342,chrome,45.08,26.3,1447,chrome,47.42,13.7
1775697395.44,6353.66,10030.34,38.8,1004,firefox,667.63,15.2,1121,code,280.44,7.3,1229,spotify,128.19,28.8,1340,spotify,115.88,10.3,1448,code,52.76,11.6
1775697397.44,6365.11,10018.89,38.8,1010,node,558.27,8.1,1117,slack,32.52,23.4,1232,chrome,135.19,4.0,1335,spotify,162.66,6.7,1453,postgres,116.91,21.3
1775697399.44,6383.09,10000.91,39.0,1005,docker,239.0,14.0,1121,slack,334.12,11.9,1223,chrome,144.55,19.9,1338,slack,133.88,18.3,1448,code,82.26,10.1
1775697401.44,6382.19,10001.81,39.0,1010,postgres,191.27,15.5,1114,chrome,327.04,24.1,1231,java,181.8,20.4,1333,docker,199.53,7.8,1450,java,68.24,1.1
1775697403.44,6396.61,9987.39,39.0,1003,firefox,594.91,6.7,1119,docker,364.95,20.2,1230,postgres,228.02,25.2,1341,python3,67.58,14.1,1448,slack,124.44,5.5
1775697405.44,6392.12,9991.88,39.0,1004,java,641.07,9.9,1115,spotify,135.27,25.5,1229,chrome,233.27,17.5,1342,code,101.04,5.8,1445,java,89.48,12.4
1775697407.44,6381.17,10002.83,38.9,1003,firefox,356.89,17.1,1118,python3,143.64,21.5,1223,docker,99.82,29.6,1338,chrome,13.38,8.2,1446,spotify,124.67,14.7
1775697409.44,6383.05,10000.95,39.0,1006,java,774.0,11.5,1111,slack,99.78,11.2,1222,firefox,205.88,15.9,1333,chrome,130.0,7.5,1449,postgres,29.34,11.5
1775697411.44,6377.96,10006.04,38.9,1000,postgres,761.35,13.7,1119,spotify,221.54,13.0,1232,python3,102.35,27.0,1338,node,43.42,27.2,1450,chrome,44.26,21.8
1775697413.44,6395.88,9988.12,39.0,1005,chrome,331.39,19.2,1119,spotify,43.22,29.8,1232,code,180.06,0.6,1334,java,95.81,3.7,1448,docker,115.28,6.2
1775697415.44,6199.32,10184.68,37.8,1001,slack,252.48,18.2,1113,java,336.49,3.1,1231,code,87.34,23.5,1340,node,126.69,23.3,1452,node,63.69,12.3
1775697417.44,6210.77,10173.23,37.9,1007,firefox,225.88,0.4,1112,code,338.21,20.1,1224,code,211.55,2.3,1334,postgres,133.31,13.7,1448,postgres,79.64,3.0
1775697419.44,6228.12,10155.88,38.0,1004,firefox,651.2,9.4,1112,code,344.22,26.7,1222,python3,182.51,5.1,1338,docker,191.58,8.0,1445,firefox,132.24,5.5
1775697421.44,6198.31,10185.69,37.8,1007,java,536.63,23.9,1112,python3,286.06,1.8,1224,code,120.67,17.7,1342,docker,46.49,11.4,1449,spotify,14.32,20.5
1775697423.44,6222.11,10161.89,38.0,1002,docker,740.3,3.4,1117,docker,42.24,7.8,1227,chrome,192.81,20.3,1342,spotify,54.5,28.7,1449,slack,88.47,21.0
1775697425.44,6241.74,10142.26,38.1,1010,java,161.49,24.8,1120,chrome,29.37,28.0,1230,docker,229.63,26.1,1334,docker,72.62,9.9,1448,chrome,86.04,16.5
1775697427.44,6255.57,10128.43,38.2,1001,docker,383.14,17.2,1112,docker,192.65,3.6,1229,chrome,42.33,12.4,1341,slack,12.53,2.7,1453,spotify,105.63,26.7
1775697429.44,6236.75,10147.25,38.1,1000,node,683.24,10.0,1120,spotify,202.43,19.7,1229,code,41.03,19.8,1333,firefox,79.09,19.0,1448,slack,88.3,21.1
1775697431.44,6229.81,10154.19,38.0,1002,java,130.22,18.3,1114,code,373.83,11.8,1229,node,195.86,3.2,1339,chrome,186.24,25.1,1453,code,125.82,13.5
1775697433.44,6210.81,10173.19,37.9,1008,chrome,464.92,13.0,1120,docker,371.64,23.4,1224,spotify,60.08,24.5,1334,java,135.79,18.2,1449,slack,142.21,12.6
1775697435.44,6180.75,10203.25,37.7,1003,postgres,348.4,10.3,1115,docker,326.8,4.1,1231,slack,91.39,21.0,1338,slack,131.11,6.0,1453,postgres,112.99,27.6
1775697437.44,6198.05,10185.95,37.8,1008,firefox,582.76,22.8,1119,docker,243.55,28.3,1228,slack,88.15,25.4,1333,slack,32.46,11.4,1444,chrome,39.99,22.5
1775697439.44,6216.97,10167.03,37.9,1004,python3,679.54,20.7,1115,node,307.6,1.0,1229,code,170.69,20.3,1341,node,151.7,16.8,1447,slack,127.65,24.0
1775697441.44,6213.21,10170.79,37.9,1010,firefox,774.37,1.6,1115,node,257.71,23.4,1229,node,244.54,21.1,1343,firefox,154.08,16.4,1453,node,126.42,28.9
1775697443.44,6236.21,10147.79,38.1,1010,code,190.23,5.2,1119,code,166.45,12.9,1230,postgres,49.18,17.5,1337,chrome,74.48,21.3,1446,chrome,33.06,9.7
1775697445.44,6270.73,10113.27,38.3,1007,spotify,462.62,2.2,1116,slack,107.49,5.5,1223,slack,56.51,16.3,1339,code,78.01,26.5,1454,firefox,59.66,8.8
1775697447.44,6283.12,10100.88,38.3,1007,slack,667.77,29.4,1111,code,275.85,13.4,1232,spotify,246.32,7.3,1333,firefox,84.01,23.9,1445,java,48.49,21.7
1775697449.44,6302.47,10081.53,38.5,1008,docker,415.1,8.9,1121,node,145.12,2.5,1223,python3,259.57,23.2,1341,chrome,130.05,6.3,1454,node,139.74,12.7
1775697451.44,6306.74,10077.26,38.5,1006,code,610.17,4.6,1118,firefox,39.21,2.2,1224,postgres,156.19,17.2,1336,postgres,88.93,13.5,1450,java,57.46,11.7
1775697453.44,6309.43,10074.57,38.5,1009,chrome,575.66,2.2,1119,code,133.69,20.6,1231,code,87.05,27.8,1339,java,166.65,0.9,1446,slack,42.98,22.4
1775697455.44,6312.02,10071.98,38.5,1004,python3,273.54,26.6,1121,firefox,384.02,0.3,1230,python3,47.48,0.2,1342,java,113.22,28.4,1448,node,122.24,27.1
1775697457.44,6304.91,10079.09,38.5,1002,python3,215.59,25.0,1114,code,93.01,24.0,1222,slack,131.98,16.5,1337,code,59.5,5.9,1453,docker,152.73,10.7
1775697459.44,6319.28,10064.72,38.6,1004,spotify,102.36,5.8,1118,docker,148.13,19.8,1231,python3,158.05,10.9,1338,java,44.12,9.4,1447,java,51.5,10.8
1775697461.44,6315.03,10068.97,38.5,1004,docker,463.75,5.3,1120,code,340.67,25.8,1224,slack,65.77,22.0,1343,code,148.89,26.8,1452,chrome,131.9,17.4
1775697463.44,6304.38,10079.62,38.5,1000,slack,245.46,26.8,1119,docker,270.22,4.5,1228,node,239.53,17.7,1337,python3,99.63,15.3,1450,firefox,85.33,19.9
1775697465.44,6321.61,10062.39,38.6,1008,python3,384.67,5.4,1120,python3,300.97,14.5,1227,chrome,71.37,14.6,1334,postgres,81.77,1.3,1447,slack,146.16,10.8
1775697467.44,6300.94,10083.06,38.5,1000,chrome,785.44,9.7,1119,postgres,338.08,7.9,1230,spotify,60.13,19.6,1338,spotify,135.0,25.1,1452,postgres,66.45,27.2
1775697469.44,6288.56,10095.44,38.4,1007,spotify,54.95,26.5,1118,python3,111.25,15.4,1226,node,54.23,4.7,1342,code,136.46,12.4,1449,code,82.23,14.4
1775697471.44,6288.67,10095.33,38.4,1006,chrome,232.75,3.8,1120,python3,75.52,15.4,1231,python3,30.64,7.7,1335,slack,192.17,18.0,1453,chrome,141.78,21.8
1775697473.44,6305.98,10078.02,38.5,1007,docker,177.93,24.9,1120,python3,322.98,24.6,1224,spotify,181.58,7.9,1343,firefox,185.44,17.9,1445,node,66.73,4.0
1775697475.44,6583.83,9800.17,40.2,1008,java,669.89,18.2,1113,docker,363.1,18.0,1230,slack,204.76,2.8,1343,python3,181.62,16.2,1444,java,88.31,11.1
1775697477.44,6603.14,9780.86,40.3,1006,firefox,491.79,22.2,1120,code,184.56,7.6,1225,code,87.48,26.3,1339,postgres,47.94,21.3,1444,spotify,88.38,15.6
1775697479.44,6609.68,9774.32,40.3,1005,java,321.7,4.6,1121,spotify,120.11,25.6,1228,spotify,108.08,8.3,1343,java,154.06,12.4,1452,docker,36.81,16.8
1775697481.44,6566.67,9817.33,40.1,1006,python3,691.25,19.8,1114,docker,318.67,28.5,1223,node,143.75,23.6,1341,spotify,143.2,21.2,1446,java,154.69,0.2
1775697483.44,6572.82,9811.18,40.1,1009,java,116.11,7.9,1116,code,253.39,21.7,1228,spotify,180.71,8.6,1342,chrome,189.82,24.6,1454,docker,75.85,6.1
1775697485.44,6559.46,9824.54,40.0,1009,slack,436.86,7.0,1113,chrome,159.9,19.7,1224,code,265.87,23.4,1338,java,88.52,6.0,1444,code,147.88,16.5
1775697487.44,6538.49,9845.51,39.9,1009,firefox,310.61,24.5,1114,spotify,386.15,13.6,1228,spotify,17.83,5.3,1341,code,117.24,15.1,1449,code,130.44,28.7
1775697489.44,6559.66,9824.34,40.0,1006,spotify,412.72,7.3,1116,docker,280.6,26.9,1222,docker,45.73,2.0,1343,node,139.42,6.9,1449,java,153.32,15.5
1775697491.44,6974.85,9409.15,42.6,1003,postgres,119.76,20.2,1116,code,232.96,5.4,1227,firefox,71.31,17.2,1335,node,106.06,6.0,1447,postgres,41.02,6.1
1775697493.44,6976.51,9407.49,42.6,1001,docker,510.37,22.9,1119,chrome,343.0,11.1,1227,docker,241.2,26.4,1342,postgres,104.53,29.5,1452,postgres,69.68,22.5
1775697495.44,6998.96,9385.04,42.7,1006,docker,754.74,1.0,1116,java,347.65,23.3,1229,code,191.23,13.8,1333,chrome,138.89,11.4,1445,firefox,64.24,25.9
1775697497.44,7005.1,9378.9,42.8,1005,firefox,187.94,12.7,1117,firefox,161.9,12.0,1229,python3,159.52,29.4,1343,node,165.16,21.6,1447,slack,74.83,11.4
1775697499.44,7017.56,9366.44,42.8,1002,docker,654.25,5.3,1118,python3,398.34,25.5,1230,slack,196.81,23.6,1337,postgres,117.9,17.0,1450,code,113.58,1.8
1775697501.44,7025.87,9358.13,42.9,1005,postgres,320.72,16.8,1115,firefox,32.44,3.6,1232,spotify,66.41,17.3,1343,slack,45.23,23.4,1449,firefox,110.98,14.6
1775697503.44,7011.81,9372.19,42.8,1006,spotify,264.89,19.0,1113,python3,265.22,27.9,1228,spotify,159.58,25.5,1334,code,42.87,6.8,1449,postgres,116.57,18.2
1775697505.44,6988.63,9395.37,42.7,1009,slack,774.14,12.4,1113,chrome,71.89,7.0,1226,code,69.31,11.9,1334,code,188.15,14.2,1444,chrome,125.64,15.7
1775697507.44,7009.45,9374.55,42.8,1009,python3,113.23,27.9,1117,postgres,111.01,22.1,1229,python3,49.49,25.2,1333,chrome,136.92,25.8,1449,docker,80.08,26.1
1775697509.44,7028.47,9355.53,42.9,1008,python3,493.12,13.7,1121,spotify,188.12,19.2,1230,postgres,243.9,14.4,1336,code,95.35,11.0,1448,python3,55.54,0.0
1775697511.44,7022.63,9361.37,42.9,1005,postgres,401.9,0.2,1118,docker,137.35,23.0,1226,spotify,74.47,0.2,1338,node,89.7,16.8,1450,node,34.49,22.1
1775697513.44,7013.06,9370.94,42.8,1003,slack,623.4,27.3,1121,postgres,131.75,22.3,1226,java,63.67,2.1,1335,postgres,33.19,13.7,1451,postgres,115.07,14.8
1775697515.44,7024.09,9359.91,42.9,1008,chrome,189.45,3.1,1115,python3,293.2,21.8,1225,code,54.34,14.8,1338,java,70.92,24.0,1449,docker,114.54,1.0
1775697517.44,7047.68,9336.32,43.0,1006,code,457.39,5.4,1115,java,335.59,3.7,1225,java,209.47,13.3,1333,node,98.91,23.1,1452,node,80.92,20.4
1775697519.44,7061.46,9322.54,43.1,1010,chrome,608.54,16.5,1112,postgres,205.46,9.0,1227,chrome,232.58,6.5,1334,node,131.17,9.7,1446,postgres,97.7,11.9
1775697521.44,7064.88,9319.12,43.1,1009,python3,328.55,2.7,1113,docker,59.28,18.6,1232,chrome,31.61,19.3,1341,code,36.09,7.0,1452,firefox,130.83,13.2
1775697523.44,7106.07,9277.93,43.4,1005,python3,238.02,1.2,1118,slack,135.52,20.9,1225,spotify,63.32,10.4,1340,postgres,175.19,18.0,1452,python3,20.33,4.7
1775697525.44,6932.08,9451.92,42.3,1006,python3,712.2,18.6,1116,spotify,114.54,21.6,1232,slack,221.43,5.7,1343,docker,156.08,4.6,1448,firefox,71.47,9.7
1775697527.44,6945.06,9438.94,42.4,1000,python3,183.98,0.9,1112,docker,96.86,1.0,1232,java,181.15,15.8,1342,postgres,21.7,6.6,1445,chrome,149.53,6.3
1775697529.44,6915.34,9468.66,42.2,1000,firefox,468.51,28.1,1117,firefox,322.84,1.7,1231,postgres,148.92,22.0,1337,code,189.61,28.8,1445,code,118.78,15.9
1775697531.44,6918.78,9465.22,42.2,1003,spotify,518.99,5.4,1119,java,304.79,23.0,1231,firefox,185.29,21.1,1339,code,43.78,5.4,1450,slack,60.63,4.7
1775697533.44,6936.76,9447.24,42.3,1005,firefox,359.26,19.0,1116,spotify,115.27,16.4,1228,slack,248.2,7.6,1340,docker,192.47,0.0,1444,postgres,99.36,15.5
1775697535.44,6938.36,9445.64,42.3,1004,node,211.12,9.4,1115,slack,216.73,17.1,1231,python3,40.24,13.8,1335,python3,62.19,26.7,1447,node,48.44,9.0
1775697537.44,6922.53,9461.47,42.3,1005,docker,179.68,24.8,1120,code,248.21,9.0,1231,java,36.29,1.7,1338,firefox,177.46,13.0,1445,node,122.15,25.5
1775697539.44,6915.96,9468.04,42.2,1010,java,90.6,15.7,1116,slack,236.84,9.8,1225,python3,29.3,21.9,1339,docker,153.66,17.3,1445,node,74.79,23.6
1775697541.44,6925.85,9458.15,42.3,1008,java,246.92,12.0,1117,python3,310.76,14.4,1225,docker,115.5,17.1,1341,spotify,199.45,15.7,1447,code,49.94,12.9
1775697543.44,6938.52,9445.48,42.3,1001,java,367.66,10.4,1116,firefox,247.7,0.7,1226,python3,263.58,18.5,1340,spotify,39.84,1.3,1447,node,112.8,4.7
1775697545.44,6939.45,9444.55,42.4,1009,python3,701.56,24.6,1111,firefox,285.17,3.3,1229,docker,22.35,6.3,1341,node,50.71,15.7,1448,slack,82.45,21.9
1775697547.44,6934.94,9449.06,42.3,1000,java,487.25,19.9,1111,postgres,88.87,8.5,1231,postgres,29.94,19.6,1333,code,85.37,8.1,1454,firefox,139.64,0.6
1775697549.44,6951.35,9432.65,42.4,1001,firefox,413.5,17.9,1112,python3,99.58,29.0,1230,chrome,26.6,27.7,1337,firefox,104.36,22.3,1444,firefox,112.65,10.7
1775697551.44,6937.08,9446.92,42.3,1008,postgres,658.92,18.8,1117,chrome,379.05,28.5,1225,python3,102.11,11.8,1335,code,149.35,15.6,1454,spotify,140.91,20.6
1775697553.44,6921.91,9462.09,42.2,1009,firefox,386.88,4.0,1121,python3,242.89,20.5,1225,python3,93.92,21.2,1341,python3,93.14,27.3,1446,spotify,147.57,9.5
1775697555.44,6933.43,9450.57,42.3,1001,python3,288.2,26.4,1111,firefox,355.05,12.4,1228,postgres,127.42,28.0,1343,postgres,40.99,5.6,1446,python3,13.93,29.6
1775697557.44,6920.07,9463.93,42.2,1003,chrome,319.45,20.6,1118,python3,213.37,18.1,1232,firefox,62.66,11.6,1340,python3,43.21,6.8,1450,chrome,148.82,28.5
1775697559.44,6908.18,9475.82,42.2,1003,node,99.6,27.8,1118,spotify,208.73,9.7,1229,node,123.56,23.3,1342,java,147.54,11.8,1453,spotify,90.42,19.2
1775697561.44,6908.82,9475.18,42.2,1000,node,439.03,11.9,1111,slack,170.27,23.0,1222,node,89.46,11.9,1337,postgres,99.0,12.7,1453,chrome,113.49,27.1
1775697563.44,6906.63,9477.37,42.2,1001,slack,134.88,23.4,1119,python3,172.4,9.7,1222,python3,130.09,26.9,1336,docker,29.41,9.7,1454,python3,117.76,3.7
1775697565.44,6920.83,9463.17,42.2,1006,slack,509.05,4.8,1119,java,41.46,5.1,1227,spotify,234.49,25.9,1335,python3,46.04,21.4,1450,postgres,56.43,23.1
1775697567.44,6933.45,9450.55,42.3,1001,python3,770.33,0.1,1115,chrome,196.99,25.7,1230,chrome,168.66,14.8,1336,spotify,136.15,13.6,1451,code,100.18,0.2
1775697569.44,6944.25,9439.75,42.4,1003,chrome,188.63,1.7,1116,chrome,79.52,1.0,1231,spotify,91.28,27.6,1333,code,90.68,5.3,1454,postgres,101.66,20.7
1775697571.44,6937.95,9446.05,42.3,1002,docker,612.0,10.8,1111,code,313.19,9.7,1228,code,206.28,25.3,1334,postgres,100.78,3.7,1448,firefox,89.06,15.7
1775697573.44,6932.92,9451.08,42.3,1010,slack,790.39,14.5,1120,postgres,185.15,25.4,1226,slack,160.45,18.7,1335,spotify,117.99,15.6,1454,docker,83.88,5.4
1775697575.44,6915.34,9468.66,42.2,1003,chrome,138.66,13.9,1112,node,324.84,30.0,1228,chrome,100.11,16.8,1343,node,14.62,6.0,1448,postgres,128.53,9.2
1775697577.44,7278.3,9105.7,44.4,1005,java,593.3,18.5,1111,python3,97.76,25.0,1232,docker,245.71,23.9,1343,python3,102.78,18.8,1452,firefox,79.37,24.4
1775697579.44,7279.62,9104.38,44.4,1008,postgres,473.71,20.3,1119,slack,32.02,17.3,1227,firefox,33.22,4.5,1333,firefox,196.93,18.8,1446,spotify,100.85,5.6
1775697581.44,7300.96,9083.04,44.6,1000,postgres,360.4,14.9,1114,firefox,194.46,28.5,1225,slack,92.25,3.4,1333,node,183.75,13.3,1444,docker,145.74,4.6
1775697583.44,7320.41,9063.59,44.7,1008,postgres,631.65,4.3,1112,slack,278.77,4.0,1222,docker,113.56,25.9,1334,chrome,70.81,1.3,1453,code,59.99,26.7
1775697585.44,7342.71,9041.29,44.8,1004,node,290.66,5.8,1115,slack,144.68,13.2,1223,postgres,54.0,8.2,1333,spotify,117.43,3.1,1452,firefox,92.4,8.1
1775697587.44,7360.05,9023.95,44.9,1009,node,178.46,9.3,1116,slack,191.37,3.9,1229,chrome,43.15,1.6,1339,java,46.06,17.9,1453,docker,102.45,9.4
1775697589.44,7371.71,9012.29,45.0,1007,spotify,148.85,24.4,1118,code,195.84,20.5,1229,docker,74.59,6.7,1342,postgres,183.66,11.8,1454,firefox,128.32,26.5
1775697591.44,7352.03,9031.97,44.9,1007,code,313.58,13.8,1113,postgres,312.98,18.1,1224,slack,42.4,24.5,1334,firefox,116.78,2.1,1448,slack,79.15,17.7
1775697593.44,7354.76,9029.24,44.9,1001,firefox,206.18,20.8,1117,java,237.7,10.3,1225,python3,182.32,2.3,1342,docker,33.94,17.9,1449,slack,24.65,13.4
1775697595.44,7367.87,9016.13,45.0,1009,code,564.13,17.9,1117,firefox,210.36,19.8,1223,node,220.93,26.6,1343,chrome,154.45,19.8,1451,slack,53.73,18.5
1775697597.44,7360.19,9023.81,44.9,1010,postgres,738.88,28.1,1116,code,243.52,18.3,1230,java,228.58,25.6,1333,firefox,181.45,29.0,1444,slack,133.11,10.8
1775697599.44,7365.45,9018.55,45.0,1003,java,576.67,11.8,1116,java,177.26,13.1,1225,python3,135.38,5.6,1339,firefox,169.99,4.6,1454,python3,30.14,2.2
1775697601.44,7391.26,8992.74,45.1,1002,code,152.92,24.2,1118,spotify,373.87,18.7,1229,slack,122.7,24.6,1339,firefox,54.83,12.7,1444,spotify,84.72,21.9
1775697603.44,7395.57,8988.43,45.1,1008,spotify,325.23,29.3,1120,docker,289.33,3.4,1229,code,52.19,21.9,1337,docker,109.43,15.7,1453,code,46.78,18.9
1775697605.44,7386.03,8997.97,45.1,1009,postgres,509.78,27.1,1119,chrome,200.83,15.4,1229,spotify,200.12,12.6,1337,postgres,43.91,20.9,1453,postgres,119.05,16.9
1775697607.44,7368.89,9015.11,45.0,1002,spotify,88.71,29.7,1120,chrome,132.56,2.5,1230,code,229.53,8.3,1335,spotify,65.18,25.7,1444,code,100.57,27.3
1775697609.44,7369.34,9014.66,45.0,1003,docker,185.61,15.8,1111,firefox,394.03,29.0,1231,python3,226.07,22.6,1339,java,57.12,13.2,1454,python3,41.63,22.0
1775697611.44,7349.36,9034.64,44.9,1001,chrome,175.7,12.0,1115,docker,304.81,22.6,1230,node,111.62,21.2,1340,postgres,39.72,26.1,1444,postgres,149.08,13.5
1775697613.44,7334.7,9049.3,44.8,1008,firefox,767.14,13.0,1121,postgres,150.61,8.0,1223,postgres,180.25,11.7,1343,node,150.18,17.7,1447,slack,60.61,20.7
1775697615.44,7302.16,9081.84,44.6,1010,chrome,673.77,0.4,1112,slack,63.97,13.4,1225,postgres,79.64,1.0,1342,code,23.17,17.8,1447,spotify,105.71,21.2
1775697617.44,7325.7,9058.3,44.7,1010,spotify,652.4,5.5,1112,python3,120.0,14.0,1223,docker,247.34,8.3,1339,firefox,60.75,23.4,1448,chrome,67.42,10.0
1775697619.44,7347.92,9036.08,44.8,1004,python3,380.43,14.8,1114,spotify,172.24,19.4,1223,python3,151.82,12.9,1342,code,183.61,21.5,1445,chrome,20.94,17.1
1775697621.44,7349.86,9034.14,44.9,1010,chrome,749.67,19.9,1115,python3,287.52,27.1,1231,chrome,145.51,28.2,1340,docker,94.26,25.3,1445,slack,43.88,11.5
1775697623.44,7368.17,9015.83,45.0,1001,spotify,451.48,29.7,1116,postgres,175.23,19.0,1232,code,108.01,25.6,1338,code,170.22,22.8,1448,node,36.49,1.2
1775697625.44,7362.89,9021.11,44.9,1010,firefox,414.88,26.6,1118,node,77.48,5.8,1231,node,138.97,1.9,1341,postgres,106.19,28.9,1451,chrome,15.56,1.7
1775697627.44,7371.41,9012.59,45.0,1001,node,655.33,20.0,1118,slack,80.86,17.4,1223,chrome,200.53,14.7,1333,docker,182.6,18.6,1447,python3,12.15,19.0
1775697629.44,7396.4,8987.6,45.1,1009,code,663.35,3.2,1118,spotify,324.69,6.6,1225,java,101.0,25.1,1343,java,73.29,29.3,1453,slack,30.6,25.1
1775697631.44,7382.74,9001.26,45.1,1009,python3,301.63,3.6,1113,java,88.02,11.1,1224,docker,77.58,17.5,1335,code,160.82,19.0,1450,python3,12.34,14.6
1775697633.44,7394.2,8989.8,45.1,1004,java,570.13,23.8,1118,python3,102.31,19.2,1230,docker,119.67,28.1,1342,chrome,124.3,21.5,1453,code,104.08,23.5
1775697635.44,7143.74,9240.26,43.6,1001,slack,782.59,18.6,1119,slack,107.23,23.1,1232,node,85.77,5.8,1335,docker,105.78,4.8,1444,chrome,106.73,8.6
1775697637.44,7133.38,9250.62,43.5,1000,code,605.31,27.7,1113,python3,319.56,14.6,1223,code,240.44,21.6,1342,spotify,73.62,6.0,1454,firefox,44.51,3.3
1775697639.44,7140.83,9243.17,43.6,1006,node,331.65,6.6,1118,spotify,206.65,26.7,1224,node,248.64,13.6,1339,firefox,38.08,21.6,1454,firefox,156.33,6.1
1775697641.44,7158.93,9225.07,43.7,1007,docker,363.67,22.8,1114,postgres,251.36,23.7,1232,spotify,243.06,17.3,1341,node,28.71,25.7,1451,node,98.74,25.1
1775697643.44,7177.5,9206.5,43.8,1003,node,295.47,17.4,1120,python3,367.66,26.9,1228,chrome,26.68,14.1,1341,chrome,92.32,11.8,1445,docker,84.29,2.5
1775697645.44,7180.01,9203.99,43.8,1005,postgres,229.3,30.0,1111,docker,275.89,4.9,1229,spotify,203.49,0.7,1340,docker,157.22,26.2,1450,python3,128.48,11.1
1775697647.44,7159.02,9224.98,43.7,1010,code,338.66,20.7,1119,chrome,136.22,22.6,1231,slack,160.47,6.2,1343,code,128.84,10.1,1444,slack,151.8,20.2
1775697649.44,7166.64,9217.36,43.7,1005,firefox,181.45,16.8,1112,slack,291.0,6.1,1227,node,151.58,19.5,1342,node,153.72,22.8,1449,firefox,144.69,15.1
1775697651.44,7164.01,9219.99,43.7,1005,firefox,389.31,15.0,1112,docker,291.18,20.3,1230,postgres,129.66,11.0,1343,code,47.82,26.5,1445,code,68.6,5.4
1775697653.44,7171.89,9212.11,43.8,1002,docker,162.87,6.1,1121,chrome,134.94,29.1,1230,python3,135.14,12.6,1343,chrome,67.16,1.9,1447,slack,106.7,12.4
1775697655.44,7172.42,9211.58,43.8,1005,docker,495.02,20.9,1119,docker,196.75,17.0,1226,python3,213.98,6.8,1338,postgres,156.83,1.4,1449,postgres,78.39,5.0
1775697657.44,7195.54,9188.46,43.9,1010,python3,170.94,3.5,1116,spotify,72.43,7.8,1224,node,157.29,1.0,1338,firefox,40.24,13.5,1446,slack,55.23,27.6
1775697659.44,7186.78,9197.22,43.9,1002,docker,745.86,4.7,1119,slack,149.23,21.2,1229,postgres,259.07,22.6,1342,python3,162.42,21.9,1451,firefox,113.37,21.9
1775697661.44,7195.53,9188.47,43.9,1006,spotify,680.66,13.4,1112,firefox,45.64,19.2,1231,slack,72.2,28.1,1337,node,16.73,16.2,1451,code,156.38,11.8
1775697663.44,7192.82,9191.18,43.9,1008,chrome,731.34,10.8,1113,java,163.61,11.2,1226,firefox,104.51,29.3,1341,code,52.94,26.6,1450,docker,53.3,24.2
1775697665.44,7210.41,9173.59,44.0,1009,spotify,114.56,6.2,1118,slack,394.99,2.0,1231,java,38.78,12.3,1337,java,45.29,13.9,1453,python3,39.89,25.0
1775697667.44,7209.6,9174.4,44.0,1004,spotify,277.94,16.8,1118,node,35.07,0.1,1226,postgres,255.67,25.0,1340,code,135.09,26.8,1450,python3,83.78,20.6
1775697669.44,7211.97,9172.03,44.0,1001,spotify,609.17,17.4,1120,java,350.63,18.8,1229,code,109.97,22.0,1333,postgres,43.03,1.8,1449,docker,141.75,4.1
1775697671.44,7221.66,9162.34,44.1,1006,firefox,86.54,8.7,1121,code,217.7,23.0,1224,code,166.36,5.0,1338,firefox,167.53,20.5,1448,postgres,112.82,20.7
1775697673.44,7240.07,9143.93,44.2,1008,postgres,329.76,14.5,1116,python3,63.41,4.6,1225,node,215.44,16.8,1341,slack,146.1,21.1,1445,java,79.07,2.3
1775697675.44,7253.4,9130.6,44.3,1007,firefox,283.68,10.9,1118,spotify,221.17,29.1,1224,postgres,23.86,24.4,1336,python3,173.15,4.3,1447,postgres,28.8,3.9
1775697677.44,7275.77,9108.23,44.4,1007,java,81.89,3.2,1121,slack,247.44,14.1,1226,chrome,33.23,20.0,1334,code,185.02,6.2,1447,python3,110.59,0.9
1775697679.44,7288.81,9095.19,44.5,1004,spotify,310.88,4.8,1119,spotify,115.68,17.1,1223,spotify,207.48,15.9,1336,postgres,44.71,22.6,1444,code,148.63,27.6
1775697681.44,7301.07,9082.93,44.6,1010,code,185.64,10.6,1117,java,105.35,6.8,1223,firefox,47.57,3.3,1335,docker,155.43,21.1,1452,chrome,22.34,14.8
1775697683.44,7289.54,9094.46,44.5,1004,docker,219.41,12.2,1117,node,346.29,26.8,1229,firefox,61.49,30.0,1340,code,86.82,15.7,1454,code,27.88,11.8
1775697685.44,7277.7,9106.3,44.4,1002,code,322.78,6.0,1114,spotify,341.51,12.1,1225,java,197.97,8.4,1342,spotify,63.68,23.7,1454,java,63.41,20.0
1775697687.44,7240.96,9143.04,44.2,1008,postgres,160.53,13.6,1112,postgres,208.5,6.9,1224,chrome,41.57,1.6,1334,docker,139.65,29.2,1450,spotify,111.88,4.6
1775697689.44,7238.26,9145.74,44.2,1007,docker,201.45,19.9,1118,slack,123.12,10.3,1230,slack,21.08,22.9,1339,code,84.43,9.4,1450,docker,78.95,1.0
1775697691.44,7235.75,9148.25,44.2,1004,python3,418.61,4.0,1117,docker,311.5,17.1,1229,slack,188.01,17.2,1340,slack,172.69,15.2,1450,postgres,84.2,29.1
1775697693.44,7227.54,9156.46,44.1,1000,spotify,83.84,25.1,1116,spotify,35.09,26.7,1227,java,41.0,10.4,1338,java,78.36,19.8,1447,node,107.21,17.8
1775697695.44,7220.34,9163.66,44.1,1004,code,303.2,0.6,1116,chrome,197.84,25.9,1231,slack,242.02,8.0,1340,spotify,16.67,9.5,1453,java,58.36,2.9
1775697697.44,7199.6,9184.4,43.9,1010,firefox,174.97,9.0,1117,node,211.36,25.4,1223,slack,70.19,8.0,1337,spotify,87.88,6.8,1445,spotify,24.21,10.1
1775697699.44,7203.47,9180.53,44.0,1007,java,207.3,23.9,1121,postgres,214.24,9.0,1232,slack,95.0,12.4,1337,spotify,109.13,20.1,1452,python3,142.13,18.8
1775697701.44,7196.07,9187.93,43.9,1007,postgres,752.87,16.0,1120,java,375.49,21.8,1222,slack,66.83,13.9,1336,python3,152.46,23.0,1450,java,57.8,24.9
1775697703.44,7197.28,9186.72,43.9,1006,postgres,667.78,19.4,1115,spotify,113.55,7.2,1224,node,23.59,23.9,1337,docker,103.51,29.7,1450,chrome,40.3,8.2
1775697705.44,7225.53,9158.47,44.1,1010,chrome,772.84,14.6,1111,chrome,347.34,2.5,1231,postgres,233.46,27.0,1339,firefox,138.44,26.6,1450,python3,45.41,17.1
1775697707.44,7232.55,9151.45,44.1,1010,spotify,762.26,27.9,1115,docker,356.71,7.1,1223,firefox,98.99,17.5,1339,node,187.91,6.5,1445,python3,42.12,8.2
1775697709.44,7209.68,9174.32,44.0,1001,firefox,459.31,14.2,1114,postgres,354.79,28.1,1227,docker,195.58,24.6,1333,spotify,19.03,22.2,1444,node,47.95,11.5
1775697711.44,7228.17,9155.83,44.1,1010,code,451.18,7.1,1118,java,27.95,28.8,1226,postgres,39.23,24.7,1336,postgres,51.95,26.7,1451,firefox,141.92,23.0
1775697713.44,7227.11,9156.89,44.1,1007,docker,602.71,27.8,1116,java,353.79,24.6,1224,postgres,143.25,10.6,1342,slack,150.83,13.6,1444,chrome,106.21,5.5
1775697715.44,7231.51,9152.49,44.1,1000,java,200.06,9.2,1120,code,66.56,7.5,1232,python3,228.41,20.6,1338,docker,102.19,22.1,1448,python3,113.12,24.8
1775697717.44,7236.8,9147.2,44.2,1006,spotify,218.37,28.4,1119,spotify,259.99,27.2,1229,node,82.11,25.6,1333,java,128.38,18.0,1446,code,153.7,5.1
1775697719.44,7229.52,9154.48,44.1,1008,java,630.02,27.8,1121,docker,69.44,21.4,1225,postgres,88.66,14.8,1335,java,173.06,18.0,1448,node,72.75,12.3
1775697721.44,7239.3,9144.7,44.2,1003,firefox,487.18,19.4,1112,chrome,200.83,26.1,1228,node,195.0,21.3,1342,postgres,26.2,16.7,1444,firefox,149.66,14.1
1775697723.44,7251.4,9132.6,44.3,1010,spotify,582.17,24.3,1111,postgres,214.2,11.4,1228,firefox,49.73,26.8,1333,spotify,46.13,5.1,1451,firefox,141.68,4.0
1775697725.44,7246.07,9137.93,44.2,1000,python3,424.41,29.2,1115,firefox,372.34,8.5,1226,spotify,224.06,27.8,1341,firefox,94.21,4.9,1451,python3,93.35,27.7
1775697727.44,7265.13,9118.87,44.3,1003,python3,90.93,5.5,1118,postgres,86.33,14.0,1223,docker,26.86,10.7,1341,docker,98.33,3.4,1446,code,62.44,6.1
1775697729.44,7261.32,9122.68,44.3,1009,spotify,209.3,29.9,1111,slack,312.57,5.4,1223,node,208.73,20.3,1338,chrome,65.8,29.4,1445,java,66.03,27.9
1775697731.44,7291.39,9092.61,44.5,1000,code,395.17,21.2,1118,docker,260.63,8.1,1232,chrome,99.02,1.3,1342,docker,73.42,21.9,1453,python3,41.71,1.5
1775697733.44,7285.43,9098.57,44.5,1009,java,119.41,7.7,1114,java,58.45,25.6,1224,java,211.54,8.5,1343,python3,35.11,14.7,1450,postgres,145.56,18.1
1775697735.44,7277.29,9106.71,44.4,1005,slack,199.9,13.4,1117,docker,125.68,18.0,1223,java,219.42,18.4,1339,java,29.93,15.4,1451,node,107.14,21.4
1775697737.44,7296.2,9087.8,44.5,1007,java,109.39,24.0,1115,python3,394.07,20.5,1226,node,147.44,8.9,1333,slack,26.85,1.4,1445,slack,73.74,2.8
1775697739.44,7290.71,9093.29,44.5,1004,firefox,241.15,2.5,1119,chrome,67.73,19.8,1224,python3,227.39,1.4,1339,postgres,71.36,21.7,1454,docker,103.57,8.0
1775697741.44,7322.7,9061.3,44.7,1009,postgres,703.71,3.2,1119,chrome,27.19,3.5,1224,docker,131.71,12.2,1343,spotify,148.61,9.1,1453,firefox,113.6,28.9
1775697743.44,7318.67,9065.33,44.7,1001,python3,151.34,5.7,1111,node,347.13,6.3,1232,python3,179.1,13.1,1343,slack,48.3,9.0,1451,python3,81.1,0.7
1775697745.44,7325.28,9058.72,44.7,1007,chrome,694.85,17.6,1114,postgres,238.54,25.0,1222,firefox,18.64,18.9,1339,java,171.62,22.1,1453,slack,159.85,1.1
1775697747.44,7335.02,9048.98,44.8,1009,docker,223.93,1.8,1111,java,241.15,16.6,1226,java,238.95,3.5,1342,firefox,96.56,13.1,1446,postgres,118.93,14.1
1775697749.44,7320.78,9063.22,44.7,1009,docker,148.37,8.8,1117,java,337.41,20.2,1227,docker,216.61,25.3,1342,node,65.46,22.5,1454,docker,29.36,6.0
1775697751.44,7329.84,9054.16,44.7,1006,docker,277.74,6.3,1111,chrome,159.55,7.8,1232,python3,60.35,25.8,1341,chrome,163.78,10.1,1445,spotify,44.0,16.9
1775697753.44,7284.58,9099.42,44.5,1008,postgres,722.24,25.6,1119,spotify,276.06,21.2,1229,docker,257.33,22.7,1334,spotify,126.81,25.8,1445,slack,16.3,3.2
1775697755.44,7290.96,9093.04,44.5,1005,python3,596.26,21.2,1119,docker,299.71,3.0,1232,firefox,100.32,4.1,1336,docker,194.31,23.1,1444,node,135.22,14.2
1775697757.44,7291.15,9092.85,44.5,1006,firefox,522.08,7.4,1119,java,320.21,4.1,1228,java,246.17,26.9,1341,firefox,189.45,13.3,1444,slack,151.55,2.5
1775697759.44,7302.4,9081.6,44.6,1002,java,96.1,22.8,1121,python3,363.44,1.7,1232,slack,259.83,12.6,1343,slack,176.29,21.6,1449,firefox,11.19,8.4
1775697761.44,7271.47,9112.53,44.4,1003,slack,518.27,18.5,1118,firefox,357.88,23.4,1228,node,236.91,2.5,1341,firefox,85.62,21.6,1446,slack,158.79,8.5
1775697763.44,7267.91,9116.09,44.4,1008,firefox,617.78,4.8,1111,slack,247.19,7.2,1226,java,263.41,3.3,1333,firefox,61.2,15.2,1445,chrome,123.48,28.2
1775697765.44,7487.27,8896.73,45.7,1003,spotify,474.2,26.8,1121,slack,341.69,7.0,1226,postgres,183.4,24.5,1342,python3,146.44,15.6,1447,code,59.18,17.5
1775697767.44,7495.77,8888.23,45.8,1001,python3,583.73,24.9,1112,code,48.32,26.7,1229,node,128.21,11.1,1341,java,122.79,15.6,1450,postgres,97.65,19.1
1775697769.44,7521.01,8862.99,45.9,1006,python3,158.26,3.8,1118,python3,388.01,15.4,1230,code,190.28,13.7,1333,python3,189.51,11.1,1445,spotify,137.85,3.3
1775697771.44,7522.83,8861.17,45.9,1008,python3,138.31,9.1,1116,postgres,135.24,0.8,1224,python3,212.61,12.7,1337,postgres,52.92,24.6,1451,chrome,28.35,10.5
1775697773.44,7535.86,8848.14,46.0,1005,java,406.42,21.6,1120,python3,310.73,15.1,1229,docker,183.47,4.5,1338,code,162.46,19.9,1450,java,44.92,11.9
1775697775.44,7526.85,8857.15,45.9,1007,postgres,534.44,26.0,1111,spotify,261.29,23.1,1226,slack,177.96,19.3,1334,node,191.59,16.3,1444,spotify,88.26,22.5
1775697777.44,7526.27,8857.73,45.9,1000,postgres,640.07,7.4,1120,docker,56.74,16.0,1227,java,163.89,14.7,1333,firefox,94.44,12.4,1452,firefox,67.3,2.7
1775697779.44,7528.55,8855.45,46.0,1004,python3,187.0,23.0,1113,postgres,382.06,20.4,1222,spotify,256.95,5.4,1333,postgres,85.61,9.6,1450,firefox,48.69,28.2
1775697781.44,7534.84,8849.16,46.0,1003,docker,431.47,15.1,1112,postgres,47.74,13.9,1228,code,137.71,12.2,1336,chrome,62.97,28.9,1454,code,46.95,16.6
1775697783.44,7534.29,8849.71,46.0,1006,docker,112.93,19.1,1114,python3,164.99,29.6,1225,slack,254.82,28.8,1341,docker,20.34,24.4,1453,postgres,107.96,5.0
1775697785.44,7568.11,8815.89,46.2,1010,java,799.43,25.3,1114,spotify,340.26,8.4,1224,slack,157.44,9.0,1339,code,168.22,21.8,1448,java,41.63,15.1
1775697787.44,7582.96,8801.04,46.3,1005,postgres,784.73,21.2,1115,node,273.35,9.6,1225,docker,256.41,9.9,1335,chrome,126.65,0.1,1444,python3,71.97,26.9
1775697789.44,7577.95,8806.05,46.3,1010,code,453.99,26.8,1121,docker,277.09,10.6,1228,spotify,106.16,5.3,1333,code,99.25,28.1,1451,chrome,43.23,0.6
1775697791.44,7555.96,8828.04,46.1,1005,node,117.47,18.4,1115,node,112.85,14.8,1227,chrome,86.86,27.1,1342,node,13.84,29.5,1454,java,26.64,8.3
1775697793.44,7549.14,8834.86,46.1,1010,spotify,473.86,2.0,1113,code,72.79,28.0,1225,slack,198.89,8.2,1343,chrome,198.49,20.8,1452,spotify,47.94,16.8
1775697795.44,7551.48,8832.52,46.1,1010,chrome,690.39,9.7,1117,postgres,70.64,15.5,1229,firefox,145.98,1.3,1336,chrome,64.61,12.6,1451,firefox,10.77,5.8
1775697797.44,7570.85,8813.15,46.2,1006,code,737.75,5.9,1116,postgres,48.57,18.8,1222,docker,124.65,0.7,1343,firefox,170.1,7.4,1451,node,153.82,25.0
1775697799.44,7582.82,8801.18,46.3,1003,code,631.81,18.6,1112,docker,242.1,2.6,1222,chrome,111.02,26.7,1334,python3,24.13,24.1,1444,postgres,101.61,13.0
1775697801.44,7589.27,8794.73,46.3,1006,code,512.98,12.3,1120,spotify,28.98,11.5,1228,spotify,171.47,10.2,1343,chrome,97.64,9.8,1447,code,25.4,17.9
1775697803.44,7594.67,8789.33,46.4,1003,spotify,144.49,15.3,1116,java,205.52,18.6,1224,node,51.08,1.3,1335,postgres,122.1,15.4,1454,firefox,56.68,26.6
1775697805.44,7598.39,8785.61,46.4,1005,chrome,438.26,19.7,1113,chrome,114.02,24.6,1230,chrome,122.18,5.9,1336,node,159.74,10.2,1454,docker,114.22,29.5
1775697807.44,7592.41,8791.59,46.3,1009,spotify,772.3,18.5,1117,firefox,85.85,13.6,1222,docker,71.52,0.1,1336,node,99.98,6.4,1451,firefox,131.09,11.3
1775697809.44,7676.01,8707.99,46.9,1005,chrome,466.02,4.3,1118,node,261.75,27.4,1227,chrome,260.49,6.0,1337,python3,53.55,7.9,1446,firefox,137.13,7.4
1775697811.44,7694.84,8689.16,47.0,1004,code,65.75,20.3,1117,code,151.89,6.3,1229,node,109.08,11.2,1335,slack,195.71,29.9,1450,code,27.77,26.5
1775697813.44,7703.84,8680.16,47.0,1005,spotify,372.16,19.1,1111,spotify,245.25,25.6,1226,python3,98.59,1.6,1337,python3,172.16,29.1,1451,node,119.09,23.5
1775697815.44,7713.35,8670.65,47.1,1002,slack,341.09,26.5,1119,firefox,211.97,13.9,1227,firefox,148.04,14.5,1340,docker,62.81,12.0,1453,chrome,41.08,26.8
1775697817.44,7705.27,8678.73,47.0,1006,spotify,167.91,25.3,1115,slack,56.78,22.5,1226,docker,146.37,6.9,1333,docker,108.55,10.1,1451,docker,74.88,11.0
1775697819.44,7710.91,8673.09,47.1,1000,python3,381.27,8.0,1112,firefox,363.05,8.8,1230,slack,153.33,2.3,1337,node,30.95,2.1,1444,slack,40.05,5.9
1775697821.44,7707.22,8676.78,47.0,1004,node,579.23,29.9,1119,postgres,28.2,9.0,1227,java,253.12,24.7,1343,chrome,101.0,15.4,1446,java,44.14,21.7
1775697823.44,7720.81,8663.19,47.1,1009,slack,618.22,21.7,1118,firefox,321.97,9.4,1225,java,209.2,20.9,1336,docker,96.87,16.8,1449,python3,96.63,3.9
1775697825.44,7725.17,8658.83,47.2,1005,node,364.36,20.6,1117,slack,137.36,17.6,1231,chrome,247.2,4.6,1338,spotify,130.59,18.1,1453,spotify,140.04,29.4
1775697827.44,7726.84,8657.16,47.2,1008,java,191.25,3.3,1120,docker,264.63,9.1,1224,code,185.39,5.3,1342,docker,17.53,6.0,1450,postgres,40.88,8.7
1775697829.44,7712.92,8671.08,47.1,1005,java,343.33,29.7,1113,slack,181.9,22.3,1228,node,49.15,6.2,1339,docker,42.27,17.3,1448,spotify,40.45,21.5
1775697831.44,7712.8,8671.2,47.1,1002,docker,97.98,12.0,1114,slack,148.33,17.1,1229,docker,132.34,1.2,1334,postgres,133.68,27.6,1449,postgres,68.66,24.7
1775697833.44,7724.33,8659.67,47.1,1006,docker,338.5,19.8,1120,code,172.58,28.4,1225,python3,85.11,18.8,1337,code,143.38,21.7,1447,docker,71.69,22.9
1775697835.44,7714.16,8669.84,47.1,1001,slack,624.9,9.8,1118,python3,119.79,15.2,1229,chrome,34.97,20.8,1340,java,76.94,12.0,1447,java,15.67,7.5
1775697837.44,7714.51,8669.49,47.1,1007,code,111.91,19.7,1118,python3,201.55,8.4,1224,python3,226.29,18.2,1335,postgres,35.78,22.2,1446,code,110.71,0.3
1775697839.44,7709.07,8674.93,47.1,1002,node,585.81,26.8,1119,node,190.77,1.4,1232,slack,176.92,21.5,1334,java,141.94,13.3,1453,chrome,17.3,11.3
1775697841.44,7714.88,8669.12,47.1,1000,java,70.96,0.4,1114,code,107.71,26.5,1232,python3,197.67,1.3,1341,code,165.43,9.7,1454,node,103.7,28.0
1775697843.44,7728.15,8655.85,47.2,1003,node,129.41,9.7,1111,java,270.25,0.4,1225,docker,71.69,19.7,1337,spotify,81.68,2.0,1447,java,55.23,18.0
1775697845.44,7737.48,8646.52,47.2,1009,python3,238.96,2.8,1116,java,279.21,29.2,1224,firefox,60.5,22.9,1338,docker,25.16,0.5,1453,docker,67.36,19.2
1775697847.44,7739.17,8644.83,47.2,1000,node,65.91,22.8,1112,postgres,113.65,12.9,1225,spotify,36.51,4.1,1340,postgres,50.38,11.3,1454,chrome,45.71,21.8
1775697849.44,7757.8,8626.2,47.3,1005,chrome,440.65,29.3,1121,postgres,306.46,6.9,1227,firefox,77.23,16.2,1343,node,162.77,20.9,1447,spotify,140.91,15.6
1775697851.44,7759.06,8624.94,47.4,1001,docker,102.49,5.8,1121,python3,376.85,3.8,1224,spotify,153.88,23.9,1336,node,107.64,12.8,1451,postgres,34.62,5.9
1775697853.44,7743.31,8640.69,47.3,1010,node,253.9,23.4,1112,firefox,174.34,5.0,1229,java,142.99,22.0,1335,docker,16.21,11.4,1445,postgres,99.28,4.6
1775697855.44,7755.15,8628.85,47.3,1007,postgres,390.2,11.3,1120,docker,51.98,4.1,1229,node,55.35,5.7,1333,slack,149.44,11.2,1450,java,151.04,29.1
1775697857.44,7745.42,8638.58,47.3,1006,chrome,794.35,3.7,1120,python3,97.84,13.1,1226,firefox,144.07,14.7,1338,chrome,134.54,27.8,1447,node,81.66,27.6
1775697859.44,7760.3,8623.7,47.4,1000,python3,246.0,13.7,1121,python3,120.36,18.1,1232,python3,19.75,23.1,1343,java,87.06,17.6,1445,slack,146.49,26.3
1775697861.44,7770.73,8613.27,47.4,1008,java,489.56,22.0,1112,code,263.57,23.3,1227,python3,83.92,6.3,1339,postgres,13.7,5.1,1451,chrome,24.53,23.2
1775697863.44,7786.83,8597.17,47.5,1004,java,177.98,11.2,1113,node,207.43,15.1,1223,docker,158.44,6.4,1336,chrome,153.11,24.3,1447,postgres,157.44,26.1
1775697865.44,7758.4,8625.6,47.4,1001,postgres,114.28,3.7,1112,firefox,36.12,7.0,1229,code,19.04,8.0,1333,spotify,160.48,1.3,1447,slack,128.77,11.3
1775697867.44,7772.9,8611.1,47.4,1004,docker,404.92,10.1,1117,firefox,164.04,26.7,1227,node,251.91,20.0,1339,spotify,23.23,10.7,1449,code,10.46,26.1
1775697869.44,7752.11,8631.89,47.3,1001,slack,259.6,21.0,1114,firefox,194.47,20.6,1229,slack,119.95,5.6,1343,firefox,15.62,10.8,1444,firefox,111.69,7.0
1775697871.44,7771.04,8612.96,47.4,1001,firefox,370.94,27.9,1118,code,300.35,8.8,1225,python3,234.13,26.3,1341,chrome,36.47,23.9,1448,slack,158.08,14.0
1775697873.44,7803.21,8580.79,47.6,1003,node,177.82,28.3,1112,code,188.09,21.5,1224,firefox,242.33,23.0,1336,postgres,137.36,28.5,1454,code,109.82,27.7
1775697875.44,7783.03,8600.97,47.5,1005,node,748.83,23.0,1120,code,266.49,11.3,1228,slack,258.23,13.1,1336,node,61.08,8.7,1445,code,61.04,17.8
1775697877.44,7799.04,8584.96,47.6,1005,java,482.69,0.1,1111,spotify,225.85,25.4,1228,firefox,209.49,23.9,1335,slack,136.95,17.7,1445,java,11.38,25.6
1775697879.44,7834.62,8549.38,47.8,1004,node,424.87,13.7,1120,postgres,79.7,20.0,1222,spotify,96.7,15.1,1334,postgres,199.41,21.2,1451,node,84.25,21.1
1775697881.44,7806.87,8577.13,47.6,1003,node,575.31,1.6,1113,docker,297.77,9.0,1232,python3,264.43,16.4,1338,java,139.61,29.7,1450,java,20.77,21.8
1775697883.44,7838.89,8545.11,47.8,1008,java,122.99,9.7,1120,chrome,343.68,21.3,1229,python3,160.96,13.3,1340,postgres,180.73,6.3,1447,chrome,64.33,25.7
1775697885.44,7862.45,8521.55,48.0,1006,python3,744.49,2.9,1118,python3,379.4,3.5,1230,firefox,165.01,29.1,1343,java,58.44,3.6,1450,docker,55.4,17.9
1775697887.44,7880.64,8503.36,48.1,1010,code,633.3,25.9,1121,java,128.21,19.6,1227,chrome,46.67,2.5,1340,slack,54.68,17.6,1453,docker,51.06,22.4
1775697889.44,7885.71,8498.29,48.1,1006,postgres,478.57,3.0,1112,slack,94.33,24.4,1222,java,155.68,16.1,1341,docker,24.49,25.1,1452,code,123.03,6.2
1775697891.44,7879.06,8504.94,48.1,1009,python3,53.99,13.4,1116,code,39.68,17.3,1232,python3,38.62,7.7,1333,code,196.24,15.2,1449,slack,35.74,29.3
1775697893.44,7875.34,8508.66,48.1,1004,slack,383.69,17.3,1116,slack,366.54,29.9,1231,slack,144.31,20.6,1343,chrome,56.96,5.6,1448,node,153.61,18.1
1775697895.44,7868.31,8515.69,48.0,1002,spotify,366.51,16.5,1115,java,268.66,4.9,1229,code,252.85,20.3,1335,slack,50.71,18.9,1448,node,117.17,16.9
1775697897.44,7860.02,8523.98,48.0,1005,java,334.21,28.9,1114,code,126.3,15.9,1232,slack,118.36,9.9,1334,firefox,182.98,23.3,1446,node,51.05,2.9
1775697899.44,7848.12,8535.88,47.9,1001,code,181.8,21.8,1115,spotify,333.0,14.7,1230,firefox,191.78,26.0,1341,postgres,126.4,26.9,1446,firefox,151.98,11.7
1775697901.44,7836.7,8547.3,47.8,1009,java,407.65,3.8,1111,slack,292.46,19.7,1224,java,158.56,8.0,1343,firefox,145.16,7.5,1453,java,116.02,5.5
1775697903.44,7859.56,8524.44,48.0,1008,postgres,256.87,12.8,1114,postgres,263.36,2.6,1226,java,209.31,25.4,1343,code,26.88,7.2,1445,python3,96.3,2.5
1775697905.44,7854.31,8529.69,47.9,1006,slack,749.33,4.1,1118,slack,281.92,20.3,1230,code,118.03,18.5,1333,java,144.24,22.5,1447,slack,112.61,1.3
1775697907.44,7890.47,8493.53,48.2,1008,node,181.11,11.0,1113,slack,157.48,1.5,1229,java,59.29,29.1,1338,node,168.45,25.5,1445,postgres,54.88,8.8
1775697909.44,7898.59,8485.41,48.2,1004,slack,669.3,1.1,1118,spotify,343.13,1.7,1222,spotify,131.76,9.0,1334,chrome,78.07,21.7,1450,firefox,11.33,12.9
1775697911.44,7924.96,8459.04,48.4,1002,java,142.88,14.6,1113,postgres,109.79,11.9,1226,firefox,123.75,5.5,1337,code,198.01,19.7,1451,python3,30.98,22.4
1775697913.44,7958.53,8425.47,48.6,1004,chrome,150.26,12.6,1116,chrome,85.12,6.0,1229,postgres,46.36,14.7,1340,python3,73.42,22.9,1450,slack,118.9,22.3
1775697915.44,7962.14,8421.86,48.6,1001,chrome,144.59,10.3,1111,node,44.51,24.9,1228,spotify,201.02,13.0,1337,postgres,103.61,22.8,1447,spotify,32.87,15.3
1775697917.44,7964.71,8419.29,48.6,1003,java,198.81,21.2,1112,slack,254.16,5.7,1231,python3,74.01,4.0,1333,postgres,198.2,27.9,1450,chrome,102.47,2.7
1775697919.44,7992.78,8391.22,48.8,1004,node,216.33,12.8,1111,slack,185.15,1.5,1223,postgres,107.56,28.3,1339,node,72.47,1.4,1444,chrome,17.82,22.3
1775697921.44,7999.28,8384.72,48.8,1002,postgres,761.25,10.9,1115,code,61.33,0.4,1230,python3,99.47,22.2,1338,spotify,111.66,11.1,1454,postgres,41.5,11.5
1775697923.44,8018.23,8365.77,48.9,1009,code,80.78,29.0,1121,node,97.35,13.4,1223,code,252.12,18.6,1337,docker,198.06,6.1,1446,chrome,29.17,12.5
1775697925.44,8013.16,8370.84,48.9,1008,firefox,721.18,13.5,1112,java,50.39,12.6,1230,chrome,58.4,8.2,1335,postgres,21.02,17.0,1447,java,84.25,16.0
1775697927.44,7984.95,8399.05,48.7,1007,slack,338.11,23.4,1117,spotify,126.81,5.5,1224,spotify,71.12,20.9,1341,docker,106.97,21.6,1448,postgres,137.87,8.9
1775697929.44,7986.55,8397.45,48.7,1004,chrome,529.71,28.3,1115,python3,126.41,23.7,1232,node,264.05,6.3,1334,chrome,134.12,19.0,1449,firefox,22.49,21.2
1775697931.44,7996.55,8387.45,48.8,1006,spotify,271.17,29.6,1121,chrome,333.97,6.6,1226,python3,80.66,0.5,1343,spotify,32.46,22.4,1450,postgres,140.5,19.0
1775697933.44,7972.8,8411.2,48.7,1009,java,166.73,7.0,1117,firefox,80.63,14.4,1229,python3,131.51,24.5,1335,node,119.31,28.3,1446,postgres,13.16,4.9
1775697935.44,7966.6,8417.4,48.6,1009,node,102.09,2.2,1114,docker,365.92,29.1,1223,slack,50.99,22.5,1333,spotify,31.2,11.5,1445,chrome,124.52,19.3
1775697937.44,7980.0,8404.0,48.7,1010,spotify,60.12,29.0,1112,slack,301.05,10.2,1223,node,51.47,22.8,1340,python3,70.13,14.4,1447,chrome,91.53,8.0
1775697939.44,7985.56,8398.44,48.7,1000,code,458.48,3.1,1117,python3,25.45,6.7,1225,java,113.01,10.6,1337,node,185.32,20.5,1454,code,83.77,29.7
1775697941.44,7994.04,8389.96,48.8,1005,code,320.37,27.7,1112,chrome,251.69,5.3,1230,firefox,166.57,20.4,1335,postgres,129.64,8.6,1445,postgres,147.44,19.9
1775697943.44,8033.61,8350.39,49.0,1001,chrome,696.29,29.3,1121,python3,145.1,11.7,1229,code,44.96,12.8,1337,python3,29.46,29.8,1446,java,62.89,14.8
1775697945.44,7996.09,8387.91,48.8,1002,node,337.39,16.5,1119,slack,209.73,16.1,1225,java,37.57,21.4,1341,spotify,158.11,24.3,1447,code,45.28,0.1
1775697947.44,8003.31,8380.69,48.8,1008,docker,768.21,27.6,1111,firefox,160.32,25.5,1224,postgres,131.76,25.1,1341,java,57.97,24.8,1444,python3,27.59,20.9
1775697949.44,8020.98,8363.02,49.0,1000,code,547.06,2.2,1120,python3,36.32,11.0,1223,node,35.93,17.1,1339,python3,156.02,14.1,1446,slack,114.78,9.0
1775697951.44,8042.56,8341.44,49.1,1010,chrome,265.08,4.7,1121,chrome,251.57,5.2,1224,chrome,115.76,12.7,1340,slack,145.89,7.7,1453,slack,55.91,6.8
1775697953.44,8055.91,8328.09,49.2,1002,node,350.3,1.7,1117,python3,333.44,29.3,1231,code,220.81,14.1,1338,java,167.61,4.9,1449,java,39.21,3.3
1775697955.44,8053.42,8330.58,49.2,1005,chrome,229.65,4.9,1112,code,104.47,0.3,1226,node,154.59,19.2,1333,node,62.97,29.3,1453,chrome,94.56,23.7
1775697957.44,7839.75,8544.25,47.9,1004,java,425.16,9.4,1117,firefox,390.19,21.1,1223,firefox,118.49,22.2,1334,slack,163.91,4.5,1453,java,81.54,26.1
1775697959.44,7845.93,8538.07,47.9,1010,docker,109.06,18.8,1114,node,327.8,19.6,1224,slack,145.74,21.9,1343,slack,186.92,10.2,1446,firefox,53.63,18.7
1775697961.44,7852.42,8531.58,47.9,1003,node,797.76,18.2,1113,spotify,260.42,14.9,1222,python3,208.25,9.3,1334,docker,30.15,9.4,1448,python3,20.22,17.3
1775697963.44,7853.34,8530.66,47.9,1007,postgres,789.61,29.4,1118,python3,377.44,29.2,1229,chrome,107.53,8.6,1339,spotify,184.46,3.9,1449,slack,136.73,28.6
1775697965.44,7839.91,8544.09,47.9,1010,chrome,515.46,19.3,1114,slack,27.98,25.6,1226,java,56.22,12.0,1334,node,85.29,13.9,1445,firefox,79.88,19.3
1775697967.44,7858.6,8525.4,48.0,1001,python3,598.83,27.5,1117,java,99.8,9.9,1227,firefox,265.78,14.6,1340,code,64.7,1.1,1446,docker,31.83,6.4
1775697969.44,7820.59,8563.41,47.7,1005,java,783.92,6.4,1114,chrome,382.24,20.5,1226,postgres,175.59,2.5,1334,postgres,88.45,9.0,1451,java,88.72,20.1
1775697971.44,7804.59,8579.41,47.6,1001,java,306.51,22.6,1113,node,155.98,12.6,1229,slack,188.87,4.8,1339,firefox,183.61,17.1,1444,slack,127.46,17.9
1775697973.44,7826.75,8557.25,47.8,1005,chrome,162.88,13.8,1113,docker,349.11,3.4,1232,java,82.37,21.7,1340,python3,131.43,19.2,1453,code,15.47,22.4
1775697975.44,7839.71,8544.29,47.8,1002,spotify,333.17,10.4,1114,spotify,383.16,11.1,1227,chrome,92.15,9.2,1334,docker,134.17,13.7,1450,firefox,62.83,16.3
1775697977.44,7816.95,8567.05,47.7,1006,firefox,182.67,17.8,1119,java,168.09,25.4,1232,java,175.19,21.1,1334,code,163.61,3.1,1454,chrome,102.44,12.3
1775697979.44,7815.75,8568.25,47.7,1008,code,525.14,15.1,1111,postgres,344.39,6.4,1229,slack,111.94,5.9,1340,code,78.24,23.8,1451,java,146.2,19.3
1775697981.44,7821.5,8562.5,47.7,1008,postgres,250.71,19.8,1115,java,277.49,0.1,1228,chrome,20.55,4.6,1338,slack,166.26,18.0,1449,python3,153.87,29.8
1775697983.44,7809.29,8574.71,47.7,1003,spotify,533.33,24.9,1120,java,73.33,19.1,1224,java,242.71,15.5,1339,node,31.17,24.0,1452,code,104.72,23.5
1775697985.44,7823.42,8560.58,47.8,1005,node,119.94,0.8,1111,spotify,82.39,18.5,1230,code,159.62,0.8,1335,docker,131.46,23.3,1446,node,107.88,6.7
1775697987.44,7808.35,8575.65,47.7,1006,postgres,544.44,8.2,1113,chrome,264.39,17.4,1223,code,131.45,17.9,1334,python3,65.46,26.8,1445,code,84.14,10.8
1775697989.44,7818.72,8565.28,47.7,1001,docker,769.41,2.3,1121,java,165.72,9.4,1229,python3,61.62,0.3,1335,spotify,130.85,25.6,1445,firefox,159.06,14.5
1775697991.44,7808.52,8575.48,47.7,1002,slack,606.27,27.8,1114,spotify,36.08,0.7,1230,python3,70.74,10.9,1336,chrome,73.91,6.6,1446,postgres,51.05,6.0
1775697993.44,7830.74,8553.26,47.8,1007,java,434.49,12.0,1114,postgres,89.86,20.6,1226,java,42.39,23.8,1342,postgres,43.56,6.2,1451,java,142.43,12.7
1775697995.44,7846.1,8537.9,47.9,1009,code,505.47,12.9,1120,firefox,165.24,19.0,1223,docker,58.48,1.0,1341,postgres,122.54,8.8,1454,slack,62.84,0.9
1775697997.44,7854.24,8529.76,47.9,1001,node,542.72,11.2,1116,code,28.61,20.6,1227,node,133.01,23.9,1336,slack,24.92,8.5,1447,slack,42.62,16.8
1775697999.44,7868.72,8515.28,48.0,1010,code,480.46,19.4,1121,java,144.17,9.6,1225,chrome,217.35,15.0,1337,java,34.86,13.6,1453,firefox,98.68,7.1
1775698001.44,7874.04,8509.96,48.1,1000,docker,263.27,25.2,1117,chrome,360.94,27.5,1222,firefox,177.86,2.1,1334,java,148.11,8.2,1449,java,21.97,23.2
1775698003.44,7876.92,8507.08,48.1,1004,docker,420.0,19.2,1112,firefox,376.64,3.1,1225,chrome,223.03,4.2,1338,java,54.94,2.6,1449,slack,158.43,28.0
1775698005.44,7887.27,8496.73,48.1,1004,code,247.8,20.6,1117,postgres,287.0,27.7,1231,docker,46.64,9.6,1335,spotify,178.96,29.0,1450,docker,110.24,15.7
1775698007.44,7881.19,8502.81,48.1,1007,postgres,291.43,21.9,1114,code,123.93,8.9,1223,firefox,156.3,26.2,1343,node,142.81,2.3,1451,chrome,41.87,20.1
1775698009.44,7869.19,8514.81,48.0,1009,slack,435.45,9.4,1115,docker,270.73,25.4,1223,python3,71.36,10.9,1340,spotify,108.77,23.4,1447,code,51.68,4.9
1775698011.44,7874.63,8509.37,48.1,1010,code,160.47,26.3,1112,node,31.22,13.8,1226,chrome,135.73,15.9,1338,postgres,34.69,16.5,1449,java,41.81,11.9
1775698013.44,7864.87,8519.13,48.0,1000,java,599.0,12.7,1115,node,176.01,17.8,1230,spotify,140.07,13.0,1343,chrome,133.69,28.8,1447,code,17.97,1.1
1775698015.44,7873.06,8510.94,48.1,1001,postgres,219.85,18.6,1117,java,172.33,6.6,1226,docker,68.09,23.6,1338,postgres,144.85,8.6,1444,code,37.76,27.2
1775698017.44,7857.85,8526.15,48.0,1002,firefox,561.08,5.0,1116,docker,78.19,0.4,1229,java,100.18,5.3,1337,code,44.51,22.8,1444,spotify,62.82,14.2
1775698019.44,8292.57,8091.43,50.6,1007,code,83.88,0.5,1121,postgres,338.26,15.8,1224,python3,210.48,3.0,1338,docker,104.5,10.5,1452,postgres,109.51,7.6
1775698021.44,8267.87,8116.13,50.5,1008,spotify,413.27,8.1,1119,chrome,80.46,12.3,1225,python3,105.97,0.9,1342,java,79.89,22.3,1447,java,105.81,29.0
1775698023.44,8277.58,8106.42,50.5,1007,slack,181.21,27.3,1116,firefox,171.63,12.5,1226,postgres,64.31,17.4,1338,spotify,35.56,23.9,1453,firefox,53.26,29.1
1775698025.44,8257.26,8126.74,50.4,1004,spotify,468.61,4.9,1118,postgres,49.23,8.8,1229,chrome,71.0,24.8,1334,chrome,104.07,0.2,1449,chrome,17.49,4.1
1775698027.44,8259.91,8124.09,50.4,1008,slack,166.28,2.6,1115,python3,398.47,5.9,1231,code,89.37,1.0,1338,node,164.7,19.1,1450,java,155.04,2.9
1775698029.44,8261.5,8122.5,50.4,1010,firefox,653.29,4.2,1114,postgres,75.88,16.6,1226,postgres,38.07,17.0,1343,docker,114.84,11.3,1450,code,30.79,13.3
1775698031.44,8276.68,8107.32,50.5,1005,docker,315.65,14.0,1117,docker,35.38,16.8,1228,code,205.63,18.5,1337,node,121.31,11.2,1453,slack,144.99,26.3
1775698033.44,8306.52,8077.48,50.7,1007,slack,395.17,1.6,1111,postgres,336.21,19.5,1227,spotify,41.02,8.7,1340,firefox,174.56,3.6,1453,slack,120.9,1.6
1775698035.44,8318.57,8065.43,50.8,1007,python3,217.66,20.3,1113,postgres,260.59,21.6,1222,docker,172.58,6.0,1334,chrome,41.19,26.4,1452,code,47.08,3.1
1775698037.44,8338.66,8045.34,50.9,1004,java,412.79,5.5,1114,slack,122.6,18.4,1229,spotify,47.47,4.4,1333,python3,39.07,22.3,1447,python3,86.73,21.0
1775698039.44,8343.9,8040.1,50.9,1004,code,769.32,14.8,1121,postgres,171.7,20.9,1223,docker,120.89,12.7,1333,postgres,98.2,16.9,1444,spotify,55.41,19.4
1775698041.44,8362.73,8021.27,51.0,1002,docker,711.82,13.8,1111,python3,159.16,25.7,1230,node,103.88,21.2,1339,slack,24.27,19.7,1449,spotify,60.89,21.5
1775698043.44,8352.25,8031.75,51.0,1010,postgres,742.61,2.0,1121,docker,166.2,14.2,1232,python3,160.68,27.8,1343,slack,61.1,20.9,1453,spotify,62.21,18.5
1775698045.44,8351.0,8033.0,51.0,1001,code,424.58,20.4,1116,node,393.0,24.3,1225,code,241.62,5.2,1339,java,185.45,1.9,1448,code,15.61,22.5
1775698047.44,8356.07,8027.93,51.0,1010,chrome,742.66,9.6,1118,java,74.96,19.1,1230,node,65.6,14.7,1343,postgres,54.78,22.3,1450,slack,131.3,5.8
1775698049.44,8340.18,8043.82,50.9,1002,chrome,319.67,12.2,1119,code,152.77,20.5,1232,slack,140.71,25.0,1342,docker,106.41,10.7,1452,python3,130.24,13.2
1775698051.44,8332.24,8051.76,50.9,1009,code,145.39,15.5,1112,code,212.02,1.5,1230,firefox,22.3,24.6,1337,postgres,85.7,10.7,1446,postgres,21.22,17.3
1775698053.44,8355.72,8028.28,51.0,1000,slack,573.14,3.3,1118,postgres,269.96,1.0,1228,postgres,66.79,26.6,1333,python3,50.79,24.5,1449,chrome,45.34,2.2
1775698055.44,8330.49,8053.51,50.8,1000,firefox,785.79,28.5,1120,spotify,373.51,26.6,1229,python3,84.29,1.3,1333,docker,107.68,19.5,1450,docker,55.51,25.5
1775698057.44,8336.05,8047.95,50.9,1003,slack,506.1,11.4,1121,chrome,232.19,1.6,1228,python3,124.1,12.8,1335,code,94.62,26.9,1449,firefox,39.05,13.1
1775698059.44,8337.97,8046.03,50.9,1009,chrome,220.34,22.4,1119,spotify,42.17,24.1,1225,chrome,35.82,3.8,1335,postgres,20.7,10.5,1454,node,159.71,3.9
1775698061.44,8322.87,8061.13,50.8,1008,node,421.2,22.1,1116,node,191.33,9.1,1227,slack,89.84,19.6,1341,postgres,72.29,16.2,1445,chrome,62.0,12.3
1775698063.44,8338.5,8045.5,50.9,1001,node,734.04,25.2,1119,node,139.35,16.6,1223,firefox,197.89,23.6,1333,node,143.44,19.5,1451,code,13.19,25.1
1775698065.44,8338.43,8045.57,50.9,1000,postgres,690.93,11.5,1111,java,169.25,1.3,1225,java,62.77,12.9,1333,postgres,18.37,22.9,1444,spotify,123.17,10.1
1775698067.44,8360.73,8023.27,51.0,1009,node,617.94,10.2,1120,java,349.65,23.5,1222,code,154.99,28.6,1343,postgres,173.47,28.1,1451,java,95.89,17.0
1775698069.44,8354.33,8029.67,51.0,1003,python3,730.78,8.4,1121,postgres,57.08,7.5,1230,postgres,101.05,11.8,1342,postgres,80.32,19.8,1454,spotify,11.85,9.2
1775698071.44,8355.75,8028.25,51.0,1002,docker,397.04,13.2,1118,chrome,387.21,14.4,1230,node,118.82,17.4,1334,postgres,180.7,16.5,1445,docker,36.97,23.0
1775698073.44,8353.28,8030.72,51.0,1002,spotify,541.98,7.0,1121,chrome,94.1,15.2,1229,spotify,96.0,16.6,1336,chrome,190.94,29.8,1448,chrome,111.76,25.7
1775698075.44,8385.59,7998.41,51.2,1009,node,312.3,2.3,1118,code,216.64,7.1,1227,spotify,109.51,24.7,1339,code,132.85,26.3,1446,chrome,58.98,23.6
1775698077.44,8380.24,8003.76,51.1,1004,spotify,73.37,11.0,1115,python3,366.95,0.8,1231,node,218.68,15.3,1341,spotify,146.16,28.2,1450,spotify,14.89,21.8
1775698079.44,8395.93,7988.07,51.2,1001,code,768.97,29.8,1120,slack,399.18,18.9,1228,slack,199.93,25.4,1341,chrome,126.33,19.8,1452,docker,57.54,5.9
1775698081.44,8369.02,8014.98,51.1,1005,node,391.87,22.4,1112,node,191.88,28.7,1228,firefox,36.59,16.8,1334,firefox,135.0,18.2,1451,java,44.46,24.8
1775698083.44,8356.46,8027.54,51.0,1003,java,555.58,20.0,1120,postgres,323.45,10.2,1223,code,118.79,15.2,1335,spotify,105.16,26.4,1447,python3,141.46,0.5
1775698085.44,8367.43,8016.57,51.1,1001,python3,702.09,25.0,1111,python3,396.23,4.0,1230,java,242.73,10.6,1339,slack,57.77,8.8,1449,firefox,98.72,18.5
1775698087.44,8377.97,8006.03,51.1,1005,docker,733.01,18.9,1117,postgres,309.12,21.0,1224,spotify,245.75,28.1,1334,python3,180.42,17.8,1449,docker,66.91,13.2
1775698089.44,8360.48,8023.52,51.0,1004,docker,305.84,16.9,1119,spotify,215.59,27.8,1226,firefox,112.68,22.7,1335,chrome,165.12,22.0,1447,java,87.87,17.3
1775698091.44,8361.86,8022.14,51.0,1004,python3,138.91,8.2,1118,node,357.01,8.7,1226,spotify,205.03,27.7,1343,postgres,38.94,6.2,1452,python3,14.1,27.1
1775698093.44,8248.91,8135.09,50.3,1000,firefox,202.36,28.3,1120,java,299.53,15.6,1229,postgres,246.17,21.5,1334,docker,179.16,14.8,1445,python3,158.96,21.9
1775698095.44,8246.71,8137.29,50.3,1001,node,595.52,9.8,1119,firefox,128.54,18.9,1230,code,193.37,9.4,1333,java,31.33,21.2,1452,firefox,38.56,16.7
1775698097.44,8260.17,8123.83,50.4,1003,python3,489.76,26.2,1114,node,124.48,4.5,1224,docker,87.32,6.0,1334,slack,173.22,22.5,1444,java,20.09,16.7
1775698099.44,8244.69,8139.31,50.3,1006,postgres,510.03,18.9,1114,firefox,206.59,19.7,1224,postgres,226.84,26.3,1343,docker,104.42,18.9,1453,firefox,91.51,8.9
1775698101.44,8254.62,8129.38,50.4,1006,docker,294.05,19.9,1112,python3,199.28,9.6,1223,firefox,190.91,21.1,1340,docker,125.2,20.6,1444,postgres,50.19,6.5
1775698103.44,8294.84,8089.16,50.6,1008,firefox,246.2,9.5,1117,docker,184.45,7.8,1222,postgres,138.04,6.6,1343,chrome,70.35,12.3,1453,python3,90.4,23.4
1775698105.44,8327.6,8056.4,50.8,1008,chrome,762.71,0.6,1117,code,317.66,10.0,1227,slack,32.53,1.5,1336,firefox,112.9,29.6,1452,java,138.96,6.9
1775698107.44,8355.22,8028.78,51.0,1005,java,211.71,22.0,1111,chrome,342.06,22.7,1230,code,142.04,23.7,1333,python3,65.58,0.7,1454,node,15.07,22.5
1775698109.44,8363.3,8020.7,51.0,1004,code,107.4,15.1,1117,chrome,30.53,24.9,1231,python3,40.56,17.6,1339,node,168.4,25.8,1449,java,86.85,0.7
1775698111.44,8352.26,8031.74,51.0,1004,spotify,403.55,8.7,1112,node,387.58,16.8,1229,postgres,243.58,16.0,1336,java,15.73,14.9,1450,firefox,124.41,21.4
1775698113.44,8335.88,8048.12,50.9,1007,firefox,407.6,3.3,1115,firefox,78.91,18.9,1223,code,156.89,6.2,1340,spotify,59.37,4.2,1453,docker,88.51,25.2
1775698115.44,8344.14,8039.86,50.9,1007,postgres,358.89,22.2,1113,chrome,145.54,17.0,1228,chrome,83.7,6.3,1341,docker,114.8,9.4,1454,node,58.28,21.3
1775698117.44,8317.03,8066.97,50.8,1001,java,574.44,11.3,1111,python3,219.98,3.6,1225,docker,234.1,3.4,1339,docker,44.51,24.1,1451,python3,122.35,16.4
1775698119.44,8316.78,8067.22,50.8,1006,postgres,589.96,26.4,1115,slack,145.89,26.7,1231,python3,52.05,15.7,1336,spotify,191.0,11.1,1453,postgres,80.82,6.3
1775698121.44,8307.21,8076.79,50.7,1002,slack,586.31,14.2,1116,java,92.21,14.1,1222,postgres,192.03,6.0,1334,slack,98.49,2.8,1453,docker,99.17,2.0
1775698123.44,8331.42,8052.58,50.9,1005,chrome,745.91,8.2,1117,spotify,298.5,11.0,1228,postgres,156.94,19.2,1336,code,123.62,3.1,1447,postgres,36.75,16.9
1775698125.44,8346.6,8037.4,50.9,1009,spotify,503.58,29.0,1120,docker,103.49,0.1,1225,node,39.5,24.1,1335,python3,43.4,26.2,1449,code,144.39,1.6
1775698127.44,8362.06,8021.94,51.0,1010,docker,295.32,15.0,1112,node,235.05,11.3,1228,docker,105.41,25.2,1338,slack,27.16,18.2,1447,python3,151.82,25.0
1775698129.44,8357.58,8026.42,51.0,1004,code,468.43,13.1,1116,python3,34.49,11.0,1229,firefox,198.79,6.4,1341,node,84.21,5.4,1444,node,76.31,15.8
1775698131.44,8556.29,7827.71,52.2,1001,firefox,736.86,15.1,1111,spotify,127.39,19.4,1232,docker,116.24,29.9,1337,postgres,129.74,29.1,1444,docker,159.58,19.0
1775698133.44,8541.75,7842.25,52.1,1001,chrome,327.15,18.4,1113,python3,351.59,3.9,1228,code,30.68,19.1,1333,firefox,30.78,16.3,1447,spotify,120.62,10.0
1775698135.44,8545.21,7838.79,52.2,1002,spotify,591.6,11.0,1111,java,181.14,20.0,1222,code,64.9,22.8,1335,postgres,28.24,13.3,1448,spotify,39.8,15.2
1775698137.44,8313.95,8070.05,50.7,1005,code,306.09,17.0,1112,spotify,373.85,2.6,1223,python3,199.05,5.6,1342,chrome,156.26,23.7,1447,firefox,79.05,26.3
1775698139.44,8338.37,8045.63,50.9,1010,node,610.56,22.1,1115,chrome,167.24,8.6,1226,python3,157.93,12.4,1336,postgres,178.17,5.3,1448,postgres,114.63,7.9
1775698141.44,8321.1,8062.9,50.8,1007,python3,77.55,25.0,1117,python3,226.73,6.3,1228,firefox,178.17,20.5,1337,node,76.66,29.1,1452,postgres,23.61,23.2
1775698143.44,8324.76,8059.24,50.8,1000,code,437.77,18.9,1118,python3,200.22,9.7,1231,java,181.24,27.0,1338,code,130.53,26.1,1444,python3,73.21,10.0
1775698145.44,8323.04,8060.96,50.8,1007,slack,189.62,0.7,1120,docker,247.59,20.8,1228,docker,225.19,7.6,1338,spotify,75.85,20.4,1448,chrome,155.61,26.3
1775698147.44,8319.93,8064.07,50.8,1008,code,365.74,23.2,1120,java,247.4,4.9,1224,postgres,238.32,29.0,1341,node,190.91,17.0,1446,python3,109.51,23.7
1775698149.44,8328.49,8055.51,50.8,1005,docker,347.0,13.8,1121,python3,100.15,5.2,1226,code,62.82,25.7,1339,code,148.28,4.6,1452,firefox,10.74,4.8
1775698151.44,8333.06,8050.94,50.9,1006,node,734.62,20.1,1118,node,311.15,2.9,1224,firefox,207.43,4.0,1338,postgres,166.21,21.9,1450,spotify,69.08,2.1
1775698153.44,8310.89,8073.11,50.7,1009,python3,625.88,11.1,1116,slack,333.71,18.3,1228,code,178.06,4.1,1336,chrome,52.11,13.1,1449,java,108.11,12.8
1775698155.44,8315.09,8068.91,50.8,1007,chrome,245.76,28.7,1113,python3,174.33,15.5,1223,docker,218.22,10.4,1334,java,163.17,0.4,1449,python3,96.2,11.5
1775698157.44,8300.87,8083.13,50.7,1000,postgres,368.74,22.3,1112,spotify,327.67,27.2,1230,firefox,211.92,21.4,1341,firefox,33.44,5.4,1450,slack,123.94,26.1
1775698159.44,8197.76,8186.24,50.0,1009,postgres,198.21,24.4,1118,java,43.2,8.5,1223,docker,131.73,1.5,1342,firefox,59.81,10.1,1448,chrome,91.41,5.4
1775698161.44,8198.4,8185.6,50.0,1009,code,317.93,1.1,1117,node,90.71,16.0,1224,python3,174.9,12.9,1337,firefox,194.72,20.7,1447,slack,95.36,1.2
1775698163.44,8202.99,8181.01,50.1,1009,code,336.43,29.4,1112,firefox,372.79,22.5,1228,java,22.26,28.5,1337,code,169.41,13.0,1445,node,95.63,29.8
1775698165.44,8191.41,8192.59,50.0,1000,firefox,480.0,6.5,1117,postgres,305.08,23.3,1226,slack,184.53,18.1,1335,postgres,63.63,12.2,1444,java,108.58,8.2
1775698167.44,8181.39,8202.61,49.9,1010,firefox,122.86,6.7,1116,node,48.9,8.6,1231,docker,163.65,19.0,1338,slack,85.44,27.9,1444,firefox,61.09,10.4
1775698169.44,8168.08,8215.92,49.9,1002,java,241.77,1.0,1120,code,261.77,16.8,1227,code,68.55,29.5,1338,postgres,67.22,9.5,1454,docker,14.43,18.7
1775698171.44,8176.17,8207.83,49.9,1006,java,796.87,0.7,1115,slack,304.02,29.7,1228,slack,49.59,18.2,1334,code,86.7,6.3,1445,spotify,53.4,25.9
1775698173.44,8183.12,8200.88,49.9,1005,node,363.63,18.0,1116,firefox,261.35,19.9,1232,firefox,142.24,16.0,1336,java,105.28,13.9,1451,python3,148.59,5.3
1775698175.44,8142.47,8241.53,49.7,1005,docker,542.14,20.5,1112,java,242.56,12.5,1228,java,63.89,0.9,1336,python3,126.82,15.1,1445,spotify,95.59,12.3
1775698177.44,8165.21,8218.79,49.8,1010,code,763.88,0.7,1120,java,232.02,25.9,1224,docker,108.93,26.2,1335,docker,188.21,27.6,1449,python3,53.95,26.8
1775698179.44,8170.51,8213.49,49.9,1003,spotify,382.74,7.3,1113,docker,212.58,3.3,1231,firefox,234.69,27.3,1336,docker,147.88,2.1,1444,java,140.06,29.9
1775698181.44,8176.59,8207.41,49.9,1008,code,586.85,18.2,1119,chrome,189.45,24.8,1222,postgres,219.58,24.8,1333,firefox,87.39,27.8,1454,docker,74.29,3.7
1775698183.44,8174.58,8209.42,49.9,1009,code,591.5,11.0,1121,firefox,78.23,7.3,1229,node,82.79,9.9,1334,docker,181.1,14.7,1447,postgres,61.37,20.7
1775698185.44,8168.97,8215.03,49.9,1000,python3,161.02,8.7,1114,firefox,236.33,21.4,1226,python3,158.58,9.1,1340,postgres,41.46,24.2,1446,python3,101.12,25.8
1775698187.44,8185.67,8198.33,50.0,1003,spotify,277.22,17.5,1115,firefox,295.43,22.4,1230,java,135.91,27.0,1338,python3,122.59,15.0,1452,firefox,66.7,27.8
1775698189.44,8169.93,8214.07,49.9,1006,chrome,551.56,1.9,1114,postgres,102.41,4.5,1231,code,179.17,10.7,1340,spotify,183.63,27.2,1452,node,121.21,10.9
1775698191.44,8147.91,8236.09,49.7,1005,slack,100.4,16.6,1119,slack,352.23,29.1,1222,docker,158.34,7.4,1337,python3,141.82,19.5,1447,node,113.45,13.7
1775698193.44,8170.16,8213.84,49.9,1003,code,729.61,4.0,1115,chrome,102.9,7.3,1231,docker,132.73,16.1,1333,firefox,160.63,2.2,1451,code,76.28,14.3
1775698195.44,8177.65,8206.35,49.9,1009,docker,274.97,0.3,1117,code,294.99,13.3,1232,node,163.9,19.0,1340,chrome,59.7,12.2,1448,docker,104.67,9.9
1775698197.44,8167.8,8216.2,49.9,1008,node,305.86,20.3,1119,postgres,259.72,3.3,1224,docker,18.3,26.8,1341,docker,105.46,5.4,1450,postgres,24.19,25.9
1775698199.44,8171.41,8212.59,49.9,1002,node,634.09,22.9,1114,postgres,213.17,9.6,1230,docker,42.4,9.0,1342,node,119.56,4.6,1446,node,124.96,23.6
1775698201.44,8186.09,8197.91,50.0,1007,spotify,641.56,23.4,1115,node,374.82,14.2,1226,firefox,52.91,10.0,1338,firefox,96.82,12.8,1450,java,10.85,28.2
1775698203.44,8171.94,8212.06,49.9,1010,python3,781.24,23.0,1111,node,103.23,21.5,1226,firefox,22.59,12.8,1339,firefox,117.14,22.2,1447,spotify,85.44,25.7
1775698205.44,8183.04,8200.96,49.9,1009,docker,764.03,28.4,1121,java,282.93,27.3,1229,node,86.7,18.2,1339,chrome,31.52,19.2,1448,slack,65.42,27.7
1775698207.44,8192.32,8191.68,50.0,1001,firefox,782.88,22.0,1113,python3,246.18,17.2,1230,code,126.23,9.8,1341,postgres,116.88,24.5,1444,python3,125.82,2.0
1775698209.44,8199.93,8184.07,50.0,1007,node,188.11,14.0,1118,firefox,149.88,20.3,1226,postgres,167.57,28.0,1335,code,132.92,12.8,1451,chrome,134.75,1.8
1775698211.44,8179.19,8204.81,49.9,1009,java,796.74,28.8,1116,slack,209.5,17.2,1232,code,200.28,17.0,1341,code,112.21,24.0,1445,spotify,148.37,18.3
1775698213.44,8206.53,8177.47,50.1,1004,docker,388.47,26.4,1113,firefox,52.38,19.4,1227,docker,148.6,20.8,1339,chrome,87.77,8.8,1453,java,12.83,6.8
1775698215.44,8207.73,8176.27,50.1,1003,spotify,555.9,9.8,1118,node,313.72,17.2,1227,spotify,54.82,23.2,1336,postgres,46.55,0.8,1453,chrome,126.92,16.2
1775698217.44,8222.85,8161.15,50.2,1003,node,277.2,12.7,1115,node,376.11,6.5,1227,chrome,50.99,27.0,1340,code,168.9,11.3,1451,node,67.06,13.4
1775698219.44,8221.4,8162.6,50.2,1006,spotify,660.87,2.8,1113,slack,367.48,21.7,1223,python3,205.82,3.6,1340,spotify,79.7,29.9,1450,node,41.55,2.7
1775698221.44,8206.61,8177.39,50.1,1000,chrome,335.02,12.6,1112,firefox,160.15,9.3,1223,java,253.15,19.6,1336,code,134.46,24.3,1451,chrome,152.7,8.2
1775698223.44,8208.16,8175.84,50.1,1002,node,183.02,0.3,1119,python3,77.58,14.1,1222,chrome,165.72,6.3,1343,postgres,82.19,12.4,1446,java,35.86,28.1
1775698225.44,8234.56,8149.44,50.3,1001,python3,72.49,6.1,1117,firefox,365.87,8.0,1227,chrome,212.48,9.9,1340,chrome,150.3,4.3,1450,chrome,90.92,22.9
1775698227.44,8231.5,8152.5,50.2,1001,chrome,311.5,6.7,1117,code,67.15,14.3,1228,slack,126.77,25.7,1343,chrome,70.89,14.1,1448,python3,58.43,16.2
1775698229.44,8255.26,8128.74,50.4,1009,node,144.37,15.4,1113,node,272.2,22.3,1228,postgres,238.4,3.2,1336,postgres,47.12,19.8,1449,docker,110.25,15.6
1775698231.44,8251.58,8132.42,50.4,1002,firefox,366.52,19.8,1120,chrome,305.48,24.0,1232,chrome,215.22,29.4,1333,python3,131.49,25.1,1447,python3,69.51,0.4
1775698233.44,8224.46,8159.54,50.2,1009,java,389.08,6.4,1120,postgres,229.7,3.5,1226,slack,247.64,10.1,1335,postgres,76.43,26.2,1452,docker,109.49,20.0
1775698235.44,8230.3,8153.7,50.2,1001,firefox,369.89,0.8,1119,python3,60.47,29.3,1223,code,154.28,8.9,1338,postgres,97.36,16.6,1445,slack,37.39,24.6
1775698237.44,8246.07,8137.93,50.3,1000,node,600.06,10.6,1120,python3,236.08,15.9,1222,slack,107.33,6.9,1341,python3,82.71,3.0,1446,spotify,43.94,27.9
1775698239.44,8236.53,8147.47,50.3,1009,java,693.72,8.4,1117,postgres,171.16,15.7,1228,docker,133.67,4.1,1337,chrome,26.54,21.3,1454,postgres,41.31,22.0
1775698241.44,8234.15,8149.85,50.3,1007,python3,623.44,24.2,1114,java,319.87,19.4,1228,spotify,65.01,25.0,1334,node,193.13,8.3,1450,code,118.9,17.6
1775698243.44,8233.31,8150.69,50.3,1002,postgres,620.44,0.3,1112,slack,141.69,3.1,1232,spotify,134.44,19.8,1337,code,113.99,18.3,1446,code,142.03,22.6
1775698245.44,8229.83,8154.17,50.2,1004,code,520.17,12.8,1113,docker,309.42,6.7,1223,code,266.07,18.1,1342,firefox,57.74,25.5,1451,java,73.25,19.1
1775698247.44,8202.02,8181.98,50.1,1004,postgres,530.2,9.9,1121,postgres,393.66,2.5,1223,docker,77.35,14.8,1342,java,137.31,3.1,1451,slack,101.0,17.0
1775698249.44,8180.5,8203.5,49.9,1001,spotify,678.65,19.3,1112,spotify,60.59,29.0,1225,firefox,161.7,21.3,1342,java,165.37,21.5,1444,firefox,107.06,13.2
1775698251.44,8163.91,8220.09,49.8,1000,java,659.87,18.8,1117,chrome,106.01,5.4,1232,firefox,41.37,27.6,1333,docker,171.77,7.6,1454,firefox,62.86,29.0
1775698253.44,8161.78,8222.22,49.8,1010,postgres,626.46,4.8,1119,slack,268.11,22.2,1227,python3,227.85,25.7,1338,firefox,128.08,22.2,1447,firefox,134.3,3.0
1775698255.44,8189.89,8194.11,50.0,1005,spotify,422.89,5.6,1117,node,124.26,21.2,1227,firefox,218.14,26.9,1335,python3,73.02,3.3,1453,postgres,146.32,21.0
1775698257.44,8168.7,8215.3,49.9,1001,node,120.02,21.3,1121,java,344.58,4.4,1227,slack,105.12,4.0,1339,code,170.94,22.1,1448,spotify,95.52,2.5
1775698259.44,8161.57,8222.43,49.8,1000,node,460.99,20.0,1115,chrome,210.43,25.0,1225,node,235.45,13.2,1336,python3,14.83,7.3,1444,spotify,82.49,13.2
1775698261.44,8113.38,8270.62,49.5,1008,spotify,349.71,17.3,1117,postgres,290.03,29.5,1226,java,109.22,27.0,1336,firefox,113.82,2.3,1446,firefox,138.99,29.6
1775698263.44,8096.97,8287.03,49.4,1002,code,785.76,23.5,1119,docker,225.76,3.1,1231,node,196.69,21.5,1343,slack,166.45,6.7,1448,spotify,135.49,13.8
1775698265.44,8080.63,8303.37,49.3,1000,slack,386.35,19.5,1116,docker,350.34,4.4,1232,firefox,33.02,21.6,1342,postgres,190.13,21.8,1453,docker,74.62,22.9
1775698267.44,8090.48,8293.52,49.4,1010,docker,282.37,20.9,1115,firefox,112.21,24.0,1230,java,52.72,16.2,1343,spotify,71.46,0.2,1453,chrome,116.82,10.8
1775698269.44,8122.84,8261.16,49.6,1002,node,236.6,18.0,1113,python3,36.06,27.9,1223,firefox,38.94,28.4,1342,java,163.42,11.4,1451,python3,137.09,5.5
1775698271.44,8153.24,8230.76,49.8,1006,postgres,424.76,5.5,1117,node,109.99,29.6,1232,code,101.6,22.6,1341,postgres,16.33,18.2,1452,chrome,112.41,2.9
1775698273.44,8429.7,7954.3,51.5,1004,chrome,650.03,17.0,1116,code,383.39,5.7,1231,docker,62.11,6.6,1338,code,176.02,27.4,1453,firefox,96.1,26.7
1775698275.44,8432.37,7951.63,51.5,1002,slack,161.64,24.6,1111,spotify,39.54,16.1,1223,postgres,250.42,3.2,1343,python3,123.14,5.0,1445,docker,38.97,4.7
1775698277.44,8424.25,7959.75,51.4,1006,docker,758.01,20.1,1112,firefox,117.33,4.2,1229,node,215.18,1.2,1333,docker,164.55,27.3,1453,code,137.17,2.7
1775698279.44,8417.55,7966.45,51.4,1009,spotify,576.65,15.7,1119,node,130.96,4.1,1225,postgres,252.73,12.8,1339,java,27.95,0.7,1445,firefox,94.19,18.3
1775698281.44,8403.64,7980.36,51.3,1000,slack,673.44,5.6,1112,postgres,359.53,22.4,1231,slack,60.01,9.4,1333,slack,17.74,29.0,1450,node,62.76,16.1
1775698283.44,8449.75,7934.25,51.6,1006,slack,442.99,5.3,1116,chrome,366.5,3.0,1224,node,194.77,2.2,1336,docker,51.26,19.2,1444,chrome,148.31,6.2
1775698285.44,8635.41,7748.59,52.7,1005,python3,790.31,24.8,1116,java,41.78,4.3,1225,spotify,183.8,26.5,1339,spotify,145.66,27.1,1448,node,151.04,19.6
1775698287.44,8605.94,7778.06,52.5,1000,java,667.67,11.3,1114,docker,120.03,0.3,1228,chrome,190.67,13.5,1343,node,25.72,3.4,1446,docker,19.98,16.1
1775698289.44,8620.32,7763.68,52.6,1006,postgres,452.2,8.5,1120,postgres,65.68,3.6,1225,code,155.35,14.9,1335,slack,199.17,14.1,1445,code,44.3,25.0
1775698291.44,8643.86,7740.14,52.8,1001,node,376.96,11.1,1113,docker,248.88,1.2,1230,node,208.8,21.7,1333,spotify,15.16,4.6,1448,python3,62.52,6.0
1775698293.44,8636.79,7747.21,52.7,1001,node,187.97,5.8,1121,docker,34.49,13.2,1225,spotify,148.81,16.7,1335,slack,193.28,1.7,1454,code,71.49,16.0
1775698295.44,8627.18,7756.82,52.7,1005,firefox,78.82,27.0,1121,node,27.21,0.1,1222,java,208.84,3.6,1336,chrome,118.18,2.2,1454,docker,150.58,19.3
1775698297.44,8625.13,7758.87,52.6,1010,docker,509.46,10.4,1121,docker,204.67,27.0,1229,slack,236.53,6.7,1337,python3,193.07,11.7,1448,python3,65.21,0.6
1775698299.44,8647.59,7736.41,52.8,1007,java,583.01,16.2,1114,java,71.88,18.8,1225,java,121.95,12.5,1340,docker,191.07,13.9,1449,firefox,109.81,4.0
1775698301.44,8638.66,7745.34,52.7,1010,spotify,322.56,13.9,1117,firefox,266.5,6.4,1224,docker,43.83,19.6,1337,spotify,89.77,6.0,1449,slack,143.49,19.8
1775698303.44,8638.68,7745.32,52.7,1007,chrome,570.48,11.6,1121,python3,127.49,22.4,1231,python3,176.98,17.3,1336,python3,89.62,14.1,1446,docker,57.43,28.0
1775698305.44,8622.2,7761.8,52.6,1001,code,66.1,27.6,1111,firefox,344.73,9.4,1227,node,202.56,28.7,1337,code,80.55,27.3,1453,docker,81.26,21.1
1775698307.44,8608.46,7775.54,52.5,1008,python3,725.61,4.6,1117,code,224.61,18.5,1224,slack,154.75,14.1,1337,node,195.52,19.9,1446,docker,24.56,1.2
1775698309.44,8622.97,7761.03,52.6,1009,firefox,748.21,17.5,1113,docker,360.25,29.1,1232,spotify,102.62,10.2,1334,firefox,25.42,4.0,1448,java,147.51,3.3
1775698311.44,8613.49,7770.51,52.6,1003,firefox,269.26,23.8,1112,firefox,251.05,24.0,1222,spotify,239.43,12.5,1335,firefox,172.11,5.8,1448,slack,145.64,0.7
1775698313.44,8611.81,7772.19,52.6,1004,docker,797.12,10.1,1115,docker,272.28,10.0,1222,python3,234.68,27.8,1333,spotify,16.1,11.4,1451,java,68.26,20.9
1775698315.44,8622.15,7761.85,52.6,1005,slack,690.22,23.5,1117,firefox,74.63,10.4,1226,slack,64.89,8.4,1334,docker,184.77,2.5,1454,firefox,139.22,26.9
1775698317.44,8632.04,7751.96,52.7,1002,firefox,98.72,17.2,1114,code,348.88,0.3,1222,firefox,234.21,18.5,1335,spotify,129.9,26.1,1451,firefox,127.92,3.2
1775698319.44,8635.27,7748.73,52.7,1003,code,189.18,21.5,1112,chrome,187.36,20.6,1225,chrome,195.91,11.6,1343,slack,48.62,24.5,1451,spotify,115.94,14.1
1775698321.44,8635.04,7748.96,52.7,1008,chrome,109.67,29.2,1115,python3,354.32,17.3,1225,code,192.38,2.3,1335,firefox,154.3,6.8,1450,spotify,54.51,12.4
1775698323.44,8617.18,7766.82,52.6,1004,firefox,601.58,15.9,1121,postgres,130.54,4.8,1222,code,140.15,27.1,1333,spotify,154.18,12.9,1454,docker,11.8,22.3
1775698325.44,8636.25,7747.75,52.7,1010,spotify,558.65,2.0,1115,firefox,194.05,22.3,1229,firefox,141.59,22.9,1338,slack,199.83,5.7,1453,python3,16.4,10.6
1775698327.44,8648.85,7735.15,52.8,1006,docker,701.51,13.9,1113,python3,301.7,11.6,1222,python3,213.73,11.4,1343,python3,87.39,0.4,1454,python3,32.66,28.4
1775698329.44,8651.48,7732.52,52.8,1003,chrome,422.99,4.7,1119,postgres,110.4,14.6,1229,java,125.44,25.5,1340,chrome,78.76,3.2,1449,docker,101.17,4.2
1775698331.44,8656.22,7727.78,52.8,1003,java,417.88,28.7,1121,python3,151.97,9.3,1231,java,169.57,18.0,1341,postgres,76.46,11.2,1446,firefox,94.8,14.2
1775698333.44,8672.61,7711.39,52.9,1003,firefox,525.4,27.1,1118,postgres,233.12,17.3,1227,node,242.13,29.0,1343,spotify,194.59,6.9,1453,spotify,45.55,24.6
1775698335.44,8676.27,7707.73,53.0,1000,firefox,433.22,2.9,1113,spotify,145.62,15.9,1229,spotify,241.77,28.4,1337,code,96.78,23.3,1448,python3,64.57,23.3
1775698337.44,8910.27,7473.73,54.4,1009,docker,471.41,23.5,1116,docker,394.48,18.1,1230,node,222.7,19.4,1342,spotify,35.07,22.0,1447,slack,129.83,8.5
1775698339.44,8914.07,7469.93,54.4,1000,postgres,245.74,4.3,1111,chrome,269.36,22.9,1223,firefox,132.9,27.3,1335,docker,129.85,16.7,1453,docker,123.77,3.2
1775698341.44,8914.33,7469.67,54.4,1002,spotify,146.4,28.7,1112,chrome,350.4,16.6,1227,python3,95.48,21.6,1341,chrome,130.42,19.4,1450,python3,58.99,25.1
1775698343.44,8928.3,7455.7,54.5,1009,spotify,79.54,15.4,1113,docker,48.95,2.0,1224,code,147.36,28.2,1336,code,154.0,29.2,1449,code,71.9,22.5
1775698345.44,8911.52,7472.48,54.4,1006,python3,461.07,2.7,1114,docker,84.65,22.9,1226,node,76.48,19.3,1341,chrome,22.34,25.3,1447,docker,16.36,6.6
1775698347.44,8914.44,7469.56,54.4,1002,slack,289.59,11.6,1121,java,32.22,23.0,1229,chrome,184.08,20.9,1341,code,20.02,17.7,1447,node,97.41,0.2
1775698349.44,8910.56,7473.44,54.4,1002,java,209.58,16.1,1121,spotify,130.53,16.7,1230,java,56.63,6.0,1342,postgres,75.22,9.8,1448,java,27.88,8.6
1775698351.44,8893.68,7490.32,54.3,1010,slack,627.51,6.1,1112,chrome,170.29,3.2,1225,node,206.61,22.1,1337,node,178.75,24.5,1449,docker,18.16,18.8
1775698353.44,8867.24,7516.76,54.1,1004,chrome,212.32,5.4,1116,node,212.35,21.6,1227,docker,262.72,18.1,1335,docker,102.53,17.9,1454,node,21.65,3.2
1775698355.44,8969.02,7414.98,54.7,1000,chrome,760.09,27.9,1115,docker,168.03,17.0,1224,code,30.05,6.5,1336,java,151.6,11.2,1448,java,108.04,8.9
1775698357.44,8978.43,7405.57,54.8,1003,code,739.55,22.3,1121,chrome,355.11,28.0,1224,chrome,44.81,21.7,1340,spotify,142.8,8.2,1444,spotify,81.96,21.9
1775698359.44,8982.08,7401.92,54.8,1010,java,72.42,14.9,1118,java,90.63,0.4,1222,code,256.52,26.3,1337,docker,50.51,8.0,1454,postgres,154.48,5.6
1775698361.44,8973.95,7410.05,54.8,1009,java,469.21,21.1,1114,chrome,132.44,2.7,1227,docker,221.85,16.3,1338,firefox,148.66,16.2,1449,firefox,71.05,17.4
1775698363.44,8950.52,7433.48,54.6,1004,python3,660.67,22.5,1118,slack,177.93,28.8,1223,spotify,79.97,4.1,1338,docker,97.02,16.2,1454,python3,143.46,10.3
1775698365.44,8989.73,7394.27,54.9,1010,python3,688.32,17.2,1114,java,55.65,12.6,1223,slack,152.67,15.6,1342,chrome,60.26,16.5,1446,node,112.6,23.6
1775698367.44,8970.72,7413.28,54.8,1005,slack,752.7,15.7,1117,node,241.38,22.5,1223,node,176.78,13.6,1336,chrome,179.97,29.1,1445,docker,31.65,2.2
1775698369.44,8983.31,7400.69,54.8,1008,code,763.66,5.7,1111,chrome,135.92,6.2,1232,code,33.42,13.6,1334,java,189.66,19.8,1444,spotify,55.03,11.6
1775698371.44,8981.83,7402.17,54.8,1009,docker,526.41,17.8,1121,docker,391.38,15.0,1227,chrome,80.61,14.2,1339,slack,156.84,12.7,1453,spotify,142.1,28.5
1775698373.44,8964.48,7419.52,54.7,1001,docker,239.12,2.8,1114,code,195.51,22.5,1225,spotify,262.67,1.0,1337,slack,158.22,25.6,1447,spotify,71.59,0.3
1775698375.44,8921.94,7462.06,54.5,1000,slack,383.32,15.1,1118,postgres,286.42,11.6,1230,chrome,79.97,3.5,1341,docker,45.11,13.6,1446,chrome,53.54,9.9
1775698377.44,8930.6,7453.4,54.5,1007,node,54.27,23.3,1121,python3,314.67,1.3,1224,node,101.68,20.5,1340,node,146.34,24.3,1445,code,34.66,4.0
1775698379.44,8938.08,7445.92,54.6,1000,docker,422.11,23.8,1117,chrome,290.65,26.9,1227,slack,43.25,14.2,1337,java,116.99,12.7,1445,code,49.42,28.5
1775698381.44,8930.5,7453.5,54.5,1002,code,68.08,2.6,1113,node,192.29,29.9,1227,slack,82.42,2.0,1343,python3,121.65,3.5,1444,node,40.37,9.0
1775698383.44,8944.28,7439.72,54.6,1005,chrome,432.65,0.4,1119,postgres,244.59,0.3,1224,firefox,246.85,25.8,1336,node,137.01,14.3,1447,code,35.86,16.6
1775698385.44,8925.5,7458.5,54.5,1008,python3,695.89,2.0,1119,code,237.31,7.4,1228,firefox,251.07,24.8,1339,chrome,153.57,1.3,1449,java,14.15,20.1
1775698387.44,8906.17,7477.83,54.4,1009,node,611.46,3.8,1120,slack,358.28,19.4,1232,python3,77.0,15.6,1340,code,93.64,0.9,1445,slack,22.73,26.7
1775698389.44,8921.19,7462.81,54.5,1007,firefox,277.62,16.1,1116,postgres,345.77,14.1,1229,java,206.02,25.2,1342,slack,185.65,18.2,1454,spotify,30.59,10.1
1775698391.44,8940.12,7443.88,54.6,1008,slack,512.27,1.9,1121,postgres,375.31,26.2,1231,slack,73.63,27.8,1338,node,118.63,10.5,1448,node,133.86,15.5
1775698393.44,8932.05,7451.95,54.5,1009,python3,651.68,20.6,1114,firefox,292.23,16.6,1225,docker,162.1,5.2,1337,node,51.08,23.7,1449,python3,143.09,24.3
1775698395.44,8940.14,7443.86,54.6,1004,spotify,394.31,10.2,1115,spotify,52.02,3.7,1228,slack,262.63,0.1,1336,postgres,186.46,13.6,1452,spotify,133.17,15.3
1775698397.44,8931.69,7452.31,54.5,1007,spotify,131.06,13.1,1116,code,77.4,3.7,1222,chrome,228.46,8.3,1341,slack,62.83,23.5,1454,java,40.73,26.7
1775698399.44,8706.74,7677.26,53.1,1009,postgres,263.14,7.2,1114,spotify,251.37,22.6,1230,firefox,226.86,4.6,1341,spotify,71.88,6.6,1450,node,91.26,0.5
1775698401.44,8719.04,7664.96,53.2,1007,code,121.76,25.4,1114,node,197.31,5.0,1224,node,86.53,0.1,1343,postgres,94.1,25.8,1450,docker,42.01,3.0
1775698403.44,8737.43,7646.57,53.3,1007,python3,604.37,11.5,1120,java,33.63,23.0,1225,docker,125.83,26.3,1338,firefox,16.38,15.2,1450,docker,100.98,11.2
1775698405.44,8733.43,7650.57,53.3,1006,node,213.45,10.6,1115,node,293.1,27.0,1228,spotify,236.1,28.8,1343,spotify,58.26,20.9,1451,chrome,68.33,10.4
1775698407.44,8715.83,7668.17,53.2,1007,java,117.1,7.6,1114,postgres,162.47,29.9,1229,python3,58.8,25.6,1343,slack,124.83,24.3,1444,java,64.69,22.8
1775698409.44,8745.87,7638.13,53.4,1000,postgres,109.44,28.0,1118,python3,134.93,25.8,1226,python3,73.94,9.3,1341,code,55.97,2.8,1444,spotify,108.19,23.5
1775698411.44,8765.6,7618.4,53.5,1002,postgres,460.95,28.3,1113,node,31.44,28.8,1231,code,33.51,3.0,1335,slack,35.78,13.9,1449,python3,32.91,28.0
1775698413.44,8767.5,7616.5,53.5,1008,chrome,425.68,26.8,1117,python3,87.63,14.1,1224,node,232.09,25.0,1342,postgres,99.2,13.6,1445,node,34.31,18.2
1775698415.44,8771.33,7612.67,53.5,1002,chrome,265.4,15.9,1118,java,231.37,21.8,1230,docker,257.19,28.3,1338,spotify,120.78,25.1,1450,postgres,88.52,12.2
1775698417.44,8755.51,7628.49,53.4,1009,firefox,681.46,3.5,1117,java,165.98,11.2,1227,docker,66.34,0.5,1339,python3,96.86,17.7,1446,postgres,69.45,4.3
1775698419.44,8756.99,7627.01,53.4,1004,docker,349.43,21.4,1116,node,198.74,12.5,1222,node,253.6,26.9,1334,postgres,82.63,10.5,1450,java,21.72,8.8
1775698421.44,8767.02,7616.98,53.5,1007,code,314.36,5.8,1119,python3,29.15,3.0,1230,postgres,31.64,15.3,1343,slack,82.11,13.5,1449,spotify,79.04,18.7
1775698423.44,8751.7,7632.3,53.4,1008,spotify,142.47,13.2,1118,java,311.36,1.1,1230,spotify,143.15,30.0,1335,java,74.4,21.4,1454,postgres,31.59,22.9
1775698425.44,8760.39,7623.61,53.5,1000,postgres,59.09,4.0,1117,spotify,97.62,24.0,1224,java,153.43,7.7,1336,chrome,198.32,4.9,1444,postgres,119.09,23.6
1775698427.44,8781.8,7602.2,53.6,1002,docker,135.68,20.1,1116,spotify,297.97,11.2,1229,postgres,160.93,16.4,1338,firefox,111.26,20.0,1453,slack,112.39,24.2
1775698429.44,8785.59,7598.41,53.6,1004,firefox,754.96,9.0,1117,chrome,382.04,9.0,1226,code,222.68,16.7,1336,node,99.57,4.6,1445,slack,85.88,12.4
1775698431.44,8776.3,7607.7,53.6,1004,code,231.87,18.7,1121,code,315.61,27.8,1222,java,118.15,13.0,1339,docker,195.94,10.0,1449,code,56.2,14.6
1775698433.44,8812.48,7571.52,53.8,1006,node,264.85,18.3,1113,firefox,84.7,9.8,1228,code,41.83,2.5,1333,python3,113.82,14.8,1445,python3,158.78,0.1
1775698435.44,8813.78,7570.22,53.8,1005,firefox,549.54,2.6,1113,postgres,148.8,1.2,1231,code,263.71,18.4,1336,python3,180.7,24.7,1451,code,50.1,8.7
1775698437.44,8818.56,7565.44,53.8,1007,spotify,689.3,4.7,1119,code,211.16,6.7,1226,chrome,115.02,10.2,1335,docker,164.43,10.8,1452,postgres,54.05,21.2
1775698439.44,8815.38,7568.62,53.8,1003,postgres,549.69,6.3,1118,python3,288.71,1.1,1222,spotify,235.45,4.4,1340,python3,40.5,2.2,1449,firefox,96.89,21.6
1775698441.44,8810.1,7573.9,53.8,1008,spotify,276.91,21.3,1118,chrome,161.58,11.7,1227,code,28.89,25.2,1337,java,47.48,14.9,1454,java,127.56,25.9
1775698443.44,8814.88,7569.12,53.8,1006,firefox,768.55,22.5,1113,chrome,350.94,4.9,1226,java,39.97,26.3,1338,python3,20.38,4.2,1452,spotify,84.3,8.3
1775698445.44,8591.58,7792.42,52.4,1005,spotify,329.77,0.1,1118,slack,100.64,4.4,1232,slack,85.03,11.7,1341,spotify,127.34,18.4,1450,chrome,78.24,21.6
1775698447.44,8602.36,7781.64,52.5,1007,chrome,263.36,0.5,1120,code,202.94,26.3,1229,spotify,159.64,27.7,1342,node,96.74,9.0,1454,chrome,132.51,20.1
1775698449.44,8782.59,7601.41,53.6,1003,docker,229.23,0.1,1111,code,325.9,8.2,1230,java,20.75,26.1,1343,postgres,156.67,19.9,1451,spotify,42.01,19.8
1775698451.44,8777.12,7606.88,53.6,1003,java,470.57,9.9,1119,node,30.33,12.9,1227,node,253.31,0.6,1335,postgres,44.19,8.8,1448,java,34.28,12.8
1775698453.44,8776.99,7607.01,53.6,1008,slack,529.27,2.3,1113,code,344.89,0.1,1225,code,211.33,23.8,1337,python3,33.76,13.5,1445,slack,124.9,23.4
1775698455.44,8764.62,7619.38,53.5,1010,spotify,258.73,2.5,1112,firefox,91.15,24.2,1230,postgres,198.0,27.3,1342,code,198.52,4.9,1449,python3,88.31,20.7
1775698457.44,8782.17,7601.83,53.6,1005,java,644.5,13.0,1119,java,104.63,5.7,1232,docker,210.03,22.4,1334,node,168.97,28.0,1451,slack,125.63,11.6
1775698459.44,8827.17,7556.83,53.9,1000,chrome,389.68,0.1,1116,chrome,395.37,28.0,1232,firefox,120.55,25.1,1338,docker,28.48,25.3,1453,slack,94.21,3.5
1775698461.44,8840.39,7543.61,54.0,1005,code,518.71,1.0,1121,firefox,117.26,16.1,1228,postgres,26.4,3.2,1337,python3,142.98,24.5,1446,postgres,60.99,12.4
1775698463.44,8855.28,7528.72,54.0,1001,docker,281.29,9.0,1111,chrome,392.97,9.8,1223,python3,249.52,18.1,1334,firefox,33.76,29.2,1449,firefox,143.26,5.5
1775698465.44,8863.28,7520.72,54.1,1008,slack,734.73,2.4,1119,spotify,351.36,16.4,1230,postgres,41.78,12.1,1333,postgres,184.78,12.6,1454,firefox,50.36,1.6
1775698467.44,8891.14,7492.86,54.3,1009,chrome,130.12,14.3,1118,firefox,177.25,3.2,1224,spotify,251.58,26.9,1336,code,75.14,5.6,1453,code,104.63,0.5
1775698469.44,8897.45,7486.55,54.3,1010,slack,228.94,12.2,1121,slack,353.15,17.3,1225,docker,153.56,1.8,1336,spotify,137.54,5.8,1452,postgres,61.64,12.1
1775698471.44,8922.2,7461.8,54.5,1004,postgres,236.77,25.7,1112,java,120.62,18.2,1222,code,118.05,5.7,1337,python3,120.62,24.4,1453,code,155.08,7.5
1775698473.44,8921.23,7462.77,54.5,1001,java,149.72,6.5,1112,spotify,26.06,6.3,1223,chrome,120.01,10.2,1340,python3,40.06,19.4,1445,firefox,58.77,12.3
1775698475.44,8912.33,7471.67,54.4,1007,node,693.32,4.4,1117,firefox,95.5,20.0,1232,node,139.14,28.5,1339,chrome,59.77,13.0,1446,chrome,127.21,25.0
1775698477.44,8913.79,7470.21,54.4,1004,python3,262.58,5.3,1111,docker,319.64,15.9,1231,docker,103.63,19.3,1340,node,141.58,8.3,1451,java,50.45,14.4
1775698479.44,8897.14,7486.86,54.3,1003,docker,338.44,29.6,1119,slack,265.71,4.3,1226,firefox,147.17,20.7,1337,slack,162.4,22.4,1444,code,95.07,26.5
1775698481.44,8899.45,7484.55,54.3,1010,slack,691.89,17.2,1119,python3,260.32,29.3,1222,python3,256.32,9.8,1341,java,118.99,0.0,1447,python3,26.27,9.2
1775698483.44,8913.29,7470.71,54.4,1004,spotify,199.6,12.1,1120,spotify,236.51,2.9,1229,spotify,65.73,7.3,1333,firefox,79.42,22.8,1452,firefox,83.97,12.9
1775698485.44,8893.71,7490.29,54.3,1003,java,699.91,6.1,1117,slack,398.48,2.2,1232,slack,126.99,4.1,1336,node,82.04,1.1,1444,spotify,71.37,29.7
1775698487.44,8886.55,7497.45,54.2,1003,code,305.61,7.1,1112,code,327.03,23.7,1230,node,27.71,20.7,1341,python3,135.74,20.9,1444,docker,132.56,6.5
1775698489.44,8876.72,7507.28,54.2,1009,postgres,50.07,20.9,1116,docker,233.61,4.9,1223,spotify,22.01,8.3,1335,python3,56.42,1.4,1446,node,134.09,5.9
1775698491.44,8885.4,7498.6,54.2,1007,node,513.98,0.9,1114,firefox,260.17,26.4,1226,java,55.15,1.9,1335,docker,83.39,5.1,1444,slack,36.26,25.3
1775698493.44,8881.45,7502.55,54.2,1006,code,375.96,21.0,1113,postgres,292.64,21.4,1232,slack,254.16,28.0,1342,firefox,178.7,4.7,1453,slack,109.08,6.5
1775698495.44,8886.07,7497.93,54.2,1007,postgres,286.8,18.2,1111,node,177.18,11.3,1230,docker,248.48,26.2,1334,python3,181.41,6.9,1452,code,94.01,11.8
1775698497.44,8873.68,7510.32,54.2,1002,slack,706.85,24.0,1114,chrome,215.66,18.2,1223,node,151.42,2.5,1341,slack,30.04,7.8,1452,python3,134.22,1.3
1775698499.44,8856.13,7527.87,54.1,1002,node,574.08,2.7,1113,spotify,190.88,12.7,1232,slack,36.71,22.8,1340,python3,140.25,29.8,1449,chrome,14.97,0.3
1775698501.44,8879.55,7504.45,54.2,1000,code,291.87,22.7,1121,spotify,55.4,20.6,1229,code,126.41,26.8,1343,firefox,23.23,18.9,1453,chrome,117.88,29.7
1775698503.44,8884.9,7499.1,54.2,1008,postgres,614.4,7.8,1112,slack,329.79,18.0,1231,slack,135.86,14.7,1334,python3,45.45,22.9,1452,spotify,128.25,9.4
1775698505.44,8868.95,7515.05,54.1,1000,chrome,546.53,26.6,1117,firefox,263.75,2.7,1230,postgres,149.18,12.2,1342,code,56.71,4.5,1448,slack,44.18,9.6
1775698507.44,8873.96,7510.04,54.2,1002,spotify,331.49,1.3,1111,docker,44.89,6.2,1228,spotify,230.67,16.7,1342,firefox,159.97,0.5,1453,slack,37.71,1.9
1775698509.44,8874.98,7509.02,54.2,1008,code,717.65,27.5,1111,postgres,259.59,7.8,1232,python3,153.54,14.2,1336,slack,48.85,21.5,1447,slack,107.16,12.0
1775698511.44,8881.14,7502.86,54.2,1002,java,514.31,8.9,1113,slack,239.28,20.1,1226,java,91.06,0.6,1339,python3,81.55,21.8,1452,java,42.08,9.3
1775698513.44,8883.76,7500.24,54.2,1004,java,167.5,28.4,1116,postgres,349.85,1.3,1228,node,196.95,11.1,1341,python3,67.59,28.8,1444,code,80.47,9.2
1775698515.44,8879.17,7504.83,54.2,1008,spotify,769.98,15.9,1111,node,299.04,11.1,1230,slack,146.35,24.9,1337,firefox,148.53,4.0,1453,chrome,111.05,10.2
1775698517.44,8875.39,7508.61,54.2,1003,node,206.7,23.0,1116,node,335.7,7.7,1227,code,115.35,6.7,1335,code,29.39,21.3,1451,slack,79.97,26.4
1775698519.44,8897.65,7486.35,54.3,1003,node,494.99,18.9,1114,docker,106.29,12.1,1227,node,26.47,12.2,1333,code,191.79,27.5,1453,slack,84.5,28.9
1775698521.44,8905.85,7478.15,54.4,1008,slack,718.87,0.3,1113,node,332.63,29.9,1222,spotify,43.35,23.4,1334,slack,36.48,17.9,1444,node,113.26,10.0
1775698523.44,8906.98,7477.02,54.4,1004,spotify,139.78,21.7,1117,chrome,355.86,20.4,1228,firefox,169.1,10.4,1333,code,70.86,2.1,1445,slack,105.89,17.3
1775698525.44,8918.13,7465.87,54.4,1005,chrome,489.92,22.7,1117,node,88.98,21.7,1225,spotify,167.16,4.4,1336,docker,64.07,10.1,1445,code,48.27,1.1
1775698527.44,8927.48,7456.52,54.5,1002,slack,452.08,28.2,1111,firefox,261.43,23.3,1227,node,139.76,11.9,1339,chrome,109.88,2.9,1446,java,127.05,0.5
1775698529.44,8938.43,7445.57,54.6,1003,firefox,342.94,26.5,1112,chrome,169.86,20.5,1223,firefox,251.74,6.4,1335,node,60.13,10.2,1444,java,86.36,5.5
1775698531.44,8942.47,7441.53,54.6,1007,java,622.29,19.3,1113,spotify,104.07,15.7,1226,postgres,204.08,1.2,1336,postgres,180.57,0.1,1452,docker,127.04,10.3
1775698533.44,8946.28,7437.72,54.6,1008,python3,355.59,6.4,1121,firefox,255.44,3.7,1223,firefox,129.55,20.8,1342,chrome,107.64,29.8,1453,code,130.49,8.6
1775698535.44,8977.54,7406.46,54.8,1007,postgres,487.17,5.0,1120,spotify,258.92,18.8,1231,spotify,218.68,26.1,1343,postgres,168.18,19.3,1453,docker,23.45,15.7
1775698537.44,8995.04,7388.96,54.9,1009,node,160.2,17.0,1115,chrome,314.61,26.6,1231,spotify,214.74,25.7,1335,node,32.82,25.2,1447,postgres,127.08,23.3
1775698539.44,9017.22,7366.78,55.0,1000,java,516.66,0.7,1119,docker,83.13,19.2,1229,java,259.75,0.9,1340,python3,152.99,9.3,1447,slack,101.01,9.8
1775698541.44,9001.54,7382.46,54.9,1008,python3,542.94,16.8,1111,postgres,335.51,26.9,1228,code,262.07,27.1,1342,spotify,93.9,0.9,1446,java,98.58,10.8
1775698543.44,8975.03,7408.97,54.8,1004,code,637.7,11.5,1117,firefox,177.6,2.2,1225,chrome,157.12,24.3,1334,python3,156.22,24.2,1449,spotify,60.53,27.7
1775698545.44,8997.47,7386.53,54.9,1002,node,490.71,23.2,1119,postgres,259.77,1.2,1222,python3,136.27,6.7,1333,slack,93.92,11.7,1450,code,159.77,3.5
1775698547.44,9018.67,7365.33,55.0,1003,code,110.91,5.8,1120,firefox,333.84,24.7,1222,chrome,253.0,11.3,1333,spotify,134.05,2.4,1454,spotify,20.97,22.1
1775698549.44,9034.54,7349.46,55.1,1003,spotify,762.07,19.3,1121,python3,43.86,11.1,1232,postgres,84.2,26.9,1340,docker,124.78,11.7,1444,docker,142.82,21.8
1775698551.44,9041.07,7342.93,55.2,1002,spotify,152.89,0.6,1112,docker,296.87,24.8,1228,chrome,262.16,17.0,1342,code,156.71,7.9,1450,slack,111.19,7.9
1775698553.44,9052.25,7331.75,55.3,1002,firefox,318.41,27.9,1114,firefox,368.43,12.0,1229,slack,248.46,13.9,1336,python3,139.63,2.4,1446,chrome,66.97,6.6
1775698555.44,9051.78,7332.22,55.2,1010,firefox,149.27,14.9,1120,firefox,165.99,5.7,1229,code,239.52,16.4,1337,postgres,123.6,21.8,1446,spotify,58.45,4.2
1775698557.44,9038.95,7345.05,55.2,1004,postgres,796.2,7.1,1114,postgres,337.0,12.0,1230,code,248.59,27.2,1340,slack,44.43,5.6,1444,python3,105.86,26.3
1775698559.44,9051.24,7332.76,55.2,1002,code,521.2,7.8,1117,python3,239.69,10.2,1229,spotify,126.15,22.7,1336,slack,58.07,3.4,1452,python3,91.53,29.9
1775698561.44,9041.15,7342.85,55.2,1000,docker,639.21,17.7,1121,java,176.04,27.8,1223,docker,136.25,1.8,1340,node,181.31,15.5,1446,chrome,64.76,0.1
1775698563.44,9049.92,7334.08,55.2,1002,python3,217.93,10.5,1121,python3,57.32,11.8,1232,firefox,20.37,10.1,1340,code,141.27,12.1,1446,code,88.43,23.1
1775698565.44,9070.71,7313.29,55.4,1007,spotify,766.17,16.7,1119,postgres,113.21,18.7,1230,postgres,212.5,26.0,1335,python3,179.78,1.1,1449,chrome,152.71,20.8
1775698567.44,9109.75,7274.25,55.6,1006,spotify,587.56,7.5,1115,python3,136.8,18.2,1231,slack,155.05,2.0,1334,postgres,77.52,18.8,1452,docker,154.36,22.5
1775698569.44,9132.41,7251.59,55.7,1003,slack,351.24,11.7,1114,slack,313.42,19.7,1222,spotify,129.67,11.4,1334,spotify,24.4,18.8,1451,docker,101.56,14.8
1775698571.44,9138.6,7245.4,55.8,1009,java,429.35,21.6,1113,python3,145.04,17.3,1229,chrome,214.3,16.0,1343,slack,12.62,19.3,1454,node,65.3,20.9
1775698573.44,9156.34,7227.66,55.9,1006,java,595.77,10.0,1118,spotify,39.37,20.2,1224,postgres,241.61,5.3,1338,firefox,62.81,5.5,1452,java,79.1,11.8
1775698575.44,9142.79,7241.21,55.8,1009,postgres,189.27,7.4,1113,slack,302.26,25.4,1228,node,233.24,5.8,1342,code,76.28,4.9,1445,firefox,37.99,22.8
1775698577.44,9138.09,7245.91,55.8,1006,python3,776.47,5.2,1120,node,350.63,6.7,1230,spotify,212.09,11.1,1336,slack,32.41,21.3,1449,firefox,13.85,19.4
1775698579.44,9105.1,7278.9,55.6,1008,firefox,61.72,9.6,1118,postgres,334.32,6.7,1225,postgres,173.7,3.6,1343,slack,167.06,2.2,1445,docker,99.85,4.9
1775698581.44,9115.3,7268.7,55.6,1000,code,678.92,6.3,1115,code,146.97,13.6,1227,firefox,67.24,6.5,1335,firefox,128.63,6.4,1450,docker,119.18,28.5
1775698583.44,9143.51,7240.49,55.8,1007,firefox,84.34,28.8,1115,python3,286.42,19.3,1223,postgres,254.26,23.8,1333,firefox,45.75,11.5,1452,code,114.41,15.7
1775698585.44,9125.84,7258.16,55.7,1000,postgres,320.74,7.1,1119,slack,234.18,23.0,1228,python3,239.21,28.1,1341,java,90.52,28.7,1453,slack,72.33,22.6
1775698587.44,9119.39,7264.61,55.7,1002,python3,419.53,10.1,1116,postgres,228.01,10.2,1231,java,257.8,23.9,1338,spotify,66.51,15.1,1448,spotify,146.57,29.0
1775698589.44,9126.7,7257.3,55.7,1000,chrome,82.16,24.0,1116,node,244.87,26.4,1223,node,49.45,26.3,1334,firefox,175.34,2.1,1444,firefox,60.99,1.0
1775698591.44,9113.29,7270.71,55.6,1008,python3,561.5,8.5,1115,slack,221.8,11.5,1231,spotify,265.44,14.7,1340,node,91.83,27.0,1451,postgres,106.47,4.5
1775698593.44,9128.84,7255.16,55.7,1002,firefox,265.93,28.5,1112,slack,106.91,24.4,1230,code,200.93,5.7,1334,python3,50.03,4.3,1454,chrome,104.04,18.7
1775698595.44,9130.64,7253.36,55.7,1001,slack,233.56,7.9,1113,node,294.08,13.9,1222,slack,57.93,14.1,1341,code,137.22,5.3,1446,firefox,82.01,9.6
1775698597.44,9131.58,7252.42,55.7,1006,python3,697.05,28.3,1116,python3,256.98,15.3,1232,docker,112.27,19.7,1336,code,86.09,16.5,1446,docker,154.05,19.4
1775698599.44,9118.54,7265.46,55.7,1003,node,382.17,21.5,1114,spotify,270.77,29.0,1222,firefox,62.11,4.7,1342,spotify,52.64,12.4,1446,code,119.92,24.0
1775698601.44,9108.79,7275.21,55.6,1008,python3,227.34,5.0,1121,firefox,288.43,7.3,1231,slack,67.46,16.7,1337,postgres,90.85,14.7,1454,docker,120.57,26.5
1775698603.44,9093.38,7290.62,55.5,1004,node,756.42,17.1,1115,postgres,241.6,28.6,1229,spotify,195.54,3.5,1340,spotify,167.16,25.8,1451,chrome,38.02,5.2
1775698605.44,9099.15,7284.85,55.5,1007,slack,733.0,21.6,1114,docker,290.47,24.5,1224,spotify,254.48,28.4,1341,node,37.0,0.8,1454,code,30.21,10.9
1775698607.44,9102.49,7281.51,55.6,1000,slack,191.33,1.1,1111,postgres,310.37,14.7,1232,docker,146.32,15.2,1342,docker,78.0,6.3,1449,slack,63.6,7.1
1775698609.44,9070.4,7313.6,55.4,1000,node,63.0,29.3,1114,java,267.03,24.4,1231,firefox,44.04,2.0,1335,node,176.0,17.1,1445,chrome,126.84,19.3
1775698611.44,9064.13,7319.87,55.3,1009,firefox,548.01,2.8,1114,docker,128.94,26.0,1230,node,30.84,24.7,1333,spotify,90.42,14.1,1447,spotify,84.98,18.3
1775698613.44,9076.61,7307.39,55.4,1001,node,168.05,26.0,1118,java,199.96,19.8,1222,code,168.13,22.4,1334,code,33.63,12.1,1446,python3,16.28,18.5
1775698615.44,9087.77,7296.23,55.5,1005,slack,619.96,28.0,1114,spotify,305.04,6.4,1226,spotify,64.78,11.4,1336,slack,15.01,5.4,1454,postgres,126.5,3.1
1775698617.44,9090.01,7293.99,55.5,1008,java,519.01,4.2,1116,chrome,241.16,9.8,1224,python3,165.75,11.3,1333,spotify,48.81,25.4,1449,java,135.95,2.0
1775698619.44,9078.98,7305.02,55.4,1003,spotify,497.15,3.8,1120,docker,333.81,23.3,1225,docker,46.33,8.3,1339,firefox,115.57,16.2,1450,postgres,124.39,3.9
1775698621.44,9086.73,7297.27,55.5,1002,chrome,155.63,14.5,1111,java,71.17,18.4,1229,node,156.05,8.3,1335,spotify,128.64,13.3,1445,java,73.93,17.7
1775698623.44,9078.29,7305.71,55.4,1004,slack,537.57,27.0,1116,firefox,122.9,25.9,1232,chrome,72.13,21.3,1337,chrome,59.32,3.7,1453,firefox,146.2,12.2
1775698625.44,9046.16,7337.84,55.2,1004,spotify,98.66,13.3,1121,firefox,164.49,12.8,1224,node,79.49,25.2,1335,postgres,99.08,0.1,1444,slack,18.91,3.6
1775698627.44,9048.02,7335.98,55.2,1003,chrome,654.57,22.1,1117,slack,111.19,13.5,1226,code,138.91,12.7,1333,slack,14.96,2.9,1454,firefox,77.16,4.4
1775698629.44,9072.61,7311.39,55.4,1007,code,196.61,1.3,1118,code,117.44,13.9,1225,firefox,36.59,1.4,1337,firefox,194.37,28.6,1451,postgres,39.92,12.0
1775698631.44,9078.25,7305.75,55.4,1000,spotify,376.32,10.5,1119,firefox,192.56,21.1,1231,postgres,140.71,6.1,1341,chrome,75.08,30.0,1447,spotify,70.39,24.7
1775698633.44,9093.45,7290.55,55.5,1006,java,667.39,2.4,1120,code,221.73,24.9,1229,chrome,24.69,29.4,1339,java,92.29,9.3,1449,spotify,13.74,2.0
1775698635.44,9086.7,7297.3,55.5,1007,docker,143.24,7.6,1111,postgres,244.59,16.3,1230,code,221.8,16.9,1343,postgres,120.16,9.5,1454,code,57.5,5.2
1775698637.44,9087.05,7296.95,55.5,1010,spotify,666.28,27.9,1117,spotify,223.45,14.8,1225,code,66.33,17.7,1343,code,165.06,11.5,1452,postgres,25.31,27.2
1775698639.44,9108.64,7275.36,55.6,1007,postgres,764.41,14.6,1120,postgres,118.09,24.9,1227,java,62.42,22.1,1341,spotify,124.09,17.5,1445,spotify,76.91,0.4
1775698641.44,9101.79,7282.21,55.6,1010,python3,69.73,14.0,1119,docker,332.43,16.2,1224,code,38.92,1.6,1335,chrome,130.78,19.8,1448,code,137.44,27.1
1775698643.44,9070.79,7313.21,55.4,1001,node,327.03,21.1,1120,spotify,217.36,15.1,1231,docker,241.87,26.9,1334,docker,192.97,21.9,1452,slack,103.89,28.9
1775698645.44,9087.88,7296.12,55.5,1008,java,720.62,9.1,1113,python3,309.19,13.5,1227,slack,144.95,27.8,1342,docker,194.85,11.2,1444,slack,35.89,24.4
1775698647.44,9081.08,7302.92,55.4,1007,firefox,404.96,2.8,1113,node,167.59,2.6,1231,java,39.54,19.4,1334,python3,108.29,15.0,1453,postgres,128.72,18.0
1775698649.44,9053.32,7330.68,55.3,1006,spotify,757.45,20.1,1118,chrome,125.18,17.7,1225,code,81.33,23.7,1342,java,33.59,12.8,1451,slack,106.35,5.3
1775698651.44,9069.34,7314.66,55.4,1008,slack,218.1,21.7,1116,code,317.14,13.8,1232,java,62.1,19.2,1342,java,144.13,8.5,1453,java,67.56,7.5
1775698653.44,9068.42,7315.58,55.3,1004,python3,98.57,0.3,1119,firefox,63.33,4.3,1227,spotify,206.68,24.8,1339,postgres,114.24,3.8,1452,spotify,154.02,23.4
1775698655.44,9089.96,7294.04,55.5,1008,node,510.56,26.4,1113,postgres,173.2,4.5,1230,docker,167.15,2.0,1333,spotify,168.69,2.7,1445,node,159.81,3.4
1775698657.44,9129.19,7254.81,55.7,1009,python3,798.93,26.2,1117,code,112.24,14.3,1228,chrome,102.1,29.4,1333,postgres,72.73,15.3,1450,firefox,126.96,21.0
1775698659.44,9100.9,7283.1,55.5,1004,postgres,421.69,7.9,1120,code,185.84,19.5,1225,postgres,85.07,23.6,1339,java,170.96,14.1,1451,code,125.86,3.8
1775698661.44,9100.85,7283.15,55.5,1008,slack,767.32,21.9,1117,docker,337.5,4.4,1226,code,127.38,12.4,1334,node,169.95,18.7,1450,java,152.08,16.4
1775698663.44,9120.43,7263.57,55.7,1003,spotify,346.87,18.6,1118,postgres,373.87,11.4,1226,code,98.5,17.7,1338,chrome,33.25,18.4,1453,python3,18.79,20.6
1775698665.44,9107.32,7276.68,55.6,1000,firefox,135.04,14.2,1117,chrome,110.15,17.9,1230,java,68.45,9.4,1339,python3,31.25,17.4,1449,firefox,99.92,11.4
1775698667.44,9220.15,7163.85,56.3,1010,spotify,275.85,4.1,1119,spotify,118.83,1.4,1228,java,187.27,8.2,1341,spotify,94.05,14.9,1444,firefox,128.38,7.9
1775698669.44,9247.5,7136.5,56.4,1005,docker,617.2,10.2,1111,spotify,193.98,28.6,1227,node,64.74,15.2,1342,chrome,92.22,7.3,1449,postgres,129.84,26.3
1775698671.44,9250.82,7133.18,56.5,1002,java,302.38,8.7,1112,java,262.23,18.1,1227,node,248.0,0.3,1343,java,42.55,5.6,1446,python3,54.12,28.9
1775698673.44,9256.47,7127.53,56.5,1007,postgres,350.93,22.9,1120,code,171.3,3.1,1224,postgres,193.95,3.0,1338,slack,165.37,7.5,1452,java,159.01,0.2
1775698675.44,9242.25,7141.75,56.4,1001,docker,491.61,29.5,1118,docker,396.86,3.8,1223,python3,161.13,26.5,1338,docker,187.01,26.9,1448,docker,30.24,21.5
1775698677.44,9250.9,7133.1,56.5,1002,code,739.64,1.6,1119,postgres,110.8,22.8,1229,firefox,73.66,10.4,1342,java,174.95,16.0,1451,slack,62.55,24.6
1775698679.44,9223.48,7160.52,56.3,1008,python3,282.32,3.7,1119,node,213.8,26.4,1227,postgres,28.45,20.3,1339,postgres,69.78,11.0,1454,docker,60.78,4.4
1775698681.44,9234.5,7149.5,56.4,1002,docker,264.1,16.1,1118,spotify,300.04,29.5,1229,docker,241.96,11.9,1336,node,137.09,19.4,1454,python3,83.39,0.9
1775698683.44,9264.56,7119.44,56.5,1006,python3,664.74,26.9,1116,chrome,270.65,1.8,1223,spotify,212.68,28.9,1333,postgres,74.18,19.1,1444,java,101.33,23.8
1775698685.44,9268.5,7115.5,56.6,1009,node,298.27,6.9,1115,chrome,38.41,27.6,1232,code,145.34,21.5,1339,docker,101.41,8.6,1445,java,61.8,5.2
1775698687.44,9293.07,7090.93,56.7,1005,postgres,246.42,1.6,1119,node,332.29,26.4,1223,docker,167.36,6.5,1341,code,15.42,20.6,1454,firefox,46.14,17.9
1775698689.44,9303.91,7080.09,56.8,1008,java,652.93,17.0,1117,spotify,222.89,23.3,1231,chrome,93.19,29.6,1340,spotify,144.33,25.1,1445,postgres,135.96,20.4
1775698691.44,9317.97,7066.03,56.9,1001,spotify,455.34,28.9,1115,python3,125.42,27.1,1230,node,164.76,4.9,1336,node,119.0,3.1,1445,slack,85.0,11.8
1775698693.44,9333.5,7050.5,57.0,1008,slack,743.12,21.4,1119,node,87.92,3.6,1223,chrome,62.95,5.3,1333,chrome,24.32,15.7,1451,java,66.91,1.4
1775698695.44,9301.48,7082.52,56.8,1009,slack,739.66,20.3,1117,code,29.2,2.5,1226,node,109.83,23.9,1337,chrome,184.49,7.1,1452,postgres,149.28,19.5
1775698697.44,9298.31,7085.69,56.8,1007,postgres,365.86,22.5,1119,python3,98.12,9.3,1231,firefox,224.68,23.7,1333,chrome,49.73,23.2,1444,docker,135.3,12.1
1775698699.44,9294.22,7089.78,56.7,1004,firefox,764.37,17.6,1118,code,149.28,27.1,1222,java,124.88,26.9,1339,java,62.88,2.2,1454,java,147.42,9.0
1775698701.44,9300.61,7083.39,56.8,1003,postgres,51.19,13.4,1116,code,174.56,24.5,1231,postgres,209.77,14.1,1341,spotify,15.32,23.2,1447,java,72.95,6.1
1775698703.44,9304.78,7079.22,56.8,1009,spotify,516.37,4.8,1120,docker,319.34,15.8,1230,java,156.17,15.6,1343,spotify,34.68,15.9,1454,docker,127.24,2.2
1775698705.44,9332.1,7051.9,57.0,1001,spotify,390.85,11.3,1120,node,72.44,28.3,1224,java,236.96,22.9,1338,docker,171.74,18.9,1453,slack,134.66,5.6
1775698707.44,9829.17,6554.83,60.0,1008,chrome,620.79,29.4,1120,firefox,375.45,28.2,1229,firefox,100.57,9.4,1334,docker,103.75,8.7,1445,python3,83.24,11.6
1775698709.44,9832.29,6551.71,60.0,1010,slack,158.49,2.8,1120,java,377.49,13.1,1224,python3,51.89,28.3,1338,slack,122.68,13.5,1448,firefox,49.96,4.0
1775698711.44,9838.47,6545.53,60.0,1004,firefox,414.58,25.1,1116,java,317.31,3.8,1231,python3,48.25,26.1,1340,chrome,145.68,0.5,1444,code,104.82,6.6
1775698713.44,9835.33,6548.67,60.0,1002,node,670.46,8.4,1118,python3,213.66,27.6,1231,firefox,238.52,26.6,1337,chrome,23.45,14.6,1454,slack,37.42,20.7
1775698715.44,9822.91,6561.09,60.0,1002,java,104.37,28.2,1119,firefox,27.34,2.0,1227,slack,177.04,22.6,1333,code,34.28,11.2,1444,spotify,36.7,13.9
1775698717.44,9838.53,6545.47,60.0,1006,code,610.65,1.3,1116,node,380.13,25.9,1229,chrome,221.87,4.1,1333,chrome,99.2,24.3,1453,firefox,112.07,0.1
1775698719.44,9799.72,6584.28,59.8,1010,code,707.94,17.2,1115,slack,291.77,21.0,1225,python3,216.03,15.7,1339,spotify,116.62,6.4,1450,firefox,29.73,7.7
1775698721.44,9825.06,6558.94,60.0,1009,slack,744.27,29.3,1114,postgres,329.1,2.5,1223,chrome,81.12,1.4,1338,slack,137.0,12.1,1454,python3,20.31,26.8
1775698723.44,9818.88,6565.12,59.9,1005,docker,242.03,22.9,1114,firefox,351.76,4.5,1230,chrome,118.07,8.2,1341,java,19.8,12.9,1447,spotify,92.19,29.7
1775698725.44,9851.16,6532.84,60.1,1008,postgres,775.75,9.5,1114,java,370.43,23.9,1232,postgres,118.14,4.1,1333,firefox,75.12,13.4,1451,postgres,115.7,11.8
1775698727.44,9851.15,6532.85,60.1,1001,firefox,770.69,4.8,1120,python3,298.44,0.3,1222,slack,250.9,27.1,1338,code,20.47,18.9,1448,chrome,109.91,18.0
1775698729.44,9857.12,6526.88,60.2,1008,java,121.07,29.6,1111,python3,148.2,8.8,1229,java,30.16,21.1,1335,chrome,88.65,18.6,1447,firefox,132.64,28.0
1775698731.44,9853.4,6530.6,60.1,1002,chrome,719.73,20.0,1113,docker,362.92,23.5,1231,firefox,234.65,1.8,1335,java,154.91,21.0,1444,code,57.93,10.1
1775698733.44,9876.63,6507.37,60.3,1010,spotify,244.72,19.0,1120,firefox,37.0,8.5,1229,code,207.91,21.1,1335,docker,124.06,1.5,1449,spotify,111.11,19.3
1775698735.44,9851.0,6533.0,60.1,1001,chrome,57.29,11.8,1121,spotify,106.09,9.1,1222,node,189.17,17.4,1333,postgres,77.79,28.1,1447,java,16.84,18.3
1775698737.44,9863.73,6520.27,60.2,1009,code,766.56,29.7,1116,spotify,256.22,5.2,1230,firefox,103.19,22.5,1338,spotify,76.34,1.4,1450,code,14.99,12.2
1775698739.44,9862.26,6521.74,60.2,1000,chrome,348.34,12.9,1119,chrome,52.63,11.6,1229,docker,82.36,23.3,1336,docker,106.43,20.8,1446,node,109.33,17.1
1775698741.44,9858.1,6525.9,60.2,1003,chrome,52.08,14.7,1117,python3,150.32,0.2,1224,firefox,223.78,2.2,1336,java,71.21,3.9,1450,python3,52.88,13.8
1775698743.44,9877.92,6506.08,60.3,1010,python3,546.12,17.2,1113,node,320.98,9.2,1223,code,20.48,23.6,1342,chrome,133.09,26.8,1454,chrome,63.43,0.2
1775698745.44,9880.23,6503.77,60.3,1003,chrome,163.6,27.1,1112,java,172.22,6.6,1224,spotify,248.55,8.4,1343,firefox,192.07,27.7,1451,firefox,123.14,29.9
1775698747.44,9862.19,6521.81,60.2,1007,firefox,692.91,25.8,1112,python3,247.53,17.8,1228,postgres,58.54,1.4,1336,java,138.32,26.5,1444,python3,78.64,10.6
1775698749.44,9867.28,6516.72,60.2,1009,python3,50.82,13.3,1112,firefox,340.7,6.8,1230,chrome,61.9,12.9,1335,code,133.82,18.2,1454,python3,20.13,27.2
1775698751.44,9878.5,6505.5,60.3,1009,docker,592.09,20.6,1120,code,187.65,23.2,1230,java,69.53,11.1,1341,slack,27.79,17.7,1449,spotify,122.44,20.7
1775698753.44,9856.08,6527.92,60.2,1000,chrome,612.81,23.2,1114,docker,225.62,24.2,1231,node,33.46,29.4,1342,python3,107.85,17.5,1446,slack,51.42,28.8
1775698755.44,9860.99,6523.01,60.2,1001,slack,153.58,21.7,1118,python3,25.46,5.3,1225,spotify,90.3,3.8,1336,python3,136.72,4.7,1448,code,51.61,14.6
1775698757.44,9859.7,6524.3,60.2,1008,code,99.53,29.2,1116,spotify,250.92,5.9,1222,python3,200.6,22.0,1335,chrome,131.38,29.4,1448,python3,42.85,3.9
1775698759.44,9870.43,6513.57,60.2,1002,code,232.77,21.5,1111,python3,213.75,12.5,1222,java,80.03,5.9,1343,chrome,77.08,23.8,1447,docker,78.54,10.7
1775698761.44,9876.51,6507.49,60.3,1001,chrome,538.82,29.7,1112,java,280.99,24.4,1223,docker,91.3,26.0,1333,python3,121.63,28.7,1447,code,151.62,0.9
1775698763.44,9873.2,6510.8,60.3,1008,postgres,100.16,11.6,1113,python3,237.81,24.0,1225,code,121.62,0.4,1333,firefox,88.6,26.5,1450,java,79.08,22.6
1775698765.44,9885.16,6498.84,60.3,1001,spotify,434.11,11.8,1116,chrome,138.7,8.6,1226,postgres,180.67,13.2,1339,java,196.19,20.5,1453,node,117.59,17.0
1775698767.44,9876.35,6507.65,60.3,1009,java,175.46,5.7,1113,java,75.51,26.5,1223,code,90.55,4.4,1336,java,137.27,27.6,1449,slack,114.31,8.0
1775698769.44,9890.02,6493.98,60.4,1000,slack,601.21,28.5,1120,spotify,61.78,18.7,1228,python3,176.53,21.7,1334,spotify,119.54,11.4,1447,node,93.96,24.1
1775698771.44,9908.93,6475.07,60.5,1004,docker,780.58,5.6,1116,chrome,161.75,7.1,1225,postgres,253.98,28.5,1333,node,27.04,21.2,1449,slack,84.93,0.8
1775698773.44,9921.17,6462.83,60.6,1006,spotify,556.35,15.0,1118,java,245.06,26.8,1226,firefox,253.41,10.8,1336,java,82.01,14.2,1448,java,68.0,21.8
1775698775.44,9920.19,6463.81,60.5,1001,java,206.47,8.4,1112,python3,153.72,11.1,1230,chrome,159.84,27.8,1342,postgres,107.76,24.4,1446,java,99.39,9.7
1775698777.44,9938.94,6445.06,60.7,1002,code,690.09,7.2,1118,postgres,76.27,11.0,1231,code,83.09,11.5,1337,chrome,199.57,28.6,1454,slack,97.53,7.4
1775698779.44,9932.18,6451.82,60.6,1001,postgres,632.56,26.6,1114,chrome,194.8,12.4,1232,docker,73.17,28.8,1343,chrome,18.12,19.4,1445,docker,151.02,24.7
1775698781.44,9939.92,6444.08,60.7,1008,docker,119.28,28.0,1115,firefox,83.66,10.9,1232,postgres,201.45,5.3,1341,docker,61.21,25.3,1454,docker,17.29,14.9
1775698783.44,9936.37,6447.63,60.6,1010,chrome,568.63,12.3,1116,python3,108.46,13.3,1229,python3,160.99,12.0,1338,java,47.81,14.0,1445,postgres,146.65,19.4
1775698785.44,9961.19,6422.81,60.8,1007,slack,97.16,27.8,1116,firefox,268.4,19.7,1222,chrome,23.0,4.6,1343,python3,149.28,2.0,1446,firefox,79.47,25.4
1775698787.44,9968.99,6415.01,60.8,1009,postgres,220.03,17.2,1112,node,311.15,15.9,1232,code,140.26,4.9,1333,node,35.3,11.3,1449,firefox,116.38,15.5
1775698789.44,9944.16,6439.84,60.7,1009,docker,638.07,10.3,1116,spotify,157.09,26.8,1232,node,244.05,4.5,1335,docker,55.03,18.5,1452,spotify,101.19,0.0
1775698791.44,9965.28,6418.72,60.8,1003,firefox,219.13,6.8,1117,code,215.23,29.2,1229,java,39.58,1.5,1340,chrome,108.4,11.7,1451,code,124.67,24.2
1775698793.44,9970.51,6413.49,60.9,1001,python3,347.32,10.6,1119,node,359.86,16.7,1230,python3,193.19,28.9,1340,java,185.57,22.9,1452,postgres,126.9,14.4
1775698795.44,9962.13,6421.87,60.8,1002,python3,207.37,29.1,1114,python3,78.11,4.8,1230,chrome,175.35,22.6,1337,postgres,199.46,10.4,1454,spotify,33.14,24.5
1775698797.44,9983.69,6400.31,60.9,1005,java,92.87,5.5,1120,firefox,104.15,19.7,1228,node,224.95,19.1,1340,node,25.0,19.4,1452,chrome,50.73,20.5
1775698799.44,9982.86,6401.14,60.9,1003,chrome,414.18,9.5,1119,postgres,314.56,19.6,1227,python3,20.05,19.8,1336,java,45.22,19.8,1452,postgres,109.6,6.9
1775698801.44,9991.25,6392.75,61.0,1004,docker,83.77,9.6,1120,code,324.73,28.1,1232,code,108.74,12.8,1337,code,27.03,23.0,1454,firefox,59.49,8.1
1775698803.44,9976.65,6407.35,60.9,1009,java,494.32,6.3,1116,docker,230.17,10.7,1224,chrome,135.96,0.0,1335,chrome,60.05,13.0,1446,chrome,20.67,26.0
1775698805.44,9968.9,6415.1,60.8,1001,node,478.68,22.6,1117,spotify,176.33,16.0,1232,docker,118.16,17.0,1341,docker,52.93,4.9,1451,docker,44.7,23.9
1775698807.44,9969.46,6414.54,60.8,1007,java,556.21,0.8,1116,spotify,386.44,16.0,1229,slack,121.76,7.1,1343,node,188.88,20.5,1448,node,27.29,2.8
1775698809.44,9971.48,6412.52,60.9,1010,spotify,527.7,5.5,1112,python3,42.13,3.6,1223,firefox,227.21,23.2,1340,java,63.55,8.5,1454,docker,129.93,8.5
1775698811.44,10078.51,6305.49,61.5,1002,java,776.13,13.9,1115,postgres,229.28,22.9,1229,java,91.1,13.4,1340,postgres,178.4,2.7,1447,java,143.58,12.8
1775698813.44,10090.38,6293.62,61.6,1003,firefox,286.05,6.6,1114,chrome,245.82,11.6,1226,spotify,123.32,5.6,1340,docker,27.33,26.5,1453,firefox,30.6,20.9
1775698815.44,10090.02,6293.98,61.6,1005,spotify,399.46,0.2,1116,firefox,66.3,15.9,1229,java,185.27,12.8,1336,code,172.5,18.4,1452,spotify,137.49,25.2
1775698817.44,10092.07,6291.93,61.6,1010,java,236.01,29.2,1115,postgres,304.5,9.2,1226,code,214.59,9.2,1334,java,119.26,18.1,1447,spotify,46.37,21.2
1775698819.44,10071.82,6312.18,61.5,1007,postgres,219.81,26.4,1117,postgres,31.44,22.8,1232,slack,59.5,6.7,1342,firefox,106.34,3.8,1451,node,158.25,20.1
1775698821.44,10046.94,6337.06,61.3,1004,code,236.88,3.1,1111,spotify,192.08,1.8,1224,code,231.77,22.9,1340,firefox,69.0,25.5,1449,node,53.06,21.3
1775698823.44,10041.9,6342.1,61.3,1009,python3,694.36,3.8,1114,chrome,41.09,8.3,1228,postgres,112.04,1.9,1342,node,118.73,24.7,1446,firefox,26.0,23.4
1775698825.44,10050.7,6333.3,61.3,1005,slack,580.23,11.7,1116,spotify,151.52,20.3,1229,chrome,155.51,12.9,1334,spotify,126.78,28.3,1448,firefox,92.88,5.7
1775698827.44,10079.68,6304.32,61.5,1003,code,104.36,28.0,1119,firefox,43.02,6.1,1224,node,223.87,4.7,1343,python3,18.78,7.5,1448,docker,53.91,8.0
1775698829.44,10081.82,6302.18,61.5,1009,java,428.33,20.8,1121,java,318.04,16.2,1222,chrome,154.71,27.0,1343,firefox,145.77,26.9,1453,postgres,67.21,17.5
1775698831.44,10088.99,6295.01,61.6,1010,code,534.97,29.2,1118,postgres,49.15,7.9,1222,postgres,68.63,9.6,1335,node,113.11,23.7,1449,chrome,34.51,24.5
1775698833.44,10079.83,6304.17,61.5,1005,python3,199.23,4.0,1113,spotify,322.45,0.3,1222,python3,99.21,17.2,1334,node,50.83,0.3,1444,node,39.59,12.2
1775698835.44,10072.34,6311.66,61.5,1001,java,637.48,11.0,1111,docker,345.96,4.3,1229,spotify,169.16,22.5,1338,node,181.0,1.7,1448,firefox,41.59,2.3
1775698837.44,10099.63,6284.37,61.6,1004,docker,177.97,0.9,1115,python3,42.5,16.2,1229,code,253.3,24.0,1333,code,97.67,4.9,1446,python3,53.9,26.4
1775698839.44,10081.08,6302.92,61.5,1006,postgres,545.42,16.4,1112,docker,265.82,20.7,1227,postgres,120.15,18.7,1342,python3,186.06,1.5,1449,slack,44.11,26.2
1775698841.44,10056.66,6327.34,61.4,1008,code,184.91,9.5,1111,spotify,318.23,10.3,1228,slack,87.1,7.6,1341,python3,190.09,14.6,1454,node,77.71,23.1
1775698843.44,10066.49,6317.51,61.4,1002,code,114.46,1.4,1119,docker,387.25,1.3,1227,slack,120.65,27.5,1342,chrome,138.05,26.7,1445,docker,138.26,25.9
1775698845.44,10043.72,6340.28,61.3,1009,python3,314.39,17.6,1120,spotify,119.43,10.6,1231,firefox,200.47,26.9,1334,docker,31.63,5.3,1451,java,122.27,7.5
1775698847.44,10046.11,6337.89,61.3,1000,firefox,692.87,4.5,1112,java,91.06,20.4,1232,postgres,164.44,19.4,1336,node,151.26,0.0,1452,node,40.35,8.7
1775698849.44,10036.42,6347.58,61.3,1008,docker,431.43,17.4,1116,chrome,126.61,0.6,1224,chrome,231.71,18.4,1339,slack,140.82,2.1,1449,node,128.2,13.4
1775698851.44,10065.67,6318.33,61.4,1002,java,370.35,19.7,1113,spotify,302.91,12.4,1226,python3,129.75,14.9,1338,python3,42.5,10.8,1446,chrome,72.75,26.6
1775698853.44,10062.17,6321.83,61.4,1010,firefox,479.53,27.8,1113,spotify,132.19,2.1,1228,node,27.18,17.7,1338,spotify,87.92,13.1,1451,python3,106.86,5.2
1775698855.44,10067.41,6316.59,61.4,1002,chrome,373.6,2.3,1121,postgres,258.81,0.8,1232,slack,101.58,5.8,1334,node,135.26,22.8,1444,chrome,50.89,16.0
1775698857.44,10081.43,6302.57,61.5,1001,python3,687.88,2.8,1113,code,164.54,8.9,1232,code,194.47,16.1,1339,slack,90.72,15.0,1450,postgres,144.04,3.1
1775698859.44,10062.7,6321.3,61.4,1004,slack,452.93,11.7,1115,python3,338.94,20.2,1222,java,61.08,27.8,1340,docker,132.18,14.4,1449,slack,59.09,22.1
1775698861.44,10051.25,6332.75,61.3,1004,code,496.85,21.7,1114,postgres,271.94,3.4,1224,java,218.83,5.4,1336,python3,15.71,20.7,1444,postgres,34.46,7.6
1775698863.44,10061.22,6322.78,61.4,1004,docker,753.25,27.5,1120,code,58.77,25.9,1229,python3,223.01,12.2,1342,spotify,195.64,8.3,1452,code,107.75,15.4
1775698865.44,10256.74,6127.26,62.6,1006,java,357.37,22.1,1113,chrome,48.4,10.4,1225,python3,151.48,5.8,1339,node,176.18,0.1,1454,chrome,59.0,5.4
1775698867.44,10280.06,6103.94,62.7,1003,slack,582.34,28.1,1119,python3,371.84,25.3,1231,python3,181.66,16.9,1342,chrome,23.68,11.9,1450,python3,133.4,22.7
1775698869.44,10307.23,6076.77,62.9,1003,slack,507.06,11.6,1114,node,330.46,12.2,1223,slack,100.72,3.4,1343,slack,183.7,22.5,1450,python3,69.65,3.1
1775698871.44,10295.29,6088.71,62.8,1001,chrome,779.86,5.7,1121,slack,321.66,6.0,1225,spotify,54.76,20.2,1341,node,78.0,5.6,1453,code,89.25,9.8
1775698873.44,10318.01,6065.99,63.0,1007,docker,339.23,19.5,1117,firefox,334.57,5.0,1232,slack,147.33,25.7,1337,node,156.94,18.6,1451,spotify,76.69,12.3
1775698875.44,10308.76,6075.24,62.9,1001,firefox,777.45,12.6,1119,node,227.88,9.0,1232,docker,61.22,20.3,1335,java,83.16,20.9,1450,slack,67.67,5.1
1775698877.44,10322.23,6061.77,63.0,1003,postgres,512.56,17.8,1113,firefox,147.31,18.1,1232,java,173.74,0.3,1340,postgres,178.74,17.4,1453,chrome,76.76,18.8
1775698879.44,10307.96,6076.04,62.9,1006,spotify,791.35,9.1,1118,spotify,257.03,14.5,1230,chrome,154.98,17.9,1337,docker,60.3,10.6,1453,spotify,52.63,8.3
1775698881.44,10317.42,6066.58,63.0,1004,code,358.22,7.3,1118,slack,378.9,10.3,1228,spotify,150.78,16.0,1339,postgres,158.08,16.0,1448,postgres,57.41,23.8
1775698883.44,10314.62,6069.38,63.0,1006,chrome,295.0,5.1,1111,python3,174.43,28.8,1222,java,116.72,16.6,1333,chrome,169.98,5.4,1452,postgres,63.79,3.1
1775698885.44,10318.05,6065.95,63.0,1010,chrome,297.41,9.2,1119,slack,113.86,17.9,1229,postgres,225.02,22.3,1334,slack,77.68,29.5,1447,chrome,32.41,28.8
1775698887.44,10336.87,6047.13,63.1,1000,chrome,209.64,20.4,1117,java,63.18,26.7,1231,firefox,177.93,0.5,1338,java,67.4,16.7,1453,node,133.82,29.4
1775698889.44,10320.58,6063.42,63.0,1000,slack,620.88,27.4,1111,code,224.06,4.9,1232,chrome,24.47,18.9,1336,java,82.32,20.6,1444,node,50.71,8.9
1775698891.44,10293.03,6090.97,62.8,1009,spotify,753.61,11.8,1115,firefox,383.01,16.8,1228,firefox,57.88,28.2,1339,python3,160.14,3.8,1449,firefox,101.69,13.1
1775698893.44,10280.09,6103.91,62.7,1002,code,506.74,10.0,1114,postgres,189.84,0.9,1229,postgres,136.77,11.7,1341,postgres,140.89,9.8,1453,node,100.12,9.8
1775698895.44,10281.89,6102.11,62.8,1003,slack,218.92,0.2,1112,python3,132.8,21.9,1225,code,58.22,24.9,1342,chrome,13.12,7.5,1446,python3,151.98,27.9
1775698897.44,10303.55,6080.45,62.9,1010,python3,524.98,13.9,1113,java,314.65,16.1,1230,node,171.04,16.7,1343,firefox,116.4,5.1,1453,postgres,35.55,25.3
1775698899.44,10313.38,6070.62,62.9,1001,java,136.74,15.1,1118,firefox,255.61,13.5,1222,firefox,245.73,15.9,1343,chrome,80.61,18.0,1448,docker,78.12,8.1
1775698901.44,10315.09,6068.91,63.0,1004,docker,705.38,22.0,1115,code,337.48,25.3,1223,firefox,161.81,21.1,1342,docker,49.89,8.7,1453,node,15.5,6.9
1775698903.44,10329.25,6054.75,63.0,1003,code,447.39,12.6,1112,node,114.87,19.3,1231,python3,123.45,1.1,1340,slack,112.8,5.3,1452,code,62.89,5.2
1775698905.44,10319.62,6064.38,63.0,1002,firefox,563.2,9.4,1112,docker,284.32,12.3,1232,node,248.31,21.9,1340,slack,21.88,15.4,1445,firefox,73.73,14.4
1775698907.44,10316.88,6067.12,63.0,1007,code,601.42,13.3,1117,python3,247.18,11.9,1223,postgres,72.79,24.4,1335,spotify,125.86,7.7,1450,java,49.3,27.2
1775698909.44,10335.67,6048.33,63.1,1000,code,86.17,17.9,1116,docker,110.45,0.5,1225,firefox,57.6,21.1,1341,spotify,89.3,15.7,1448,python3,107.58,11.7
1775698911.44,10342.06,6041.94,63.1,1008,postgres,514.44,28.2,1121,spotify,296.57,17.5,1229,python3,156.93,26.3,1340,firefox,131.58,17.1,1452,python3,151.82,22.3
1775698913.44,10344.63,6039.37,63.1,1009,docker,598.35,18.3,1121,code,332.5,9.0,1230,node,176.49,27.2,1340,code,99.15,27.8,1453,slack,54.89,29.0
1775698915.44,10340.45,6043.55,63.1,1004,node,369.09,22.8,1113,slack,398.09,29.5,1223,code,62.22,6.5,1333,node,111.53,10.3,1450,slack,27.11,2.5
1775698917.44,10341.5,6042.5,63.1,1004,firefox,482.33,26.6,1111,spotify,271.26,26.0,1231,python3,225.02,13.4,1342,chrome,81.95,4.4,1450,java,97.78,6.6
1775698919.44,10385.21,5998.79,63.4,1010,firefox,608.39,16.2,1111,docker,385.44,0.4,1232,firefox,65.46,20.2,1333,code,35.35,7.2,1453,code,11.57,28.8
1775698921.44,10356.32,6027.68,63.2,1010,firefox,312.17,7.3,1117,chrome,240.24,20.7,1227,slack,216.07,25.7,1334,chrome,65.64,1.8,1446,postgres,41.83,13.8
1775698923.44,10350.19,6033.81,63.2,1008,docker,204.23,22.7,1113,docker,54.57,20.7,1230,spotify,116.9,7.4,1338,node,162.21,1.8,1444,firefox,91.68,29.3
1775698925.44,10378.51,6005.49,63.3,1004,docker,549.24,2.6,1116,java,332.65,7.2,1229,spotify,63.15,10.4,1334,code,83.72,7.4,1454,spotify,16.39,4.0
1775698927.44,10374.13,6009.87,63.3,1007,python3,392.7,25.7,1119,spotify,183.18,23.0,1228,java,17.84,27.4,1337,python3,110.23,11.3,1448,postgres,20.3,21.1
1775698929.44,10370.54,6013.46,63.3,1007,firefox,525.95,6.1,1119,postgres,178.6,8.0,1227,code,26.04,20.1,1341,chrome,37.88,29.4,1444,postgres,31.41,12.6
1775698931.44,10372.46,6011.54,63.3,1008,code,247.47,7.8,1115,docker,68.52,22.6,1225,spotify,95.91,6.3,1333,spotify,89.71,23.9,1450,docker,70.32,20.9
1775698933.44,10386.36,5997.64,63.4,1000,spotify,180.28,15.2,1115,spotify,215.93,23.0,1227,firefox,44.64,21.2,1338,slack,152.87,13.6,1451,code,78.03,26.6
1775698935.44,10369.24,6014.76,63.3,1008,slack,788.84,23.7,1117,postgres,315.87,23.0,1222,node,92.93,6.2,1341,slack,181.46,15.2,1447,slack,80.48,19.6
1775698937.44,10357.66,6026.34,63.2,1004,docker,387.13,24.9,1112,node,294.05,18.2,1231,code,252.19,10.5,1341,java,194.25,5.6,1446,java,29.99,7.9
1775698939.44,10371.34,6012.66,63.3,1004,code,541.41,5.1,1114,code,254.2,21.7,1227,docker,132.12,0.2,1337,code,16.19,21.2,1451,spotify,135.83,8.2
1775698941.44,10363.0,6021.0,63.3,1008,code,94.62,14.5,1120,postgres,62.05,19.0,1224,python3,204.33,16.3,1340,chrome,122.63,22.1,1451,python3,121.66,29.5
1775698943.44,10359.25,6024.75,63.2,1003,python3,183.09,2.3,1118,postgres,322.54,5.6,1222,postgres,224.76,20.8,1343,node,44.82,3.0,1452,spotify,17.74,5.8
1775698945.44,10347.21,6036.79,63.2,1007,chrome,161.98,12.0,1121,python3,46.03,27.9,1222,chrome,165.31,23.4,1336,java,179.99,12.4,1446,code,95.69,5.9
1775698947.44,10357.68,6026.32,63.2,1000,firefox,398.63,18.1,1111,chrome,60.92,7.3,1227,spotify,258.09,0.8,1340,node,127.88,2.7,1444,docker,35.75,2.8
1775698949.44,10365.22,6018.78,63.3,1007,code,541.31,14.9,1113,code,34.36,24.7,1227,postgres,202.54,23.8,1340,code,119.28,16.4,1445,docker,135.14,13.6
1775698951.44,10391.29,5992.71,63.4,1002,node,619.68,8.8,1113,python3,160.2,2.8,1228,chrome,52.68,5.4,1342,postgres,154.12,4.3,1454,chrome,97.5,9.2
1775698953.44,10402.93,5981.07,63.5,1009,chrome,206.18,5.5,1121,firefox,143.43,6.7,1224,docker,118.91,19.5,1342,postgres,147.54,0.7,1454,python3,50.55,10.3
1775698955.44,10378.61,6005.39,63.3,1005,code,336.7,3.9,1112,spotify,275.28,9.6,1230,spotify,247.21,2.7,1339,slack,177.66,29.8,1448,spotify,130.35,26.5
1775698957.44,10377.68,6006.32,63.3,1008,java,145.18,13.9,1111,chrome,212.57,8.1,1229,postgres,22.58,22.5,1340,slack,195.58,29.3,1445,spotify,14.88,8.7
1775698959.44,10396.48,5987.52,63.5,1006,postgres,82.71,12.1,1119,node,172.39,28.9,1232,python3,225.07,23.6,1336,postgres,113.81,15.3,1448,docker,151.68,1.2
1775698961.44,10402.02,5981.98,63.5,1004,java,190.62,21.4,1111,python3,49.72,5.0,1229,python3,233.22,10.8,1338,chrome,177.25,22.8,1444,chrome,13.09,16.5
1775698963.44,10410.63,5973.37,63.5,1006,docker,229.45,3.3,1111,chrome,218.56,17.2,1231,code,47.0,3.6,1333,chrome,121.18,25.7,1445,java,95.16,22.2
1775698965.44,10416.63,5967.37,63.6,1007,spotify,554.94,28.4,1120,docker,302.5,18.5,1228,chrome,152.11,22.0,1337,slack,197.94,28.5,1452,java,82.0,7.7
1775698967.44,10425.27,5958.73,63.6,1009,spotify,436.29,20.5,1114,java,69.53,2.9,1225,docker,37.29,2.9,1334,firefox,29.84,18.1,1454,firefox,114.15,9.9
1775698969.44,10437.25,5946.75,63.7,1000,node,526.94,24.1,1121,chrome,50.66,6.1,1225,postgres,119.88,0.9,1338,java,189.4,18.2,1448,postgres,97.3,21.1
1775698971.44,10452.1,5931.9,63.8,1002,chrome,121.62,16.5,1115,chrome,328.79,21.2,1230,code,188.85,4.6,1335,node,108.75,17.9,1448,chrome,32.39,26.7
1775698973.44,10463.43,5920.57,63.9,1004,firefox,728.63,14.0,1116,node,179.34,4.8,1225,firefox,265.6,0.5,1337,code,42.4,2.8,1452,python3,92.75,10.0
1775698975.44,10477.33,5906.67,63.9,1001,python3,639.73,29.2,1116,spotify,31.71,20.0,1228,code,237.51,1.8,1342,python3,53.57,7.9,1450,chrome,18.07,3.8
1775698977.44,10477.36,5906.64,63.9,1002,node,787.71,3.8,1121,java,50.74,2.7,1222,postgres,253.29,21.5,1333,docker,150.39,13.1,1449,node,153.36,23.2
1775698979.44,10485.3,5898.7,64.0,1004,postgres,336.38,1.4,1115,python3,360.19,29.4,1228,node,229.7,9.0,1333,code,129.13,10.0,1444,firefox,84.88,22.3
1775698981.44,10477.76,5906.24,64.0,1002,postgres,226.16,16.8,1117,code,209.19,12.3,1224,python3,251.72,22.7,1343,python3,167.38,20.0,1446,java,77.96,0.1
1775698983.44,10470.12,5913.88,63.9,1006,firefox,748.91,23.5,1113,python3,128.52,2.3,1231,docker,237.64,12.3,1341,docker,108.24,25.3,1453,postgres,81.0,24.9
1775698985.44,10459.4,5924.6,63.8,1000,java,781.23,3.3,1119,postgres,212.72,14.5,1226,python3,48.06,9.4,1337,node,70.17,9.2,1450,java,92.15,28.4
1775698987.44,10442.17,5941.83,63.7,1010,java,682.61,18.1,1116,python3,158.84,17.2,1224,chrome,259.14,19.8,1337,postgres,133.03,2.6,1445,code,110.59,18.4
1775698989.44,10444.59,5939.41,63.7,1003,chrome,692.88,12.9,1115,node,151.51,17.6,1226,slack,235.27,15.1,1335,code,111.54,8.3,1450,slack,13.48,12.2
1775698991.44,10425.49,5958.51,63.6,1005,code,662.42,29.8,1113,code,85.37,26.3,1226,node,180.79,8.4,1335,node,174.35,3.6,1450,chrome,56.64,22.3
1775698993.44,10423.69,5960.31,63.6,1001,slack,338.79,29.6,1114,python3,48.43,21.0,1223,spotify,128.35,24.8,1342,spotify,183.58,1.5,1445,postgres,14.87,0.4
1775698995.44,10422.99,5961.01,63.6,1001,node,130.2,20.7,1112,spotify,333.49,22.9,1230,java,28.06,22.5,1343,java,178.27,4.7,1449,spotify,156.67,29.7
1775698997.44,10420.47,5963.53,63.6,1010,docker,666.11,9.9,1116,chrome,260.76,2.3,1229,firefox,72.53,15.9,1334,chrome,101.1,5.0,1452,docker,88.39,0.1
1775698999.44,10408.58,5975.42,63.5,1000,node,400.96,28.4,1112,java,35.31,20.7,1223,spotify,134.16,25.0,1335,node,139.41,26.4,1453,java,47.7,14.7
1775699001.44,10415.33,5968.67,63.6,1007,java,469.74,3.2,1111,python3,324.35,16.4,1232,slack,108.25,10.6,1341,chrome,15.26,19.5,1454,postgres,39.12,23.0
1775699003.44,10421.68,5962.32,63.6,1002,python3,777.71,3.6,1120,chrome,321.0,11.5,1232,java,154.54,25.4,1337,java,137.45,0.6,1451,firefox,19.94,18.6
1775699005.44,10435.68,5948.32,63.7,1002,code,291.39,22.1,1117,postgres,333.79,11.7,1222,docker,248.6,6.5,1338,chrome,196.1,28.6,1454,slack,125.03,26.8
1775699007.44,10448.51,5935.49,63.8,1001,spotify,453.65,6.7,1113,postgres,228.19,8.8,1223,node,22.56,9.0,1334,java,125.13,24.3,1444,firefox,138.72,1.4
1775699009.44,10474.61,5909.39,63.9,1008,java,573.71,12.1,1114,node,275.4,28.1,1227,node,94.13,2.7,1333,firefox,15.7,3.6,1448,docker,73.09,23.1
1775699011.44,10493.66,5890.34,64.0,1009,java,691.64,3.7,1118,node,231.93,9.6,1223,python3,153.17,2.3,1340,docker,74.28,3.0,1447,spotify,65.82,16.9
1775699013.44,10479.42,5904.58,64.0,1010,chrome,621.82,24.4,1118,python3,110.16,11.5,1224,postgres,213.36,13.1,1338,postgres,91.78,13.9,1446,chrome,63.72,13.2
1775699015.44,10478.3,5905.7,64.0,1008,docker,141.88,11.5,1115,docker,224.33,19.2,1225,docker,182.81,1.8,1334,docker,72.13,29.4,1452,chrome,126.45,26.7
1775699017.44,10476.07,5907.93,63.9,1007,python3,337.49,4.9,1113,firefox,122.34,22.6,1232,slack,117.37,4.4,1340,python3,116.56,25.0,1444,docker,72.49,7.5
1775699019.44,10842.18,5541.82,66.2,1006,node,157.86,28.4,1114,firefox,103.09,16.5,1228,docker,121.06,4.2,1342,python3,53.35,15.9,1452,docker,101.11,12.2
1775699021.44,10839.85,5544.15,66.2,1008,java,493.49,7.0,1111,firefox,317.56,23.3,1226,chrome,103.38,0.8,1341,spotify,157.25,14.2,1453,java,121.33,28.7
1775699023.44,10836.0,5548.0,66.1,1006,postgres,632.38,9.4,1121,firefox,179.31,1.7,1229,slack,165.51,13.9,1338,firefox,60.25,13.1,1445,spotify,115.67,0.8
1775699025.44,10844.37,5539.63,66.2,1003,java,612.18,3.9,1114,python3,47.36,5.3,1232,python3,137.2,3.2,1334,docker,168.15,19.5,1451,java,101.01,29.1
1775699027.44,10827.76,5556.24,66.1,1004,python3,512.59,16.3,1112,postgres,125.58,16.6,1231,slack,74.84,11.2,1334,java,191.63,0.2,1453,python3,38.08,27.0
1775699029.44,10826.19,5557.81,66.1,1000,code,797.66,26.7,1113,java,125.74,24.9,1222,java,153.26,26.1,1340,docker,178.16,22.8,1447,code,70.01,5.8
1775699031.44,10776.85,5607.15,65.8,1005,chrome,756.02,8.7,1114,node,94.28,25.1,1224,postgres,245.87,11.3,1336,code,174.32,13.2,1453,postgres,127.38,13.0
1775699033.44,10777.23,5606.77,65.8,1000,java,617.17,9.8,1111,python3,355.37,18.5,1231,slack,97.93,21.0,1336,spotify,54.66,13.9,1446,docker,37.03,25.8
1775699035.44,10795.67,5588.33,65.9,1006,node,311.05,1.4,1120,java,47.31,24.9,1228,docker,115.45,9.9,1335,docker,174.31,16.6,1448,firefox,156.58,17.6
1775699037.44,10792.72,5591.28,65.9,1000,slack,694.37,13.0,1111,java,305.57,29.8,1228,chrome,59.08,16.4,1343,code,118.45,25.3,1446,spotify,16.97,5.6
1775699039.44,10816.9,5567.1,66.0,1004,node,514.77,8.4,1119,spotify,367.7,17.5,1224,python3,103.79,5.8,1336,python3,13.73,5.0,1449,code,16.11,24.3
1775699041.44,10838.77,5545.23,66.2,1001,spotify,713.55,6.8,1116,postgres,148.21,21.5,1222,node,230.5,17.4,1341,slack,65.91,23.5,1453,node,123.26,7.4
1775699043.44,10822.98,5561.02,66.1,1003,java,739.35,17.8,1113,chrome,329.44,0.8,1231,slack,266.62,6.9,1335,postgres,153.62,2.7,1453,chrome,76.65,10.0
1775699045.44,10811.71,5572.29,66.0,1002,chrome,138.43,7.3,1118,java,99.28,14.4,1226,spotify,109.59,4.8,1333,java,46.67,23.2,1448,code,94.95,27.1
1775699047.44,10803.5,5580.5,65.9,1001,spotify,149.33,11.9,1112,node,62.45,11.2,1228,python3,252.71,25.6,1337,docker,72.22,20.0,1452,java,47.78,3.1
1775699049.44,10822.15,5561.85,66.1,1007,node,69.84,17.1,1113,slack,363.39,9.5,1224,postgres,31.94,5.0,1334,code,78.84,6.9,1449,firefox,11.49,2.8
1775699051.44,10808.43,5575.57,66.0,1001,spotify,529.89,9.0,1121,chrome,219.03,13.2,1231,docker,176.09,7.8,1342,python3,82.69,22.2,1446,python3,155.61,15.1
1775699053.44,10810.11,5573.89,66.0,1008,code,493.03,22.1,1111,postgres,314.37,14.5,1222,java,139.84,11.5,1342,node,192.81,26.4,1446,spotify,98.44,16.7
1775699055.44,10837.01,5546.99,66.1,1009,chrome,174.45,14.0,1119,postgres,385.01,8.2,1230,firefox,175.8,23.6,1338,slack,111.95,24.9,1452,python3,155.9,9.6
1775699057.44,10811.68,5572.32,66.0,1000,slack,249.59,14.5,1121,spotify,317.09,10.9,1225,firefox,200.95,2.4,1342,java,44.14,4.8,1446,firefox,11.29,3.2
1775699059.44,10821.19,5562.81,66.0,1010,java,176.0,26.5,1115,docker,89.54,12.3,1231,postgres,236.87,19.4,1334,python3,161.17,7.4,1448,code,53.12,17.2
1775699061.44,10798.51,5585.49,65.9,1006,python3,673.61,13.3,1113,java,174.44,7.9,1227,chrome,257.38,10.8,1336,python3,25.02,25.1,1454,chrome,12.81,6.9
1775699063.44,10783.04,5600.96,65.8,1001,spotify,214.7,11.1,1114,slack,257.2,4.0,1226,docker,40.08,28.5,1336,java,172.28,20.8,1450,chrome,149.76,4.3
1775699065.44,10778.17,5605.83,65.8,1010,java,673.22,1.6,1117,python3,171.6,6.6,1230,firefox,19.25,17.2,1336,docker,45.02,8.1,1445,docker,133.92,19.8
1775699067.44,10777.77,5606.23,65.8,1003,node,639.88,3.4,1121,spotify,122.12,21.4,1228,postgres,50.97,6.0,1334,java,77.93,27.0,1448,code,147.31,5.9
1775699069.44,10784.32,5599.68,65.8,1007,java,720.72,22.6,1117,node,321.26,18.1,1224,spotify,260.34,24.6,1339,code,101.26,25.8,1445,slack,92.57,0.6
1775699071.44,10798.77,5585.23,65.9,1009,spotify,473.47,5.2,1113,chrome,355.83,8.6,1225,docker,93.58,23.1,1334,docker,44.04,8.1,1450,firefox,129.42,15.0
1775699073.44,10789.16,5594.84,65.9,1002,firefox,705.61,23.2,1116,node,166.94,22.8,1228,slack,158.62,8.4,1340,python3,49.6,13.0,1448,code,107.93,29.4
1775699075.44,11031.34,5352.66,67.3,1008,firefox,519.37,9.4,1115,python3,59.26,21.8,1225,firefox,211.72,18.1,1333,spotify,158.94,14.3,1445,postgres,110.79,1.5
1775699077.44,11008.93,5375.07,67.2,1003,docker,428.89,27.2,1115,postgres,104.6,1.5,1228,code,152.22,13.5,1343,firefox,177.21,7.7,1450,docker,29.71,26.3
1775699079.44,11009.65,5374.35,67.2,1001,firefox,544.34,26.5,1112,slack,164.79,15.5,1231,spotify,25.06,1.8,1340,docker,185.84,5.0,1445,chrome,126.56,9.2
1775699081.44,11024.79,5359.21,67.3,1000,postgres,782.22,10.9,1117,chrome,151.55,1.1,1225,docker,83.42,12.7,1341,node,52.11,11.9,1454,docker,109.88,0.7
1775699083.44,11028.17,5355.83,67.3,1001,slack,749.76,5.5,1113,java,178.87,25.7,1231,postgres,210.69,18.4,1341,docker,107.77,15.2,1449,node,85.36,9.9
1775699085.44,11004.4,5379.6,67.2,1009,java,203.26,20.4,1113,slack,285.1,26.1,1230,docker,263.52,0.7,1338,firefox,171.53,25.3,1454,postgres,95.65,4.2
1775699087.44,10987.36,5396.64,67.1,1004,slack,366.94,21.0,1112,slack,349.12,20.5,1229,chrome,118.45,6.2,1333,code,87.92,4.9,1454,chrome,81.18,28.3
1775699089.44,10978.3,5405.7,67.0,1001,spotify,662.3,27.9,1118,code,235.69,12.6,1227,node,209.82,7.0,1334,docker,150.79,27.7,1452,java,133.35,9.2
1775699091.44,10972.91,5411.09,67.0,1004,python3,72.66,21.5,1120,slack,282.61,19.9,1223,node,256.08,9.1,1343,spotify,142.31,3.4,1449,spotify,101.57,12.6
1775699093.44,10986.51,5397.49,67.1,1008,docker,192.39,11.0,1120,slack,85.9,30.0,1225,slack,244.78,22.3,1337,node,164.7,20.9,1454,code,79.89,16.2
1775699095.44,10988.09,5395.91,67.1,1000,java,525.51,28.6,1115,node,279.18,10.3,1232,slack,161.64,22.7,1333,code,83.68,25.5,1453,python3,145.19,19.6
1775699097.44,10987.88,5396.12,67.1,1001,docker,90.8,18.0,1113,java,261.55,1.3,1222,node,24.44,18.9,1333,slack,132.62,26.0,1445,docker,33.9,4.5
1775699099.44,10987.43,5396.57,67.1,1008,python3,538.46,23.1,1115,slack,147.34,28.4,1232,chrome,131.08,15.5,1343,spotify,193.61,28.5,1446,docker,104.7,2.7
1775699101.44,10985.66,5398.34,67.1,1009,java,693.93,5.1,1118,java,171.97,0.5,1222,slack,50.03,0.5,1342,code,98.05,19.1,1446,java,39.19,27.0
1775699103.44,10985.24,5398.76,67.0,1005,spotify,336.11,19.5,1121,postgres,150.25,15.7,1229,chrome,36.97,0.3,1337,python3,68.42,19.7,1449,node,71.17,0.6
1775699105.44,11013.22,5370.78,67.2,1003,chrome,186.98,27.3,1120,docker,176.9,24.5,1222,node,169.18,19.5,1340,chrome,37.22,22.6,1447,java,57.74,25.3
1775699107.44,11030.63,5353.37,67.3,1005,firefox,216.73,22.9,1115,slack,307.71,21.0,1229,firefox,211.39,8.4,1333,node,176.32,24.8,1448,slack,92.02,3.6
1775699109.44,11043.41,5340.59,67.4,1005,postgres,754.3,12.0,1113,node,385.27,6.9,1222,java,117.47,13.9,1342,slack,88.95,17.6,1446,firefox,97.22,17.0
1775699111.44,11028.63,5355.37,67.3,1010,python3,151.17,1.5,1115,python3,251.81,11.6,1224,java,157.59,3.9,1339,java,87.15,29.0,1453,spotify,71.23,5.7
1775699113.44,11016.13,5367.87,67.2,1009,python3,490.99,22.1,1119,node,105.75,22.5,1229,java,155.66,13.9,1340,docker,127.05,11.2,1450,chrome,55.17,7.4
1775699115.44,11032.22,5351.78,67.3,1004,spotify,659.82,2.9,1114,spotify,222.96,5.7,1231,code,55.36,3.8,1333,chrome,13.33,2.0,1448,chrome,107.86,19.7
1775699117.44,11016.45,5367.55,67.2,1001,postgres,605.89,19.8,1111,postgres,299.16,16.9,1225,postgres,46.22,6.1,1342,docker,72.76,27.0,1452,docker,29.86,17.7
1775699119.44,11018.64,5365.36,67.3,1010,java,272.84,22.3,1121,python3,136.32,0.3,1231,python3,30.57,5.5,1338,node,18.31,28.0,1450,java,101.29,24.0
1775699121.44,11009.27,5374.73,67.2,1009,slack,740.91,29.4,1111,firefox,175.86,4.0,1222,code,135.13,10.9,1343,chrome,96.61,12.3,1445,slack,74.59,10.0
1775699123.44,11000.17,5383.83,67.1,1010,postgres,687.18,0.2,1114,postgres,209.03,3.6,1224,firefox,73.05,2.2,1336,docker,136.34,9.5,1450,code,11.91,14.9
1775699125.44,10977.66,5406.34,67.0,1005,chrome,219.32,2.6,1120,python3,387.25,4.4,1227,spotify,202.72,17.5,1334,spotify,49.68,14.5,1447,docker,16.05,8.9
1775699127.44,10977.21,5406.79,67.0,1004,postgres,684.97,8.6,1120,chrome,317.4,14.8,1222,docker,204.11,16.0,1335,node,71.6,2.0,1444,docker,72.03,2.3
1775699129.44,10976.45,5407.55,67.0,1008,firefox,117.37,20.9,1121,python3,348.95,17.8,1223,postgres,104.59,5.8,1337,chrome,125.94,2.2,1449,slack,10.22,10.4
1775699131.44,10969.66,5414.34,67.0,1001,firefox,721.4,13.6,1115,spotify,172.15,11.0,1231,code,247.12,1.4,1340,docker,13.0,8.6,1453,node,143.84,24.0
1775699133.44,10965.91,5418.09,66.9,1000,node,503.16,23.7,1119,python3,91.83,24.1,1222,node,163.81,11.8,1335,chrome,57.23,11.2,1452,slack,69.9,28.5
1775699135.44,10952.01,5431.99,66.8,1000,docker,450.63,0.4,1117,firefox,84.04,20.9,1223,java,87.29,13.1,1342,node,175.05,21.7,1449,java,29.82,1.7
1775699137.44,10967.05,5416.95,66.9,1008,slack,725.0,22.9,1117,docker,40.96,21.6,1231,slack,137.41,29.1,1342,python3,20.19,20.4,1445,spotify,114.89,2.8
1775699139.44,11006.55,5377.45,67.2,1010,postgres,699.24,2.4,1114,python3,329.03,11.4,1223,firefox,150.95,16.6,1341,chrome,76.8,24.0,1447,python3,108.72,3.3
1775699141.44,11003.35,5380.65,67.2,1010,python3,160.06,9.4,1120,docker,279.3,14.3,1226,firefox,194.46,8.9,1333,slack,139.79,20.4,1446,node,21.99,22.5
1775699143.44,10999.08,5384.92,67.1,1009,spotify,304.22,7.3,1115,java,353.65,14.6,1228,java,49.73,12.2,1336,firefox,144.34,17.3,1444,firefox,44.81,0.4
1775699145.44,10997.96,5386.04,67.1,1005,docker,659.72,27.2,1111,node,365.07,15.5,1222,firefox,248.7,1.6,1336,chrome,86.79,7.2,1444,firefox,16.6,21.9
1775699147.44,10991.01,5392.99,67.1,1010,java,249.49,0.2,1119,spotify,70.26,25.8,1231,chrome,164.76,29.7,1333,node,132.33,4.3,1446,chrome,101.25,10.2
1775699149.44,10980.26,5403.74,67.0,1007,spotify,325.0,25.7,1120,python3,388.44,1.2,1231,slack,124.26,4.0,1340,firefox,184.48,28.4,1448,firefox,48.67,8.2
1775699151.44,10955.43,5428.57,66.9,1000,firefox,264.37,16.7,1120,postgres,285.06,27.8,1225,slack,39.31,16.7,1343,slack,35.15,16.4,1450,firefox,104.39,15.9
1775699153.44,10948.35,5435.65,66.8,1006,python3,700.22,17.9,1121,firefox,81.03,14.8,1229,chrome,95.39,12.2,1333,node,194.28,12.3,1450,python3,56.44,12.7
1775699155.44,10975.26,5408.74,67.0,1010,python3,618.33,27.1,1117,chrome,74.16,10.6,1223,firefox,142.66,0.8,1338,node,140.17,2.0,1447,code,73.47,24.3
1775699157.44,10972.12,5411.88,67.0,1005,python3,184.43,9.1,1114,node,246.52,9.2,1231,postgres,30.82,11.3,1337,firefox,52.59,20.4,1449,docker,97.53,9.6
1775699159.44,10975.56,5408.44,67.0,1001,slack,527.92,15.9,1117,postgres,342.85,12.1,1225,java,99.19,26.6,1341,node,49.03,9.7,1453,docker,49.58,20.1
1775699161.44,11330.8,5053.2,69.2,1000,python3,777.93,29.8,1118,docker,325.48,2.7,1226,node,230.55,24.2,1334,spotify,47.3,0.8,1449,java,83.33,6.5
1775699163.44,11334.34,5049.66,69.2,1009,docker,209.53,20.5,1114,spotify,399.36,12.1,1226,chrome,63.18,16.8,1335,firefox,57.51,4.9,1450,docker,66.41,25.8
1775699165.44,11326.53,5057.47,69.1,1009,python3,217.88,16.0,1116,python3,42.53,7.1,1224,chrome,160.47,7.5,1333,code,91.86,5.7,1446,slack,51.84,4.1
1775699167.44,11315.87,5068.13,69.1,1001,spotify,493.24,4.5,1120,chrome,324.89,14.5,1227,code,98.73,8.1,1338,python3,180.63,1.7,1451,firefox,75.46,20.7
1775699169.44,11307.46,5076.54,69.0,1000,java,641.45,29.5,1114,python3,94.11,22.8,1232,python3,245.07,14.8,1340,docker,53.44,28.2,1450,slack,114.98,1.0
1775699171.44,11299.28,5084.72,69.0,1007,chrome,744.13,13.3,1114,slack,160.56,7.1,1222,firefox,170.26,5.1,1341,postgres,37.86,8.6,1444,docker,128.66,8.9
1775699173.44,11328.32,5055.68,69.1,1006,docker,636.13,11.0,1113,java,195.04,4.1,1231,chrome,227.13,12.9,1335,chrome,170.52,7.4,1450,node,130.73,19.9
1775699175.44,11337.72,5046.28,69.2,1006,postgres,759.4,21.9,1115,spotify,192.93,9.5,1229,spotify,68.88,15.7,1336,spotify,143.56,17.1,1451,spotify,135.8,21.2
1775699177.44,11347.6,5036.4,69.3,1008,java,75.79,22.2,1116,firefox,30.33,8.5,1232,node,52.4,12.5,1339,postgres,53.09,4.0,1447,spotify,48.59,11.4
1775699179.44,11329.43,5054.57,69.1,1008,spotify,577.92,26.4,1121,code,272.7,27.3,1227,spotify,88.75,28.0,1336,postgres,15.55,21.0,1446,docker,75.54,21.0
1775699181.44,11336.04,5047.96,69.2,1008,postgres,754.29,9.0,1121,python3,152.88,21.5,1230,docker,32.72,15.4,1341,slack,39.0,29.0,1447,docker,88.88,16.4
1775699183.44,11330.45,5053.55,69.2,1008,postgres,100.54,15.7,1117,code,395.29,6.0,1226,spotify,177.28,12.0,1340,spotify,124.9,29.2,1448,java,13.68,20.4
1775699185.44,11306.47,5077.53,69.0,1006,node,712.7,16.2,1111,spotify,346.78,13.3,1225,java,217.66,1.5,1341,chrome,120.11,4.2,1445,java,70.12,0.2
1775699187.44,11303.03,5080.97,69.0,1005,docker,563.29,12.2,1115,firefox,212.22,27.8,1228,firefox,98.61,22.8,1340,firefox,31.23,29.0,1448,docker,74.64,0.2
1775699189.44,11319.08,5064.92,69.1,1006,slack,691.88,8.7,1111,firefox,51.73,11.5,1226,firefox,43.29,5.3,1337,postgres,61.25,23.1,1453,spotify,80.85,8.9
1775699191.44,11323.72,5060.28,69.1,1003,node,446.96,27.4,1117,chrome,217.21,7.0,1227,docker,233.48,21.9,1340,chrome,192.19,12.2,1444,spotify,54.74,28.1
1775699193.44,11328.33,5055.67,69.1,1000,firefox,598.49,16.2,1119,node,36.4,18.3,1226,code,69.81,20.0,1333,spotify,156.9,19.1,1453,docker,99.46,26.0
1775699195.44,11335.59,5048.41,69.2,1007,python3,680.52,10.1,1113,slack,125.77,6.3,1228,spotify,84.24,0.4,1338,chrome,99.51,10.6,1450,docker,54.87,15.3
1775699197.44,11353.78,5030.22,69.3,1003,spotify,238.41,0.6,1116,spotify,335.65,22.8,1222,python3,181.13,13.0,1335,spotify,59.56,4.4,1444,node,155.42,10.6
1775699199.44,11350.48,5033.52,69.3,1002,firefox,440.44,18.3,1111,docker,96.7,9.4,1222,node,40.76,22.3,1343,docker,100.84,16.0,1451,firefox,101.45,28.7
1775699201.44,11358.93,5025.07,69.3,1004,slack,591.23,6.0,1119,slack,307.98,3.9,1231,firefox,213.34,15.6,1339,slack,163.62,8.3,1453,java,33.88,19.4
1775699203.44,11366.07,5017.93,69.4,1006,chrome,602.62,10.8,1119,java,293.66,22.7,1224,docker,121.66,14.4,1341,node,31.0,29.5,1447,chrome,67.59,5.5
1775699205.44,11346.25,5037.75,69.3,1005,code,786.29,15.9,1112,docker,227.83,4.5,1224,java,222.5,24.7,1342,postgres,90.18,16.5,1444,java,149.18,7.1
1775699207.44,11333.13,5050.87,69.2,1010,docker,139.29,18.7,1120,chrome,392.76,26.5,1225,docker,186.49,17.2,1333,java,71.82,8.2,1452,docker,18.34,26.7
1775699209.44,11328.6,5055.4,69.1,1004,code,520.34,13.4,1118,firefox,142.7,17.8,1223,slack,151.86,20.6,1340,node,99.27,2.0,1453,code,58.06,18.1
1775699211.44,11343.76,5040.24,69.2,1008,spotify,621.58,18.8,1113,java,335.04,6.3,1226,slack,144.6,12.3,1341,chrome,173.98,28.8,1454,docker,69.79,4.5
1775699213.44,11323.56,5060.44,69.1,1010,spotify,70.89,25.5,1112,slack,354.44,16.4,1224,spotify,178.43,16.2,1343,java,171.38,23.5,1445,slack,125.05,24.5
1775699215.44,11309.62,5074.38,69.0,1000,java,341.02,22.8,1120,chrome,352.4,1.4,1231,python3,71.53,23.4,1342,slack,39.5,16.6,1447,node,51.24,21.2
1775699217.44,11293.05,5090.95,68.9,1007,chrome,231.96,9.5,1117,docker,147.96,15.3,1228,slack,212.4,26.0,1336,firefox,78.93,13.4,1451,docker,45.42,3.0
1775699219.44,11266.77,5117.23,68.8,1003,code,292.18,10.2,1111,firefox,189.99,27.2,1227,python3,177.59,15.7,1342,spotify,139.16,22.2,1452,postgres,116.64,8.4
1775699221.44,11279.2,5104.8,68.8,1001,postgres,97.92,26.6,1111,code,307.2,28.1,1232,firefox,229.37,6.0,1341,docker,33.84,18.8,1450,slack,100.26,22.3
1775699223.44,11281.8,5102.2,68.9,1007,spotify,384.81,1.6,1113,node,264.55,9.1,1232,postgres,105.96,15.4,1337,java,195.56,17.2,1448,chrome,147.25,29.7
1775699225.44,11287.07,5096.93,68.9,1000,code,374.0,28.1,1120,firefox,204.91,22.8,1230,node,233.82,10.7,1340,firefox,97.44,27.5,1453,python3,109.38,7.0
1775699227.44,11271.41,5112.59,68.8,1003,chrome,152.53,24.9,1116,slack,163.11,21.2,1226,python3,265.65,6.8,1335,postgres,29.46,25.6,1449,code,92.5,18.8
1775699229.44,11269.71,5114.29,68.8,1007,node,274.92,23.8,1118,postgres,170.79,21.8,1227,spotify,105.85,8.5,1334,docker,62.7,28.0,1453,code,73.7,13.3
1775699231.44,11279.61,5104.39,68.8,1002,code,435.22,2.8,1120,slack,51.93,25.0,1226,code,73.65,22.9,1337,docker,84.99,26.7,1453,postgres,132.59,6.1
1775699233.44,11261.86,5122.14,68.7,1009,python3,452.01,8.7,1121,node,389.16,23.1,1222,python3,122.85,25.6,1338,chrome,120.34,19.4,1450,python3,27.49,26.7
1775699235.44,11261.79,5122.21,68.7,1001,spotify,609.69,29.7,1117,java,382.2,0.0,1227,java,245.48,8.3,1333,python3,161.27,25.1,1446,node,50.3,17.7
1775699237.44,11291.54,5092.46,68.9,1006,slack,215.53,12.6,1116,spotify,302.64,2.8,1229,spotify,34.71,4.5,1337,postgres,165.17,3.6,1448,chrome,102.52,6.3
1775699239.44,11298.03,5085.97,69.0,1007,postgres,688.6,27.2,1117,postgres,77.54,24.3,1222,code,154.06,7.4,1335,java,53.41,17.0,1449,java,144.04,19.0
1775699241.44,11280.98,5103.02,68.9,1007,java,688.11,7.9,1112,postgres,252.95,0.8,1230,firefox,17.29,5.4,1338,firefox,24.41,21.7,1447,postgres,126.92,27.8
1775699243.44,11299.39,5084.61,69.0,1007,python3,185.43,27.3,1114,spotify,25.3,14.1,1225,node,33.19,27.8,1337,java,149.6,20.9,1449,docker,53.86,24.9
1775699245.44,11301.87,5082.13,69.0,1007,slack,437.79,17.7,1116,node,48.82,26.2,1222,postgres,20.16,9.7,1336,docker,105.42,13.1,1445,slack,39.15,21.0
1775699247.44,11305.73,5078.27,69.0,1000,code,592.31,16.1,1114,code,142.01,17.5,1227,code,251.25,7.5,1339,docker,112.79,5.1,1445,chrome,82.88,16.5
1775699249.44,11297.79,5086.21,69.0,1008,firefox,367.43,3.9,1118,chrome,177.45,16.4,1222,python3,232.6,24.7,1343,node,58.32,24.3,1445,firefox,151.31,5.4
1775699251.44,11294.27,5089.73,68.9,1000,chrome,188.51,1.6,1119,java,352.85,29.3,1227,chrome,185.49,27.5,1335,python3,66.56,2.9,1448,python3,14.1,12.3
1775699253.44,11305.49,5078.51,69.0,1009,python3,64.32,29.5,1117,java,359.81,6.2,1230,python3,48.85,25.6,1337,chrome,18.41,9.6,1453,python3,37.63,5.3
1775699255.44,11306.98,5077.02,69.0,1000,code,770.66,22.2,1111,code,67.7,6.2,1230,postgres,68.94,17.3,1336,node,132.83,10.9,1452,java,153.3,3.5
1775699257.44,11307.94,5076.06,69.0,1006,postgres,299.94,6.5,1113,slack,174.9,23.2,1226,spotify,127.35,23.8,1335,postgres,121.93,12.9,1447,postgres,36.08,1.6
1775699259.44,11317.36,5066.64,69.1,1003,java,612.77,19.1,1118,node,128.77,17.2,1232,firefox,61.0,14.2,1336,firefox,88.39,23.2,1449,python3,159.59,29.5
1775699261.44,11293.16,5090.84,68.9,1007,java,770.33,11.1,1114,slack,47.72,27.5,1228,postgres,42.97,14.2,1338,node,59.23,25.5,1449,python3,53.28,13.2
1775699263.44,11307.21,5076.79,69.0,1006,java,589.76,20.0,1116,node,235.45,21.0,1228,python3,207.14,26.4,1342,slack,179.04,22.4,1446,postgres,40.38,27.3
1775699265.44,11306.15,5077.85,69.0,1001,firefox,406.12,4.7,1118,java,381.59,22.3,1230,node,97.66,6.4,1343,postgres,89.53,9.9,1450,node,110.31,0.8
1775699267.44,11289.76,5094.24,68.9,1008,python3,272.03,14.1,1121,node,255.97,22.6,1230,code,120.49,10.6,1336,slack,28.12,11.8,1452,node,114.2,2.7
1775699269.44,11288.79,5095.21,68.9,1000,docker,568.35,23.3,1111,code,127.7,18.4,1229,slack,242.63,0.6,1335,java,149.73,17.2,1445,python3,156.88,29.4
1775699271.44,11304.82,5079.18,69.0,1004,docker,347.65,9.7,1115,python3,305.75,29.7,1232,python3,113.82,21.1,1338,java,50.96,24.5,1453,code,79.0,22.4
1775699273.44,11279.87,5104.13,68.8,1003,java,665.49,7.9,1121,code,397.55,3.3,1232,java,192.3,11.5,1337,spotify,98.78,18.6,1451,chrome,71.75,26.7
1775699275.44,11264.46,5119.54,68.8,1009,code,74.65,28.7,1112,python3,156.21,23.2,1222,code,117.0,21.6,1342,spotify,63.52,17.6,1445,node,43.96,8.2
1775699277.44,11260.56,5123.44,68.7,1010,node,767.75,8.2,1112,postgres,42.1,16.9,1226,code,198.76,28.7,1339,docker,125.09,1.1,1448,slack,23.67,12.0
1775699279.44,11275.88,5108.12,68.8,1009,code,628.74,1.4,1115,python3,360.11,1.2,1230,slack,224.37,12.5,1339,code,88.29,16.3,1444,code,141.43,18.1
1775699281.44,11274.49,5109.51,68.8,1004,slack,721.49,28.0,1115,slack,122.92,4.7,1222,node,96.48,2.2,1333,docker,118.53,20.1,1451,spotify,24.95,27.6
1775699283.44,11281.28,5102.72,68.9,1007,code,691.41,26.5,1118,code,101.23,4.1,1223,spotify,187.13,27.8,1333,python3,69.4,13.9,1444,python3,155.6,15.6
1775699285.44,11281.79,5102.21,68.9,1008,docker,688.31,9.0,1113,docker,375.21,2.3,1231,node,259.1,14.3,1341,firefox,104.54,8.8,1450,node,100.78,7.2
1775699287.44,11274.1,5109.9,68.8,1010,docker,276.25,29.1,1121,java,70.79,17.3,1226,python3,79.04,4.6,1338,postgres,176.93,2.3,1447,code,148.01,6.5
1775699289.44,11291.66,5092.34,68.9,1006,code,354.89,7.6,1116,firefox,87.71,9.7,1232,docker,201.57,26.8,1333,python3,131.19,8.5,1445,docker,97.56,17.9
1775699291.44,11296.46,5087.54,68.9,1005,java,342.82,8.5,1120,spotify,107.84,1.8,1227,code,164.38,18.9,1338,java,97.14,28.2,1450,node,64.84,23.3
1775699293.44,11292.43,5091.57,68.9,1001,docker,167.05,12.1,1121,firefox,176.91,0.8,1228,chrome,135.77,19.9,1334,postgres,173.57,19.6,1448,code,135.82,0.2
1775699295.44,11298.87,5085.13,69.0,1006,python3,245.51,23.6,1119,docker,316.76,3.1,1222,chrome,258.77,29.4,1339,java,114.03,1.8,1448,code,82.88,16.1
1775699297.44,11312.57,5071.43,69.0,1001,firefox,702.64,19.8,1113,node,78.56,4.4,1224,slack,55.42,0.4,1337,docker,73.76,4.7,1447,firefox,159.99,17.7
1775699299.44,11030.12,5353.88,67.3,1008,postgres,389.28,24.1,1114,firefox,358.72,3.1,1223,node,103.42,0.9,1338,node,72.25,23.4,1451,python3,34.71,19.3
1775699301.44,11471.79,4912.21,70.0,1004,code,529.67,28.1,1116,docker,233.7,1.2,1229,slack,76.73,3.8,1341,chrome,172.15,0.7,1448,code,103.31,27.3
1775699303.44,11451.54,4932.46,69.9,1004,code,509.95,26.1,1113,slack,310.36,2.9,1232,postgres,88.64,16.7,1340,postgres,149.89,18.9,1452,chrome,36.29,19.2
1775699305.44,11434.16,4949.84,69.8,1005,docker,786.0,16.8,1111,node,199.25,17.6,1223,python3,41.0,24.7,1342,docker,59.48,27.5,1447,java,99.44,0.4
1775699307.44,11402.06,4981.94,69.6,1005,docker,638.19,17.8,1115,chrome,229.27,8.3,1231,chrome,225.2,18.1,1339,spotify,132.06,20.7,1449,python3,87.97,24.0
1775699309.44,11387.21,4996.79,69.5,1006,docker,230.44,13.6,1115,firefox,191.52,1.3,1228,firefox,52.64,12.4,1336,java,136.98,2.1,1453,slack,18.79,10.7
1775699311.44,11391.81,4992.19,69.5,1003,docker,592.16,18.5,1113,spotify,343.33,8.9,1226,docker,210.13,15.0,1335,firefox,163.01,24.3,1452,postgres,111.3,7.2
1775699313.44,11397.34,4986.66,69.6,1000,postgres,110.01,21.3,1115,code,295.05,10.3,1228,spotify,43.67,16.0,1338,docker,65.34,28.7,1444,java,36.12,15.0
1775699315.44,11404.47,4979.53,69.6,1004,python3,326.69,1.8,1114,node,271.43,18.6,1227,spotify,89.45,5.4,1336,code,72.9,16.1,1446,slack,68.03,1.4
1775699317.44,11430.69,4953.31,69.8,1009,spotify,117.98,4.7,1118,postgres,381.73,18.0,1224,chrome,92.18,12.2,1341,python3,182.22,10.8,1447,spotify,36.41,12.2
1775699319.44,11432.56,4951.44,69.8,1000,java,215.97,3.8,1116,chrome,389.19,3.6,1225,spotify,55.89,1.4,1341,firefox,13.92,4.5,1450,code,110.71,1.5
1775699321.44,11411.76,4972.24,69.7,1007,spotify,415.41,18.1,1111,chrome,267.3,5.5,1231,firefox,124.24,11.3,1335,firefox,83.11,21.5,1448,docker,19.6,22.2
1775699323.44,11400.09,4983.91,69.6,1000,docker,484.53,18.6,1113,node,25.18,23.8,1227,node,50.85,7.0,1339,docker,99.78,23.5,1445,postgres,59.72,8.7
1775699325.44,11395.48,4988.52,69.6,1001,spotify,271.78,22.7,1114,spotify,287.24,3.1,1223,docker,260.18,12.8,1339,java,76.25,10.3,1454,docker,107.22,22.8
1775699327.44,11365.28,5018.72,69.4,1009,python3,465.33,24.6,1121,firefox,203.8,1.6,1232,code,215.96,18.7,1335,python3,58.61,20.3,1450,docker,103.91,20.4
1775699329.44,11349.7,5034.3,69.3,1003,firefox,234.56,4.5,1121,docker,71.16,10.7,1224,code,233.92,11.4,1343,slack,147.59,19.4,1449,java,43.1,14.9
1775699331.44,11353.26,5030.74,69.3,1009,postgres,194.42,1.2,1114,docker,336.32,23.2,1225,spotify,204.75,16.9,1335,node,144.32,2.2,1446,postgres,75.6,18.0
1775699333.44,11330.98,5053.02,69.2,1007,slack,585.2,3.1,1121,slack,100.64,20.5,1228,firefox,159.2,26.5,1338,node,184.88,4.2,1445,code,126.84,20.0
1775699335.44,11308.33,5075.67,69.0,1005,python3,575.25,11.8,1113,java,191.92,23.8,1225,firefox,32.57,4.3,1335,postgres,71.74,10.4,1447,docker,152.53,11.0
1775699337.44,11279.58,5104.42,68.8,1006,postgres,446.7,15.3,1120,java,84.9,8.4,1231,postgres,193.71,24.9,1333,postgres,88.77,4.1,1444,java,96.79,29.1
1775699339.44,11299.5,5084.5,69.0,1005,code,157.25,20.2,1117,python3,306.51,26.3,1229,python3,165.99,6.9,1338,chrome,127.6,17.5,1447,postgres,112.72,8.1
1775699341.44,11302.85,5081.15,69.0,1010,firefox,725.78,5.6,1114,postgres,359.87,13.8,1232,chrome,88.39,10.3,1340,spotify,99.43,26.3,1449,code,139.6,8.7
1775699343.44,11307.15,5076.85,69.0,1003,node,537.3,15.9,1112,postgres,194.79,20.4,1224,node,64.93,19.4,1335,chrome,186.21,21.0,1448,firefox,19.6,27.7
1775699345.44,11279.87,5104.13,68.8,1006,node,553.18,25.5,1119,java,100.17,3.4,1224,python3,23.43,28.5,1333,slack,67.28,27.5,1446,java,132.57,23.2
1775699347.44,11279.96,5104.04,68.8,1003,java,686.84,20.3,1117,chrome,380.12,15.3,1230,spotify,118.03,21.7,1343,code,143.25,11.4,1449,postgres,100.99,8.6
1775699349.44,11247.54,5136.46,68.6,1005,java,259.95,21.5,1111,code,350.16,4.4,1231,firefox,207.57,2.8,1342,node,82.66,24.7,1444,code,26.24,10.0
1775699351.44,11259.02,5124.98,68.7,1008,chrome,455.67,1.5,1119,slack,241.4,22.7,1222,postgres,80.49,2.0,1337,chrome,63.49,1.9,1450,java,144.04,10.2
1775699353.44,11246.27,5137.73,68.6,1001,postgres,436.29,6.5,1115,docker,144.89,15.2,1225,chrome,172.78,0.4,1339,slack,187.14,11.4,1451,code,83.06,24.5
1775699355.44,11218.23,5165.77,68.5,1009,chrome,166.08,13.9,1121,code,176.8,18.2,1230,node,137.6,3.1,1334,code,81.09,27.8,1450,slack,156.66,3.4
1775699357.44,11201.06,5182.94,68.4,1009,slack,201.47,6.0,1117,code,203.68,1.3,1227,chrome,99.88,29.4,1336,firefox,48.05,10.7,1452,code,98.21,12.7
1775699359.44,11192.16,5191.84,68.3,1005,node,323.56,7.2,1114,spotify,271.05,23.1,1230,python3,87.24,11.6,1343,python3,30.17,27.2,1451,firefox,93.93,2.0
1775699361.44,11177.02,5206.98,68.2,1007,spotify,701.76,0.1,1114,chrome,81.86,15.5,1225,python3,241.9,13.9,1340,java,93.12,16.8,1454,node,48.26,2.1
1775699363.44,11199.28,5184.72,68.4,1000,python3,289.95,26.2,1116,postgres,184.93,29.0,1222,slack,133.45,5.7,1333,slack,184.27,27.7,1446,chrome,105.84,23.0
1775699365.44,11202.37,5181.63,68.4,1007,docker,391.91,22.4,1112,code,354.56,15.0,1224,firefox,48.73,22.0,1343,slack,185.29,6.0,1453,chrome,11.29,27.2
1775699367.44,11230.13,5153.87,68.5,1002,postgres,155.61,8.9,1115,docker,106.23,20.3,1222,firefox,201.38,14.5,1343,docker,197.27,2.8,1453,java,150.2,20.3
1775699369.44,11213.49,5170.51,68.4,1006,firefox,628.91,12.1,1118,java,136.0,18.2,1232,java,147.67,7.0,1337,postgres,15.51,18.4,1449,python3,34.22,24.7
1775699371.44,11203.18,5180.82,68.4,1010,java,561.61,10.9,1118,spotify,100.11,20.8,1224,code,161.53,22.8,1336,spotify,144.39,13.8,1449,postgres,81.74,7.3
1775699373.44,11208.33,5175.67,68.4,1001,code,730.9,9.9,1112,chrome,50.97,21.3,1224,java,18.9,15.1,1335,java,77.87,17.2,1447,postgres,136.7,27.3
1775699375.44,11208.74,5175.26,68.4,1003,node,288.98,15.2,1114,firefox,209.5,2.7,1224,code,87.59,12.1,1342,code,165.91,11.5,1452,java,157.74,11.6
1775699377.44,11200.92,5183.08,68.4,1003,code,756.81,28.5,1113,java,183.73,4.4,1230,python3,94.26,16.2,1337,spotify,181.56,29.7,1451,python3,53.51,1.2
1775699379.44,11226.72,5157.28,68.5,1010,python3,65.59,11.7,1111,code,139.07,22.4,1222,firefox,38.17,0.7,1338,postgres,51.59,4.3,1445,java,153.15,6.1
1775699381.44,11245.05,5138.95,68.6,1005,java,683.76,27.3,1117,spotify,292.29,25.0,1225,chrome,39.02,1.7,1333,spotify,22.33,24.6,1453,node,19.89,13.3
1775699383.44,11138.82,5245.18,68.0,1008,chrome,180.12,19.3,1114,firefox,287.13,8.4,1227,slack,236.86,18.0,1335,spotify,140.55,18.6,1447,chrome,148.52,21.2
1775699385.44,11126.49,5257.51,67.9,1006,python3,450.34,19.3,1119,code,77.62,4.1,1232,java,146.64,10.5,1342,postgres,158.71,26.8,1448,docker,137.02,26.2
1775699387.44,11113.0,5271.0,67.8,1001,chrome,784.61,20.4,1114,node,28.14,18.4,1229,node,167.83,18.6,1337,python3,30.25,17.5,1445,postgres,30.99,12.7
1775699389.44,11116.99,5267.01,67.9,1000,code,354.15,14.6,1118,code,215.91,14.4,1224,slack,152.34,28.7,1339,node,93.58,15.8,1454,firefox,13.69,21.9
1775699391.44,11169.42,5214.58,68.2,1010,python3,394.92,12.0,1120,python3,94.03,13.0,1229,slack,224.37,15.4,1342,node,96.41,11.9,1450,firefox,35.35,16.5
1775699393.44,11153.23,5230.77,68.1,1000,docker,268.58,17.5,1116,spotify,225.8,4.1,1227,spotify,135.82,13.9,1339,firefox,195.22,25.1,1450,postgres,13.74,25.2
1775699395.44,11133.88,5250.12,68.0,1008,chrome,287.82,27.7,1115,code,314.95,3.3,1228,firefox,137.38,17.5,1342,code,191.26,4.2,1449,java,62.64,2.8
1775699397.44,11125.93,5258.07,67.9,1008,java,79.53,26.2,1116,chrome,26.64,18.1,1226,postgres,165.26,19.2,1341,docker,117.72,26.7,1449,docker,158.86,18.8
1775699399.44,11122.73,5261.27,67.9,1009,node,63.51,3.1,1113,firefox,262.61,1.9,1230,java,225.57,1.1,1337,python3,119.68,29.1,1450,spotify,61.69,29.9
1775699401.44,11136.15,5247.85,68.0,1001,slack,61.76,5.0,1111,chrome,318.42,15.0,1225,chrome,251.77,24.4,1335,java,134.6,12.7,1448,spotify,77.68,7.2
1775699403.44,11159.1,5224.9,68.1,1004,chrome,572.96,9.8,1112,postgres,139.4,28.4,1231,firefox,241.99,20.3,1340,postgres,21.82,11.4,1451,node,64.28,9.1
1775699405.44,11166.94,5217.06,68.2,1006,java,722.24,29.3,1121,java,157.73,26.2,1225,postgres,143.34,23.6,1341,node,136.5,27.8,1454,slack,151.7,18.9
1775699407.44,11161.08,5222.92,68.1,1003,java,783.98,24.9,1119,firefox,115.13,0.9,1232,docker,134.86,15.7,1333,slack,181.45,8.7,1446,java,125.72,18.3
1775699409.44,11164.66,5219.34,68.1,1006,spotify,567.88,26.0,1111,firefox,33.92,21.7,1226,firefox,216.59,10.8,1333,spotify,45.29,8.1,1451,python3,119.92,0.2
1775699411.44,11190.33,5193.67,68.3,1009,node,475.36,20.9,1118,node,368.0,14.7,1224,spotify,95.35,19.0,1338,chrome,57.82,27.8,1445,java,30.66,16.8
1775699413.44,11180.02,5203.98,68.2,1010,chrome,274.92,10.3,1121,python3,384.78,2.8,1225,firefox,73.41,1.9,1340,spotify,62.15,20.5,1454,node,133.65,22.5
1775699415.44,11189.33,5194.67,68.3,1005,node,109.0,21.6,1112,code,78.34,19.7,1231,chrome,85.36,26.1,1339,firefox,47.12,13.8,1448,python3,92.7,25.2
1775699417.44,11180.37,5203.63,68.2,1000,slack,322.61,6.7,1114,slack,293.09,10.5,1226,firefox,255.31,7.8,1339,chrome,162.16,24.7,1454,code,97.69,9.7
1775699419.44,11184.89,5199.11,68.3,1004,firefox,671.6,9.4,1121,node,283.24,21.0,1228,python3,135.14,16.3,1334,java,97.93,7.4,1448,java,24.32,25.3
1775699421.44,11195.5,5188.5,68.3,1006,python3,620.79,7.7,1112,python3,307.47,0.9,1226,slack,46.3,29.3,1343,docker,86.05,0.4,1453,chrome,73.58,7.0
1775699423.44,11175.15,5208.85,68.2,1000,node,742.21,17.9,1112,java,304.27,28.2,1226,firefox,24.79,9.9,1342,spotify,113.72,27.5,1446,java,76.11,20.3
1775699425.44,11180.62,5203.38,68.2,1003,slack,739.82,15.9,1111,postgres,213.28,25.5,1223,postgres,179.22,1.7,1338,spotify,165.48,12.0,1449,chrome,138.85,4.3
1775699427.44,11184.04,5199.96,68.3,1001,node,241.51,14.1,1116,docker,166.97,5.5,1231,code,44.22,9.9,1342,chrome,152.84,18.9,1447,code,88.2,21.2
1775699429.44,11175.17,5208.83,68.2,1001,chrome,564.26,25.7,1121,spotify,206.43,3.6,1232,code,96.84,12.2,1343,spotify,34.0,20.2,1451,spotify,28.98,27.1
1775699431.44,11164.1,5219.9,68.1,1007,node,692.92,15.3,1117,python3,281.99,2.5,1222,slack,138.96,24.6,1335,python3,30.87,16.5,1450,spotify,144.98,23.6
1775699433.44,11140.89,5243.11,68.0,1000,firefox,152.68,15.4,1118,docker,25.37,19.3,1227,spotify,201.79,25.2,1334,firefox,174.39,1.7,1448,firefox,17.67,24.3
1775699435.44,11146.83,5237.17,68.0,1010,java,606.8,15.6,1119,docker,233.11,1.0,1225,postgres,176.15,26.4,1335,spotify,71.79,12.0,1450,chrome,45.66,23.4
1775699437.44,11141.95,5242.05,68.0,1006,docker,559.56,8.9,1112,slack,291.62,4.4,1228,slack,142.91,1.3,1336,slack,137.19,13.4,1445,chrome,140.7,9.4
1775699439.44,11160.13,5223.87,68.1,1000,code,459.12,4.8,1111,code,113.13,19.7,1224,firefox,215.69,5.2,1341,node,140.96,2.3,1454,java,88.45,21.7
1775699441.44,11151.16,5232.84,68.1,1009,code,536.38,21.0,1114,java,250.09,14.0,1230,spotify,193.27,19.4,1339,docker,47.04,1.3,1449,python3,22.12,21.0
1775699443.44,11141.03,5242.97,68.0,1007,chrome,392.56,13.0,1115,slack,161.94,23.8,1232,slack,226.15,9.6,1335,node,98.52,15.9,1445,code,142.32,17.5
1775699445.44,11149.26,5234.74,68.0,1005,java,504.13,4.3,1117,firefox,151.91,24.7,1231,python3,130.05,15.0,1336,docker,96.15,20.5,1445,slack,85.07,22.5
1775699447.44,11152.89,5231.11,68.1,1005,java,129.91,22.3,1117,docker,228.96,28.2,1227,firefox,140.27,13.8,1336,slack,171.14,15.7,1448,chrome,34.88,4.2
1775699449.44,11137.64,5246.36,68.0,1006,code,276.44,23.6,1117,python3,210.34,6.1,1225,chrome,90.88,20.4,1334,docker,90.52,2.9,1448,python3,103.93,3.1
1775699451.44,11103.81,5280.19,67.8,1001,spotify,347.59,16.0,1117,node,357.69,12.5,1229,chrome,227.1,11.6,1339,slack,195.68,11.6,1452,docker,149.05,6.5
1775699453.44,11076.99,5307.01,67.6,1008,node,414.82,18.1,1121,node,175.59,6.8,1223,firefox,160.83,5.4,1335,spotify,33.8,19.3,1451,chrome,67.5,17.9
1775699455.44,11066.66,5317.34,67.5,1004,chrome,332.84,28.1,1113,spotify,60.32,16.3,1224,python3,145.06,8.4,1334,slack,48.61,2.6,1445,docker,114.48,23.2
1775699457.44,11085.12,5298.88,67.7,1010,docker,444.37,21.9,1119,postgres,337.24,14.3,1226,spotify,170.24,18.7,1333,firefox,42.73,26.0,1445,docker,28.64,8.4
1775699459.44,11075.77,5308.23,67.6,1006,firefox,437.59,2.8,1120,slack,273.59,29.8,1222,java,35.91,6.3,1343,firefox,88.7,7.3,1450,node,134.36,5.0
1775699461.44,11037.41,5346.59,67.4,1002,java,127.52,17.9,1120,java,106.72,27.4,1230,code,38.84,25.2,1336,slack,172.43,21.3,1454,spotify,143.06,1.6
1775699463.44,11044.37,5339.63,67.4,1000,code,622.71,19.3,1111,docker,53.82,29.7,1227,node,215.5,20.9,1334,java,54.09,29.5,1447,java,148.14,24.1
1775699465.44,11043.1,5340.9,67.4,1009,chrome,615.73,1.4,1120,chrome,116.0,20.2,1231,firefox,204.1,11.1,1338,slack,54.67,20.8,1447,spotify,147.56,16.4
1775699467.44,11057.87,5326.13,67.5,1004,node,502.82,4.6,1116,firefox,64.69,24.3,1223,spotify,191.81,5.5,1341,code,130.5,25.3,1448,docker,140.15,26.9
1775699469.44,11061.63,5322.37,67.5,1003,java,658.32,3.6,1119,java,112.48,17.9,1227,postgres,41.08,6.2,1341,postgres,72.19,2.8,1450,node,126.4,18.1
1775699471.44,11464.21,4919.79,70.0,1007,spotify,349.96,19.8,1116,spotify,42.3,17.6,1232,postgres,107.26,23.6,1341,docker,37.93,8.3,1444,slack,157.79,18.3
1775699473.44,11477.67,4906.33,70.1,1003,firefox,538.14,22.8,1112,java,175.17,1.9,1225,node,257.41,14.1,1339,docker,17.9,20.8,1445,docker,108.53,21.2
1775699475.44,11458.14,4925.86,69.9,1002,postgres,149.45,5.1,1113,postgres,60.27,18.5,1225,chrome,119.62,27.4,1335,node,93.85,9.3,1444,code,143.73,3.0
1775699477.44,11459.15,4924.85,69.9,1008,postgres,166.48,29.6,1111,python3,284.92,7.3,1227,chrome,191.09,9.2,1339,firefox,144.04,28.1,1445,slack,73.87,2.0
1775699479.44,11445.0,4939.0,69.9,1000,spotify,652.03,8.6,1115,docker,156.83,18.6,1231,code,240.98,14.0,1338,postgres,168.28,4.0,1449,code,112.66,18.7
1775699481.44,11414.9,4969.1,69.7,1001,chrome,532.25,9.5,1116,spotify,125.19,22.5,1231,python3,25.47,28.7,1336,docker,84.17,11.4,1453,java,99.99,23.3
1775699483.44,11411.24,4972.76,69.6,1008,java,119.95,7.5,1112,slack,318.41,5.8,1232,chrome,225.61,23.8,1337,python3,65.08,18.9,1446,postgres,10.33,12.7
1775699485.44,11419.97,4964.03,69.7,1004,slack,454.1,6.9,1114,postgres,103.26,11.1,1230,java,125.71,18.4,1333,slack,94.0,24.3,1448,python3,52.64,21.8
1775699487.44,11440.08,4943.92,69.8,1002,slack,297.33,0.6,1115,node,152.51,25.0,1231,firefox,57.44,22.8,1341,slack,163.81,29.7,1453,postgres,141.87,27.6
1775699489.44,11454.57,4929.43,69.9,1009,java,262.53,6.3,1120,code,339.82,14.1,1227,chrome,81.32,3.7,1341,slack,50.26,1.1,1453,spotify,61.03,4.1
1775699491.44,11427.39,4956.61,69.7,1004,postgres,604.68,18.3,1117,java,218.63,13.0,1229,spotify,151.39,17.4,1340,chrome,89.11,3.2,1454,chrome,140.83,26.0
1775699493.44,11420.76,4963.24,69.7,1001,code,69.74,22.8,1119,postgres,323.54,28.5,1229,code,100.85,14.4,1338,java,93.53,9.8,1454,firefox,21.49,21.8
1775699495.44,11420.57,4963.43,69.7,1001,java,418.55,8.8,1120,python3,101.65,20.8,1227,spotify,238.56,29.5,1342,slack,73.94,26.5,1448,firefox,123.92,0.5
1775699497.44,11410.55,4973.45,69.6,1003,docker,307.37,1.4,1115,python3,323.28,13.0,1229,slack,163.62,27.0,1340,code,68.87,1.0,1446,firefox,18.35,25.9
1775699499.44,11421.6,4962.4,69.7,1007,java,608.43,22.7,1115,slack,397.27,2.1,1228,node,145.99,8.6,1336,java,173.65,26.0,1454,java,39.38,15.4
1775699501.44,11423.78,4960.22,69.7,1002,docker,461.95,11.3,1116,code,387.56,18.3,1225,chrome,206.44,19.3,1341,firefox,40.14,26.0,1451,docker,62.54,11.3
1775699503.44,11445.12,4938.88,69.9,1006,firefox,361.22,1.5,1114,java,105.86,9.1,1226,node,173.88,7.7,1341,spotify,83.28,22.2,1447,node,25.74,2.2
1775699505.44,11452.57,4931.43,69.9,1001,docker,585.55,22.3,1111,docker,356.05,25.1,1229,postgres,86.65,10.7,1340,java,44.95,12.4,1446,java,46.75,11.8
1775699507.44,11448.08,4935.92,69.9,1008,spotify,726.3,16.6,1120,docker,330.14,7.9,1229,firefox,169.99,20.5,1343,node,188.93,25.2,1449,python3,98.11,25.5
1775699509.44,11430.18,4953.82,69.8,1000,node,407.15,14.0,1119,docker,130.52,8.0,1224,chrome,256.24,14.4,1340,firefox,27.6,17.9,1449,node,54.71,2.3
1775699511.44,11433.49,4950.51,69.8,1010,node,94.55,17.7,1111,chrome,239.12,8.3,1222,java,109.82,10.7,1341,python3,57.91,8.7,1448,firefox,46.62,29.5
1775699513.44,11438.1,4945.9,69.8,1002,node,698.69,3.9,1117,java,393.94,18.9,1232,chrome,232.09,1.1,1340,chrome,172.9,17.1,1445,code,18.99,7.4
1775699515.44,11415.1,4968.9,69.7,1010,firefox,668.35,2.3,1120,spotify,213.2,17.7,1228,firefox,265.07,2.6,1334,firefox,106.7,22.5,1451,postgres,70.27,2.3
1775699517.44,11410.77,4973.23,69.6,1010,java,433.34,20.1,1115,docker,299.9,12.3,1232,java,153.56,4.4,1342,chrome,151.32,21.4,1449,java,61.46,18.0
1775699519.44,11391.76,4992.24,69.5,1009,code,257.17,4.9,1114,node,26.35,5.4,1224,docker,122.37,8.6,1333,firefox,64.67,14.4,1447,spotify,90.25,5.2
1775699521.44,11395.94,4988.06,69.6,1001,slack,341.41,1.0,1118,postgres,194.15,7.3,1230,spotify,226.17,7.6,1341,firefox,43.94,13.7,1448,python3,10.4,9.8
1775699523.44,11403.22,4980.78,69.6,1010,python3,737.24,6.8,1119,docker,266.93,25.1,1223,slack,245.61,20.5,1339,java,70.64,26.0,1451,docker,55.37,6.1
1775699525.44,11433.96,4950.04,69.8,1000,python3,316.51,11.2,1115,java,314.67,16.0,1223,firefox,69.18,18.7,1341,slack,80.88,5.0,1445,docker,92.56,9.8
1775699527.44,11425.29,4958.71,69.7,1000,spotify,441.89,21.2,1121,code,368.75,29.1,1230,java,99.24,24.2,1334,java,98.88,22.7,1446,node,90.71,28.3
1775699529.44,11431.72,4952.28,69.8,1001,slack,718.65,23.0,1111,node,385.19,2.0,1226,java,63.94,3.8,1342,python3,70.95,4.7,1453,firefox,96.13,22.3
1775699531.44,11435.53,4948.47,69.8,1000,spotify,601.63,3.0,1112,slack,142.9,14.2,1225,postgres,39.34,2.6,1339,code,49.37,2.5,1454,firefox,64.37,25.5
1775699533.44,11445.88,4938.12,69.9,1004,postgres,57.7,13.2,1112,code,360.14,18.5,1228,firefox,170.14,9.1,1338,firefox,98.12,22.2,1450,node,122.4,9.2
1775699535.44,11439.72,4944.28,69.8,1008,python3,498.23,2.9,1117,spotify,346.63,17.9,1227,python3,30.44,9.2,1334,spotify,184.51,24.1,1444,java,155.75,27.5
1775699537.44,11436.98,4947.02,69.8,1000,chrome,721.38,26.6,1119,python3,85.01,7.5,1223,java,150.55,12.5,1341,python3,40.99,2.5,1451,firefox,149.18,12.1
1775699539.44,11392.14,4991.86,69.5,1009,spotify,634.32,28.6,1111,slack,97.58,8.1,1231,code,203.11,0.3,1342,node,38.59,24.0,1454,firefox,83.84,22.8
1775699541.44,11374.17,5009.83,69.4,1000,chrome,770.12,19.8,1115,slack,152.35,14.8,1224,postgres,217.93,16.7,1334,python3,126.89,2.7,1449,python3,145.15,24.3
1775699543.44,11366.66,5017.34,69.4,1010,chrome,579.87,4.4,1121,slack,174.79,24.2,1222,postgres,154.77,5.2,1335,postgres,14.9,23.5,1448,docker,49.52,28.6
1775699545.44,11330.63,5053.37,69.2,1009,chrome,242.88,2.5,1119,spotify,214.4,13.1,1226,node,25.49,27.0,1338,firefox,93.39,4.0,1452,slack,83.82,15.3
1775699547.44,11353.15,5030.85,69.3,1006,firefox,369.18,29.5,1120,spotify,336.1,2.2,1228,chrome,120.84,3.8,1335,spotify,16.82,2.6,1445,node,93.4,0.3
1775699549.44,11345.67,5038.33,69.2,1001,spotify,511.55,6.4,1111,node,148.48,22.8,1226,slack,163.38,29.7,1338,node,117.52,28.5,1453,postgres,56.21,17.7
1775699551.44,11371.17,5012.83,69.4,1009,chrome,767.77,7.0,1118,python3,235.3,17.7,1223,java,135.22,19.2,1342,firefox,149.13,3.8,1450,docker,11.17,16.7
1775699553.44,11385.56,4998.44,69.5,1006,firefox,335.0,19.8,1120,python3,162.83,19.9,1232,slack,182.55,26.2,1335,slack,182.42,21.5,1444,code,89.04,4.6
1775699555.44,11364.23,5019.77,69.4,1008,slack,307.14,16.1,1115,java,206.86,12.3,1229,slack,21.28,28.5,1337,firefox,162.82,6.6,1448,postgres,96.18,24.9
1775699557.44,11353.6,5030.4,69.3,1001,docker,291.78,10.3,1116,spotify,260.69,27.7,1231,docker,85.3,21.3,1337,code,193.81,1.9,1454,postgres,155.61,11.6
1775699559.44,11352.62,5031.38,69.3,1006,docker,292.42,3.6,1121,code,321.22,18.6,1228,postgres,100.33,8.0,1339,firefox,160.09,2.2,1449,java,56.6,3.3
1775699561.44,11335.19,5048.81,69.2,1000,chrome,474.29,6.2,1119,python3,47.88,3.3,1225,chrome,38.13,22.1,1342,docker,134.79,4.7,1448,python3,28.94,8.4
1775699563.44,11343.4,5040.6,69.2,1004,spotify,175.54,11.4,1119,chrome,237.9,15.6,1226,java,180.39,1.5,1334,slack,194.53,8.2,1447,node,146.5,16.6
1775699565.44,11367.57,5016.43,69.4,1003,firefox,645.92,15.8,1117,docker,64.12,10.4,1226,postgres,120.87,0.5,1336,spotify,41.42,11.8,1453,java,82.68,8.0
1775699567.44,11378.12,5005.88,69.4,1010,python3,421.83,1.4,1116,node,173.16,20.9,1226,spotify,160.01,3.2,1335,slack,166.44,10.5,1451,python3,130.45,10.9
1775699569.44,11416.57,4967.43,69.7,1005,node,467.81,25.8,1121,docker,195.25,26.2,1230,python3,39.0,4.8,1335,java,61.22,28.3,1449,java,81.65,15.4
1775699571.44,11425.42,4958.58,69.7,1007,slack,507.13,25.0,1118,firefox,55.82,23.4,1231,spotify,251.21,18.2,1334,docker,103.11,11.1,1446,spotify,111.64,8.3
1775699573.44,11433.67,4950.33,69.8,1010,code,372.08,8.3,1119,python3,220.01,20.2,1225,slack,211.82,10.1,1342,docker,63.52,13.3,1449,java,127.02,17.5
1775699575.44,11438.62,4945.38,69.8,1005,postgres,593.96,7.9,1114,postgres,108.5,23.0,1230,docker,180.98,3.1,1339,spotify,45.26,4.2,1444,spotify,49.84,18.4
1775699577.44,11450.16,4933.84,69.9,1004,code,309.33,10.8,1118,docker,71.87,1.5,1222,code,47.43,10.0,1337,docker,97.79,6.9,1448,spotify,154.14,7.2
1775699579.44,11437.43,4946.57,69.8,1004,slack,412.82,5.2,1116,docker,385.72,10.1,1226,code,72.48,8.1,1343,docker,70.44,11.8,1449,firefox,80.14,18.6
1775699581.44,11430.76,4953.24,69.8,1005,firefox,464.52,25.0,1121,spotify,319.66,25.1,1229,spotify,92.02,14.6,1341,code,135.05,12.1,1446,slack,126.01,7.9
1775699583.44,11438.59,4945.41,69.8,1006,python3,228.75,22.2,1121,postgres,191.51,9.0,1229,code,79.57,24.2,1340,code,60.22,29.4,1454,spotify,83.37,24.3
1775699585.44,11441.07,4942.93,69.8,1005,spotify,305.03,1.3,1114,docker,377.06,11.2,1228,chrome,47.33,0.8,1342,java,31.39,2.3,1449,spotify,111.67,19.8
1775699587.44,11428.55,4955.45,69.8,1000,java,395.01,23.7,1115,spotify,37.54,16.3,1231,python3,252.71,9.4,1343,code,87.1,21.1,1445,firefox,96.75,23.4
1775699589.44,11413.04,4970.96,69.7,1006,node,314.71,5.9,1117,docker,399.95,11.0,1232,firefox,192.47,17.8,1333,docker,23.34,3.8,1452,slack,42.16,23.4
1775699591.44,11388.57,4995.43,69.5,1005,code,614.96,18.4,1112,postgres,96.09,18.1,1226,python3,139.79,9.3,1342,node,93.54,25.5,1447,firefox,81.97,23.2
1775699593.44,11371.47,5012.53,69.4,1004,slack,772.45,5.9,1121,chrome,274.07,27.4,1232,node,217.81,23.2,1339,firefox,117.63,4.6,1444,slack,36.12,25.5
1775699595.44,11362.42,5021.58,69.4,1006,node,722.7,14.1,1120,postgres,290.33,24.0,1224,slack,232.66,15.7,1339,spotify,31.94,24.3,1454,python3,153.54,23.9
1775699597.44,11365.95,5018.05,69.4,1002,java,111.96,3.2,1118,slack,237.85,29.4,1227,spotify,232.95,11.8,1338,docker,193.21,18.9,1448,java,147.21,21.0
1775699599.44,11373.74,5010.26,69.4,1005,postgres,264.81,2.3,1119,code,323.98,20.6,1232,firefox,38.0,11.5,1340,node,108.35,0.5,1449,python3,18.69,16.6
1775699601.44,11360.21,5023.79,69.3,1006,slack,275.68,3.0,1115,docker,377.16,7.8,1232,python3,58.12,28.4,1337,slack,58.22,7.3,1448,chrome,144.91,3.3
1775699603.44,11342.85,5041.15,69.2,1006,chrome,196.7,15.2,1117,postgres,200.77,14.5,1231,chrome,264.51,19.8,1340,java,32.83,16.3,1451,java,31.66,18.1
1775699605.44,11356.16,5027.84,69.3,1010,java,189.16,2.8,1113,chrome,130.73,15.7,1230,java,156.9,19.7,1334,slack,85.61,17.2,1444,node,142.91,20.1
1775699607.44,11354.04,5029.96,69.3,1005,java,242.53,12.9,1115,code,245.81,2.5,1222,firefox,196.15,20.5,1336,spotify,140.32,11.6,1448,spotify,14.98,16.9
1775699609.44,11566.67,4817.33,70.6,1005,code,578.88,17.9,1121,chrome,71.27,2.1,1227,slack,160.13,5.6,1341,python3,121.17,13.9,1444,docker,51.59,3.5
1775699611.44,11547.52,4836.48,70.5,1009,node,528.21,11.9,1113,firefox,382.23,12.0,1222,python3,60.22,12.7,1333,slack,145.22,13.7,1448,slack,11.57,25.9
1775699613.44,11554.94,4829.06,70.5,1003,slack,670.67,5.8,1120,code,26.6,10.9,1225,firefox,229.49,14.4,1338,postgres,83.26,6.5,1449,code,13.9,4.9
1775699615.44,11547.79,4836.21,70.5,1001,python3,733.16,7.3,1112,spotify,148.91,15.4,1232,spotify,193.3,17.0,1333,node,76.04,22.8,1453,docker,24.99,27.9
1775699617.44,11560.49,4823.51,70.6,1006,slack,388.93,1.7,1120,postgres,52.64,7.6,1228,chrome,99.16,28.9,1337,slack,164.22,22.8,1454,slack,98.59,6.3
1775699619.44,11566.58,4817.42,70.6,1001,slack,390.16,25.0,1118,docker,349.63,13.1,1222,chrome,113.61,6.7,1338,spotify,162.32,13.7,1454,node,136.41,19.2
1775699621.44,11553.33,4830.67,70.5,1009,java,611.31,21.7,1118,firefox,367.15,29.5,1226,firefox,45.74,0.0,1341,postgres,180.67,25.8,1453,postgres,115.14,29.5
1775699623.44,11552.84,4831.16,70.5,1001,slack,119.55,10.3,1111,firefox,341.92,4.9,1222,docker,165.25,25.5,1338,spotify,147.15,9.0,1451,java,134.79,3.2
1775699625.44,11585.67,4798.33,70.7,1007,firefox,267.45,22.3,1117,firefox,198.0,15.4,1229,python3,58.27,20.5,1336,postgres,107.55,8.1,1454,chrome,123.73,17.4
1775699627.44,11595.02,4788.98,70.8,1010,java,446.32,10.5,1117,chrome,341.07,11.4,1231,spotify,62.17,26.0,1343,java,25.19,15.6,1450,slack,81.45,18.7
1775699629.44,11612.77,4771.23,70.9,1005,docker,80.66,19.6,1120,spotify,359.91,12.2,1228,node,140.92,17.7,1340,code,138.14,2.6,1451,node,158.25,3.7
1775699631.44,11586.71,4797.29,70.7,1002,chrome,355.15,29.0,1121,python3,132.78,4.9,1225,node,29.64,4.3,1342,spotify,186.7,7.6,1450,chrome,128.12,24.4
1775699633.44,11606.18,4777.82,70.8,1004,node,560.04,0.1,1120,firefox,270.39,5.7,1229,slack,236.66,9.7,1335,spotify,69.79,4.1,1449,node,82.36,25.0
1775699635.44,11585.57,4798.43,70.7,1004,postgres,448.3,24.8,1116,postgres,224.39,23.4,1227,node,43.33,28.9,1343,slack,159.37,7.7,1449,firefox,154.46,27.1
1775699637.44,11581.48,4802.52,70.7,1004,python3,323.87,24.0,1118,slack,347.36,28.5,1230,slack,176.05,13.4,1339,chrome,139.76,1.3,1453,python3,35.32,7.5
1775699639.44,11578.75,4805.25,70.7,1001,spotify,776.63,27.1,1119,java,386.67,27.7,1231,spotify,182.12,16.2,1340,spotify,110.84,14.5,1452,docker,40.45,23.9
1775699641.44,11600.27,4783.73,70.8,1006,python3,482.21,3.4,1121,spotify,172.11,9.0,1228,chrome,75.28,22.8,1341,slack,107.48,14.1,1444,firefox,21.79,1.2
1775699643.44,11610.29,4773.71,70.9,1010,code,162.55,0.6,1121,python3,298.98,19.7,1222,code,197.46,14.7,1337,firefox,190.08,2.0,1448,slack,84.74,4.1
1775699645.44,11611.59,4772.41,70.9,1006,python3,705.83,9.6,1111,code,158.32,12.2,1232,spotify,128.5,8.3,1333,node,175.2,11.9,1451,slack,146.28,10.2
1775699647.44,11604.94,4779.06,70.8,1003,node,60.05,29.0,1119,docker,78.16,7.1,1230,node,116.14,21.2,1333,java,21.68,2.6,1448,firefox,76.82,17.8
1775699649.44,11604.5,4779.5,70.8,1008,firefox,425.13,3.0,1121,docker,27.61,10.9,1223,spotify,124.74,18.3,1340,python3,17.7,3.9,1445,spotify,29.6,3.6
1775699651.44,11617.14,4766.86,70.9,1005,python3,228.71,21.2,1120,docker,340.67,24.9,1231,node,205.15,17.6,1341,python3,123.76,3.1,1452,firefox,147.17,24.3
1775699653.44,11640.2,4743.8,71.0,1001,postgres,501.16,29.2,1118,firefox,336.43,13.8,1223,postgres,245.35,9.0,1340,node,121.78,4.8,1446,firefox,100.19,15.5
1775699655.44,11651.23,4732.77,71.1,1002,postgres,539.85,28.6,1118,docker,113.36,27.7,1228,docker,136.67,26.5,1337,postgres,48.36,9.2,1454,firefox,138.99,18.7
1775699657.44,11631.74,4752.26,71.0,1005,docker,132.74,27.1,1115,node,360.37,26.0,1232,chrome,225.4,18.4,1342,chrome,155.54,6.8,1452,chrome,106.11,3.8
1775699659.44,11633.41,4750.59,71.0,1000,chrome,590.75,17.0,1111,spotify,49.68,21.0,1229,node,136.14,3.8,1335,java,84.11,23.4,1446,python3,64.9,17.8
1775699661.44,11640.34,4743.66,71.0,1009,code,588.37,8.1,1121,chrome,367.14,20.4,1224,docker,77.1,28.3,1334,docker,47.07,5.5,1448,code,48.79,28.8
1775699663.44,11632.97,4751.03,71.0,1000,chrome,525.6,15.7,1113,spotify,323.94,6.5,1227,spotify,148.54,22.1,1340,postgres,43.17,17.3,1454,node,135.11,28.9
1775699665.44,11622.56,4761.44,70.9,1007,docker,647.94,2.5,1116,node,348.64,0.6,1224,python3,124.49,27.4,1337,docker,149.11,7.1,1449,chrome,16.41,6.1
1775699667.44,11609.53,4774.47,70.9,1000,chrome,374.24,25.3,1117,code,349.25,19.3,1226,python3,129.57,14.7,1338,firefox,61.21,28.2,1448,python3,106.19,3.7
1775699669.44,11592.24,4791.76,70.8,1006,docker,762.77,24.3,1115,spotify,109.24,5.9,1225,spotify,116.73,0.6,1338,node,151.13,20.2,1446,firefox,36.18,14.1
1775699671.44,11575.99,4808.01,70.7,1003,node,670.43,24.8,1112,node,117.35,28.0,1225,postgres,101.76,18.9,1343,node,21.96,29.6,1450,postgres,25.22,5.4
1775699673.44,11568.98,4815.02,70.6,1008,firefox,193.16,24.6,1113,chrome,115.65,10.4,1227,code,116.61,3.8,1335,firefox,30.47,0.9,1445,firefox,152.08,9.7
1775699675.44,11582.95,4801.05,70.7,1009,postgres,525.54,20.9,1115,python3,82.12,19.4,1232,postgres,253.24,11.8,1334,code,123.82,4.7,1449,code,29.74,7.0
1775699677.44,11581.76,4802.24,70.7,1009,code,683.36,24.7,1116,chrome,155.99,22.3,1226,spotify,256.92,27.9,1334,spotify,146.18,14.1,1449,docker,138.75,9.4
1775699679.44,11575.47,4808.53,70.7,1006,java,648.16,5.2,1119,python3,392.75,12.3,1222,java,46.75,12.3,1334,slack,135.71,26.8,1450,node,57.39,0.3
1775699681.44,11576.04,4807.96,70.7,1004,python3,91.05,18.2,1121,java,212.87,10.8,1232,java,165.58,13.8,1334,postgres,48.1,6.5,1450,chrome,146.94,15.2
1775699683.44,11557.25,4826.75,70.5,1001,chrome,108.99,8.5,1117,code,343.59,22.0,1231,python3,138.06,15.4,1341,slack,30.91,17.8,1444,postgres,129.89,26.9
1775699685.44,11546.58,4837.42,70.5,1006,slack,404.85,16.1,1116,code,222.79,20.6,1228,spotify,28.1,10.5,1333,spotify,84.09,29.8,1452,slack,123.8,11.4
1775699687.44,11531.79,4852.21,70.4,1007,python3,585.9,4.7,1111,slack,67.1,20.1,1226,docker,55.25,5.8,1336,firefox,91.25,0.5,1452,node,119.07,21.4
1775699689.44,11547.55,4836.45,70.5,1007,slack,620.18,17.5,1120,firefox,63.72,7.7,1226,spotify,153.82,12.3,1334,postgres,85.16,7.9,1444,java,66.84,15.5
1775699691.44,11548.42,4835.58,70.5,1008,firefox,622.15,26.8,1112,java,139.12,12.9,1227,spotify,215.57,24.6,1336,postgres,59.18,22.5,1452,chrome,147.42,19.7
1775699693.44,11667.66,4716.34,71.2,1005,slack,676.17,10.4,1116,node,115.08,14.1,1229,docker,215.32,0.6,1336,code,83.47,20.6,1451,code,98.79,4.8
1775699695.44,11698.85,4685.15,71.4,1008,docker,554.97,0.4,1112,python3,123.48,1.7,1227,postgres,100.92,0.7,1333,firefox,67.96,29.8,1452,chrome,109.87,17.6
1775699697.44,11686.63,4697.37,71.3,1007,node,440.32,14.3,1115,java,61.52,6.4,1225,postgres,78.85,6.6,1343,chrome,17.66,17.4,1448,node,56.93,18.5
1775699699.44,11680.96,4703.04,71.3,1000,docker,568.73,21.4,1112,docker,396.85,17.0,1232,java,95.19,8.1,1339,python3,108.5,14.9,1447,firefox,24.97,18.2
1775699701.44,11672.45,4711.55,71.2,1010,java,91.77,5.0,1114,chrome,73.61,26.9,1226,chrome,109.74,22.3,1340,code,47.08,2.4,1449,slack,94.58,1.3
1775699703.44,11675.82,4708.18,71.3,1010,python3,629.15,15.2,1111,firefox,51.04,12.1,1222,slack,216.93,25.5,1336,spotify,36.33,15.8,1448,postgres,82.89,18.4
1775699705.44,11660.63,4723.37,71.2,1002,docker,343.18,9.7,1119,postgres,138.53,4.7,1224,python3,216.48,7.8,1341,python3,59.57,16.3,1450,node,118.63,7.3
1775699707.44,11650.77,4733.23,71.1,1004,firefox,81.16,28.3,1112,slack,36.84,4.6,1232,java,174.49,24.4,1337,code,125.8,7.5,1453,java,10.96,2.6
1775699709.44,11645.32,4738.68,71.1,1009,code,673.11,24.4,1120,python3,300.11,25.4,1228,spotify,52.42,9.1,1340,java,117.54,20.1,1447,postgres,19.51,1.4
1775699711.44,11677.37,4706.63,71.3,1003,code,436.75,3.3,1119,code,142.02,28.5,1227,code,191.02,6.9,1338,code,95.93,17.6,1444,postgres,56.77,1.2
1775699713.44,11674.38,4709.62,71.3,1006,docker,125.07,19.8,1119,docker,222.46,2.1,1225,code,82.34,24.2,1339,postgres,71.51,3.8,1446,docker,59.22,29.3
1775699715.44,11672.51,4711.49,71.2,1007,postgres,70.49,6.4,1118,postgres,121.85,18.8,1231,slack,129.11,18.1,1336,node,126.59,21.2,1450,spotify,53.34,5.6
1775699717.44,11643.62,4740.38,71.1,1000,node,175.87,22.8,1118,firefox,112.65,2.0,1232,slack,28.03,14.7,1339,node,28.92,25.1,1445,chrome,159.47,18.1
1775699719.44,11612.99,4771.01,70.9,1001,python3,291.59,11.9,1117,postgres,32.99,8.4,1226,slack,116.67,18.0,1341,java,157.79,19.1,1452,spotify,50.74,7.6
1775699721.44,11612.64,4771.36,70.9,1001,chrome,791.17,27.6,1118,docker,26.47,2.2,1229,node,180.13,9.4,1337,spotify,49.49,6.1,1444,docker,89.17,3.3
1775699723.44,11611.14,4772.86,70.9,1009,java,674.11,29.8,1115,spotify,33.86,27.7,1226,postgres,90.1,28.3,1338,firefox,171.73,12.7,1448,node,44.85,20.0
1775699725.44,11586.67,4797.33,70.7,1005,firefox,755.09,6.9,1112,docker,316.06,0.8,1225,node,106.71,27.2,1333,postgres,128.22,23.9,1453,python3,67.71,12.1
1775699727.44,11581.55,4802.45,70.7,1001,spotify,408.22,24.9,1114,code,397.92,6.5,1231,postgres,207.5,20.8,1335,postgres,107.48,21.5,1446,node,128.92,24.4
1775699729.44,11591.86,4792.14,70.8,1010,node,676.7,4.6,1118,java,232.53,19.9,1226,code,264.42,28.8,1337,spotify,50.14,3.7,1451,spotify,68.58,28.1
1775699731.44,11563.34,4820.66,70.6,1008,code,408.27,6.9,1116,docker,252.82,3.6,1223,java,50.73,0.7,1342,slack,127.32,28.0,1449,postgres,68.97,12.0
1775699733.44,11568.71,4815.29,70.6,1004,firefox,320.46,0.1,1114,spotify,294.01,7.5,1224,docker,190.57,29.5,1341,java,87.04,22.4,1446,firefox,58.32,18.1
1775699735.44,11549.4,4834.6,70.5,1000,spotify,742.94,11.7,1111,chrome,42.97,2.4,1223,chrome,37.46,9.8,1334,java,25.7,17.6,1447,slack,48.69,7.6
1775699737.44,11549.71,4834.29,70.5,1001,node,50.91,20.2,1119,slack,77.47,22.9,1230,postgres,183.17,11.3,1342,spotify,22.11,20.4,1452,java,81.71,5.9
1775699739.44,11526.45,4857.55,70.4,1004,postgres,446.92,14.8,1118,node,260.55,12.4,1227,firefox,197.83,2.1,1335,python3,197.72,23.2,1452,slack,30.43,4.2
1775699741.44,11502.79,4881.21,70.2,1004,code,410.52,1.9,1121,node,335.68,4.7,1228,postgres,207.81,20.7,1339,spotify,57.26,15.2,1449,spotify,98.66,12.4
1775699743.44,11513.61,4870.39,70.3,1003,python3,219.0,17.3,1112,spotify,300.31,19.8,1227,python3,213.77,16.0,1343,java,163.45,27.3,1446,java,143.21,7.2
1775699745.44,11493.4,4890.6,70.2,1002,python3,284.77,27.2,1117,postgres,121.8,20.5,1226,node,217.03,22.4,1339,slack,94.06,3.4,1445,code,56.37,29.1
1775699747.44,11480.7,4903.3,70.1,1000,spotify,580.65,0.7,1119,docker,204.59,25.2,1227,firefox,165.12,19.8,1333,java,143.49,5.0,1451,slack,81.84,18.3
1775699749.44,11484.85,4899.15,70.1,1004,java,765.29,14.0,1112,java,91.97,21.7,1228,java,197.88,6.5,1336,firefox,107.88,2.2,1444,python3,103.37,10.3
1775699751.44,11494.77,4889.23,70.2,1007,docker,627.17,21.6,1120,node,250.62,10.8,1229,spotify,95.63,10.4,1342,python3,60.29,13.5,1454,code,21.02,14.4
1775699753.44,11495.39,4888.61,70.2,1008,java,161.31,10.7,1121,docker,348.57,3.1,1224,firefox,253.69,8.7,1335,node,51.5,23.9,1452,chrome,64.22,28.7
1775699755.44,11507.52,4876.48,70.2,1002,spotify,773.01,18.8,1121,slack,77.24,14.0,1224,code,26.5,14.2,1341,slack,50.51,5.2,1451,node,117.44,29.4
1775699757.44,11506.0,4878.0,70.2,1007,python3,54.94,18.5,1111,slack,135.6,16.3,1226,code,125.88,21.5,1340,spotify,143.41,22.9,1447,java,58.94,4.7
1775699759.44,11491.11,4892.89,70.1,1005,code,563.32,0.6,1116,code,37.14,3.4,1226,slack,208.81,21.3,1335,java,176.96,6.2,1444,chrome,41.47,0.3
1775699761.44,11481.09,4902.91,70.1,1010,slack,223.19,21.2,1114,postgres,281.05,26.3,1232,postgres,66.04,13.7,1336,spotify,34.01,13.0,1453,python3,137.41,16.8
1775699763.44,11480.94,4903.06,70.1,1006,java,215.84,12.7,1117,spotify,169.57,16.7,1232,postgres,18.98,6.2,1333,postgres,82.59,27.3,1445,chrome,68.43,13.1
1775699765.44,11476.98,4907.02,70.0,1004,firefox,464.24,3.0,1121,code,208.68,9.0,1231,java,224.2,5.1,1333,spotify,36.8,2.9,1449,chrome,57.68,0.5
1775699767.44,11491.18,4892.82,70.1,1009,spotify,783.67,12.5,1114,code,148.71,4.9,1227,firefox,56.62,7.3,1335,python3,136.37,29.4,1444,firefox,85.48,16.4
1775699769.44,11510.25,4873.75,70.3,1004,chrome,765.99,25.5,1115,docker,398.15,5.2,1227,node,165.62,1.4,1334,code,34.21,9.9,1446,firefox,57.9,20.6
1775699771.44,11505.59,4878.41,70.2,1008,slack,453.73,12.1,1114,code,393.69,8.3,1231,chrome,259.01,0.6,1338,slack,179.54,15.2,1453,docker,27.66,16.3
1775699773.44,11531.75,4852.25,70.4,1002,python3,506.86,26.8,1116,firefox,384.86,23.0,1232,firefox,165.73,5.4,1338,firefox,118.16,13.3,1451,docker,99.94,29.5
1775699775.44,11542.18,4841.82,70.4,1007,spotify,648.11,6.7,1115,firefox,200.4,29.1,1229,postgres,97.95,26.0,1334,code,199.5,0.0,1453,firefox,155.2,17.1
1775699777.44,11543.27,4840.73,70.5,1010,python3,186.15,23.3,1114,java,290.99,17.9,1228,chrome,18.61,15.4,1337,docker,93.62,22.5,1446,slack,105.34,26.6
1775699779.44,11538.54,4845.46,70.4,1000,docker,260.57,27.1,1112,node,298.95,17.2,1232,docker,161.0,25.8,1342,python3,99.98,19.0,1449,java,150.26,27.4
1775699781.44,11542.6,4841.4,70.5,1008,slack,557.47,26.5,1113,slack,162.06,19.3,1230,spotify,144.69,15.4,1334,slack,157.43,7.7,1447,spotify,80.11,20.9
1775699783.44,11531.79,4852.21,70.4,1009,chrome,533.79,14.1,1118,spotify,131.71,17.5,1231,postgres,212.13,9.4,1343,postgres,175.54,9.3,1445,chrome,77.78,17.4
1775699785.44,11540.99,4843.01,70.4,1005,postgres,540.64,8.9,1118,firefox,397.57,3.3,1228,chrome,250.84,22.0,1336,firefox,121.2,27.6,1447,spotify,87.36,28.6
1775699787.44,11516.67,4867.33,70.3,1000,docker,659.28,21.1,1120,java,161.45,25.7,1229,slack,205.75,27.7,1340,firefox,90.62,29.6,1452,code,66.76,15.8
1775699789.44,11524.69,4859.31,70.3,1003,chrome,797.06,19.6,1112,docker,199.63,11.6,1232,node,95.74,0.8,1343,chrome,104.74,16.0,1450,spotify,33.51,5.7
1775699791.44,11521.92,4862.08,70.3,1004,chrome,227.22,5.7,1120,spotify,251.51,3.9,1230,firefox,187.2,1.3,1335,node,28.81,30.0,1446,java,57.26,4.8
1775699793.44,11521.18,4862.82,70.3,1004,spotify,387.87,7.9,1111,node,77.37,3.8,1226,docker,138.49,8.8,1342,firefox,178.67,17.6,1449,firefox,65.22,20.8
1775699795.44,11541.71,4842.29,70.4,1002,chrome,80.72,3.4,1115,code,97.96,29.2,1226,firefox,157.57,24.0,1339,code,156.12,3.2,1453,node,149.08,17.9
1775699797.44,11547.37,4836.63,70.5,1000,java,293.7,13.1,1117,code,364.8,5.1,1224,slack,178.94,19.7,1343,chrome,80.88,8.9,1450,slack,114.25,7.4
1775699799.44,11745.25,4638.75,71.7,1005,firefox,658.46,10.2,1116,chrome,72.28,12.2,1227,java,18.32,15.0,1341,spotify,162.88,9.3,1447,node,106.92,14.6
1775699801.44,11748.88,4635.12,71.7,1010,java,76.52,15.6,1114,java,237.09,21.6,1224,java,239.11,16.9,1335,python3,40.56,16.9,1449,firefox,111.48,12.0
1775699803.44,11738.76,4645.24,71.6,1006,docker,67.82,21.6,1116,code,89.74,1.7,1231,node,79.88,18.3,1340,java,124.84,26.8,1445,java,37.35,2.2
1775699805.44,11722.73,4661.27,71.5,1009,code,605.47,4.7,1117,spotify,80.01,0.1,1227,node,22.89,2.6,1335,java,20.4,1.7,1452,python3,142.67,15.3
1775699807.44,11701.85,4682.15,71.4,1004,python3,390.52,1.6,1115,spotify,234.87,14.7,1230,slack,238.95,23.7,1341,python3,24.15,5.8,1446,slack,134.59,22.4
1775699809.44,11705.36,4678.64,71.4,1009,slack,89.76,8.7,1117,java,162.13,17.4,1224,postgres,139.43,0.4,1342,java,165.96,24.7,1454,java,142.92,28.5
1775699811.44,11703.85,4680.15,71.4,1004,firefox,182.66,13.8,1118,slack,199.67,7.5,1229,slack,243.2,7.8,1340,chrome,164.46,21.0,1448,java,57.71,14.0
1775699813.44,11702.14,4681.86,71.4,1009,slack,425.09,13.6,1113,slack,139.87,12.0,1222,spotify,50.75,23.9,1335,java,141.32,2.1,1454,java,48.57,13.1
1775699815.44,11873.11,4510.89,72.5,1007,code,534.11,28.2,1111,firefox,170.2,21.5,1230,slack,19.31,6.0,1343,java,83.37,30.0,1453,firefox,105.4,4.3
1775699817.44,11862.13,4521.87,72.4,1004,python3,467.48,10.8,1116,postgres,56.2,12.0,1222,code,160.87,2.6,1342,slack,140.17,16.7,1452,docker,10.41,21.1
1775699819.44,11854.79,4529.21,72.4,1010,java,414.42,27.0,1116,python3,39.78,14.0,1223,chrome,134.49,8.6,1337,node,54.68,29.3,1453,firefox,119.8,17.9
1775699821.44,11844.07,4539.93,72.3,1010,chrome,295.64,2.0,1111,spotify,371.93,1.5,1229,chrome,220.48,14.9,1338,chrome,148.72,0.4,1444,python3,62.2,8.7
1775699823.44,11844.07,4539.93,72.3,1010,node,577.5,18.5,1111,code,29.48,20.2,1231,docker,107.79,18.7,1342,docker,62.94,13.8,1454,firefox,106.0,26.0
1775699825.44,11823.77,4560.23,72.2,1004,postgres,673.56,5.0,1113,java,273.66,20.4,1226,python3,30.71,2.5,1337,code,77.98,21.6,1451,postgres,15.9,23.8
1775699827.44,11830.74,4553.26,72.2,1003,node,393.94,23.4,1120,node,350.65,23.7,1228,spotify,209.53,20.6,1340,java,112.54,22.3,1450,chrome,135.62,9.6
1775699829.44,11821.79,4562.21,72.2,1010,chrome,649.95,15.6,1120,java,218.58,2.4,1226,spotify,169.74,15.5,1336,firefox,106.87,5.1,1444,firefox,76.63,8.0
1775699831.44,11819.44,4564.56,72.1,1008,java,206.82,7.8,1114,firefox,79.51,13.2,1231,code,40.96,3.5,1333,slack,82.24,20.8,1445,slack,47.54,20.3
1775699833.44,11833.37,4550.63,72.2,1009,node,663.88,2.3,1116,spotify,179.52,15.0,1225,chrome,221.35,13.6,1336,postgres,142.47,25.5,1444,chrome,142.71,4.4
1775699835.44,11818.48,4565.52,72.1,1005,spotify,775.85,14.9,1113,chrome,150.6,10.0,1230,python3,222.33,15.5,1340,slack,174.59,21.5,1446,code,138.08,24.1
1775699837.44,11793.64,4590.36,72.0,1007,postgres,339.95,8.8,1120,node,375.8,28.8,1229,slack,246.38,20.5,1335,code,61.67,2.4,1446,docker,60.39,1.4
1775699839.44,11795.34,4588.66,72.0,1009,python3,367.87,25.9,1117,spotify,369.81,15.6,1231,docker,164.09,16.3,1340,docker,74.5,8.4,1452,postgres,142.52,22.8
1775699841.44,12270.83,4113.17,74.9,1002,spotify,793.34,29.5,1117,chrome,284.22,28.9,1228,python3,190.51,10.0,1334,spotify,51.65,11.3,1447,slack,100.42,3.3
1775699843.44,12266.05,4117.95,74.9,1008,postgres,640.72,14.4,1114,java,294.54,20.1,1228,code,246.95,2.1,1338,java,116.45,12.1,1446,node,140.17,1.9
1775699845.44,12279.24,4104.76,74.9,1004,slack,72.69,9.5,1114,code,167.04,3.9,1224,docker,175.58,9.0,1336,chrome,52.47,13.2,1454,python3,131.26,27.4
1775699847.44,12270.76,4113.24,74.9,1001,slack,360.39,19.5,1115,postgres,196.21,26.2,1228,node,232.06,24.0,1334,python3,129.79,6.3,1444,docker,91.68,5.6
1775699849.44,12283.66,4100.34,75.0,1006,code,289.21,26.5,1116,spotify,348.16,9.9,1228,java,74.58,13.0,1337,code,110.54,0.9,1454,slack,112.1,5.3
1775699851.44,12270.58,4113.42,74.9,1010,slack,578.67,11.4,1120,chrome,366.75,9.5,1231,postgres,114.19,27.7,1342,slack,155.22,5.3,1452,python3,159.03,25.2
1775699853.44,12284.45,4099.55,75.0,1003,code,552.39,25.2,1113,spotify,227.65,26.0,1229,code,214.83,22.6,1335,node,152.34,27.5,1447,java,151.7,15.7
1775699855.44,12280.95,4103.05,75.0,1007,docker,458.86,4.1,1119,firefox,94.81,4.3,1229,java,262.06,21.7,1335,chrome,107.34,27.4,1451,slack,43.97,8.1
1775699857.44,12488.17,3895.83,76.2,1008,node,667.91,8.0,1121,firefox,329.97,22.6,1232,firefox,136.75,10.3,1339,python3,48.66,19.5,1451,docker,106.65,23.0
1775699859.44,12478.64,3905.36,76.2,1005,slack,317.34,17.5,1114,chrome,378.07,23.3,1225,python3,59.22,10.3,1340,chrome,71.03,4.9,1448,chrome,124.5,29.1
1775699861.44,12469.52,3914.48,76.1,1010,node,785.83,23.9,1118,chrome,134.94,3.1,1229,slack,151.03,28.6,1338,spotify,91.5,23.5,1448,java,140.42,13.8
1775699863.44,12478.93,3905.07,76.2,1005,java,506.54,8.9,1115,slack,276.7,26.9,1232,java,141.53,6.8,1335,python3,129.42,2.1,1446,postgres,91.65,9.9
1775699865.44,12443.69,3940.31,76.0,1006,python3,229.36,18.4,1116,spotify,340.11,20.3,1226,python3,122.1,1.0,1339,chrome,131.78,17.8,1447,chrome,22.77,28.3
1775699867.44,12433.97,3950.03,75.9,1003,spotify,433.74,20.8,1114,slack,212.05,26.0,1228,python3,152.74,7.4,1339,slack,129.6,9.6,1452,code,15.73,20.2
1775699869.44,12445.01,3938.99,76.0,1003,firefox,352.78,0.6,1121,docker,209.13,15.3,1229,code,266.16,27.8,1338,spotify,93.41,18.6,1451,spotify,110.17,8.9
1775699871.44,12437.83,3946.17,75.9,1005,spotify,477.53,29.3,1111,firefox,146.58,19.5,1232,java,50.17,21.3,1334,docker,34.01,15.4,1448,code,93.87,18.7
1775699873.44,12456.8,3927.2,76.0,1005,python3,656.75,1.9,1118,slack,266.96,15.0,1223,java,179.19,2.9,1334,spotify,130.47,5.5,1448,firefox,83.71,21.3
1775699875.44,12446.15,3937.85,76.0,1003,chrome,642.12,19.9,1118,java,311.89,26.5,1229,node,23.1,21.9,1341,python3,68.78,1.7,1449,node,35.85,28.1
1775699877.44,12449.15,3934.85,76.0,1000,python3,487.06,30.0,1117,node,133.59,25.1,1222,spotify,79.3,5.3,1334,slack,181.47,10.9,1454,python3,63.04,17.2
1775699879.44,12422.76,3961.24,75.8,1000,postgres,743.8,14.4,1115,code,76.11,27.3,1225,python3,97.9,12.2,1334,slack,181.26,2.6,1445,node,129.99,22.2
1775699881.44,12418.91,3965.09,75.8,1007,code,201.6,18.0,1121,spotify,187.15,5.3,1229,java,153.38,2.6,1340,node,66.94,3.9,1445,python3,13.89,5.0
1775699883.44,12405.6,3978.4,75.7,1003,slack,112.69,6.7,1112,postgres,247.02,9.2,1222,python3,171.18,28.5,1333,slack,114.69,15.8,1445,spotify,66.98,12.4
1775699885.44,12406.35,3977.65,75.7,1010,spotify,701.64,1.1,1113,code,276.51,5.8,1228,slack,198.43,20.9,1334,docker,192.33,7.0,1450,java,83.36,29.8
1775699887.44,12395.7,3988.3,75.7,1001,docker,113.81,25.7,1114,slack,363.22,2.8,1223,slack,214.96,14.4,1333,firefox,164.96,0.9,1447,node,127.26,0.7
1775699889.44,12401.87,3982.13,75.7,1005,java,70.86,14.8,1115,slack,203.03,11.7,1222,docker,130.11,22.5,1335,firefox,145.15,19.6,1446,node,21.29,11.3
1775699891.44,12392.03,3991.97,75.6,1000,node,546.6,28.8,1119,code,59.81,29.2,1232,chrome,95.53,26.7,1340,chrome,191.39,22.8,1453,spotify,66.87,23.1
1775699893.44,12403.62,3980.38,75.7,1009,spotify,260.7,27.4,1117,java,282.41,7.4,1224,node,71.22,13.8,1333,docker,32.77,20.4,1452,chrome,127.2,17.4
1775699895.44,12406.78,3977.22,75.7,1010,chrome,469.57,5.9,1113,node,136.84,25.3,1228,firefox,239.05,23.3,1337,postgres,177.82,16.3,1452,slack,38.9,26.3
1775699897.44,12227.89,4156.11,74.6,1002,python3,443.45,26.7,1119,python3,282.21,16.5,1227,postgres,105.68,30.0,1334,node,128.79,3.4,1453,java,127.26,28.9
1775699899.44,12240.26,4143.74,74.7,1002,node,371.27,16.3,1114,slack,291.41,5.9,1231,node,53.01,7.2,1333,chrome,60.89,7.1,1448,docker,64.61,9.3
1775699901.44,12214.16,4169.84,74.5,1004,code,344.67,14.7,1112,python3,39.47,6.8,1229,firefox,102.97,5.1,1340,docker,87.43,3.7,1449,slack,55.29,15.4
1775699903.44,12224.5,4159.5,74.6,1004,code,327.4,5.3,1112,postgres,291.75,21.1,1223,code,120.18,11.4,1334,postgres,85.01,0.9,1447,java,21.42,15.5
1775699905.44,12234.55,4149.45,74.7,1005,postgres,334.31,10.5,1115,python3,303.07,15.0,1225,java,143.31,7.7,1336,docker,97.26,29.7,1444,node,53.51,24.0
1775699907.44,12253.67,4130.33,74.8,1004,firefox,685.7,10.6,1117,java,35.75,6.9,1222,code,39.85,28.7,1343,python3,41.04,23.3,1447,slack,66.46,17.6
1775699909.44,12270.3,4113.7,74.9,1007,node,342.93,15.9,1119,firefox,271.8,26.2,1231,firefox,226.1,18.9,1333,spotify,48.81,0.9,1453,spotify,22.76,20.5
1775699911.44,12255.25,4128.75,74.8,1001,code,191.73,24.1,1115,chrome,115.21,24.5,1232,postgres,157.16,5.7,1340,docker,18.86,20.7,1446,docker,149.19,9.9
1775699913.44,12245.6,4138.4,74.7,1002,spotify,765.99,7.7,1120,java,185.41,9.9,1224,code,261.91,22.5,1340,firefox,170.89,3.9,1449,python3,85.07,29.0
1775699915.44,12231.68,4152.32,74.7,1001,docker,203.52,9.2,1120,postgres,286.42,9.6,1224,node,94.93,3.5,1339,node,115.78,24.7,1450,postgres,146.42,15.4
1775699917.44,12222.71,4161.29,74.6,1000,code,383.72,14.0,1112,python3,281.16,18.7,1232,firefox,128.78,28.6,1336,chrome,173.08,26.2,1453,postgres,93.92,2.7
1775699919.44,12220.83,4163.17,74.6,1010,node,285.03,10.5,1113,slack,100.75,6.4,1224,slack,219.09,21.4,1339,docker,120.08,16.6,1454,node,17.24,4.2
1775699921.44,12229.39,4154.61,74.6,1007,code,670.95,10.2,1119,python3,356.32,21.9,1223,slack,232.99,28.8,1333,slack,160.7,8.3,1444,docker,119.16,3.6
1775699923.44,12217.3,4166.7,74.6,1004,java,243.35,11.5,1121,code,387.94,30.0,1230,node,31.75,17.3,1338,postgres,44.84,23.0,1451,node,153.94,24.4
1775699925.44,12198.83,4185.17,74.5,1002,node,422.78,21.6,1118,postgres,234.84,25.2,1229,docker,17.85,14.1,1341,code,131.1,10.2,1446,firefox,149.71,4.7
1775699927.44,12167.01,4216.99,74.3,1008,chrome,462.95,4.9,1113,java,206.15,29.1,1222,spotify,118.94,12.2,1333,python3,113.96,10.8,1447,slack,158.91,24.9
1775699929.44,12155.99,4228.01,74.2,1010,slack,150.2,3.3,1111,chrome,95.84,29.8,1229,chrome,224.66,22.5,1333,docker,21.25,7.4,1452,chrome,89.16,15.4
1775699931.44,12142.27,4241.73,74.1,1006,spotify,218.6,1.1,1111,spotify,386.46,26.7,1225,postgres,142.82,17.8,1343,java,104.7,9.1,1451,java,150.08,5.3
1775699933.44,12135.42,4248.58,74.1,1004,firefox,346.23,13.2,1117,docker,173.19,20.3,1223,spotify,144.12,15.1,1340,spotify,63.4,14.3,1449,chrome,138.87,24.2
1775699935.44,12135.81,4248.19,74.1,1002,python3,95.76,13.1,1113,java,254.3,29.3,1222,node,47.92,22.3,1343,postgres,77.25,28.6,1449,docker,43.4,0.3
1775699937.44,12154.8,4229.2,74.2,1004,chrome,599.33,6.8,1112,java,218.1,4.4,1224,postgres,132.91,22.3,1338,code,35.96,21.2,1447,docker,124.01,17.2
1775699939.44,12138.9,4245.1,74.1,1005,node,349.58,27.7,1117,spotify,374.01,5.8,1229,java,74.3,29.8,1335,python3,112.4,10.6,1450,python3,126.0,23.1
1775699941.44,12137.48,4246.52,74.1,1003,docker,555.63,5.6,1120,node,63.25,7.0,1225,docker,222.8,22.0,1333,chrome,114.35,17.5,1446,node,47.65,26.9
1775699943.44,12143.24,4240.76,74.1,1004,node,193.32,26.6,1114,code,262.1,16.1,1230,node,150.01,11.0,1343,code,36.48,19.4,1452,chrome,50.41,6.6
1775699945.44,12155.54,4228.46,74.2,1010,code,408.14,12.6,1121,java,227.63,26.8,1232,java,90.61,25.3,1338,postgres,69.21,25.0,1446,code,65.15,20.0
1775699947.44,12163.97,4220.03,74.2,1009,python3,376.31,0.9,1114,python3,260.96,13.5,1232,spotify,123.84,15.9,1342,node,61.83,28.8,1452,slack,42.01,24.1
1775699949.44,12181.39,4202.61,74.3,1010,slack,696.88,20.3,1112,firefox,33.57,4.9,1231,slack,110.2,17.4,1343,java,193.24,23.9,1445,chrome,29.17,0.4
1775699951.44,12183.81,4200.19,74.4,1010,slack,353.59,20.1,1111,java,267.34,6.7,1226,docker,121.05,2.8,1337,spotify,120.69,16.0,1447,python3,93.93,10.8
1775699953.44,12468.92,3915.08,76.1,1002,postgres,159.98,14.1,1113,python3,63.69,10.6,1228,node,243.55,13.3,1336,spotify,139.37,12.4,1453,spotify,48.58,10.1
1775699955.44,12256.83,4127.17,74.8,1005,firefox,640.91,8.6,1116,java,317.01,19.6,1225,code,134.15,15.4,1336,chrome,22.55,22.1,1445,chrome,109.33,22.1
1775699957.44,12287.91,4096.09,75.0,1010,python3,313.19,11.7,1118,node,294.93,24.8,1224,node,87.94,15.1,1337,spotify,52.59,29.4,1450,java,10.76,2.9
1775699959.44,12273.45,4110.55,74.9,1004,slack,439.55,11.9,1111,docker,102.95,25.8,1224,java,94.05,27.7,1340,slack,178.73,18.8,1447,docker,87.11,18.4
1775699961.44,12262.75,4121.25,74.8,1000,spotify,553.17,18.0,1118,code,369.42,8.8,1232,firefox,176.29,16.8,1333,postgres,78.14,14.7,1447,postgres,72.77,28.8
1775699963.44,12251.51,4132.49,74.8,1007,node,566.5,29.1,1119,docker,313.04,26.5,1227,python3,141.96,17.2,1343,firefox,85.44,10.3,1445,slack,38.71,16.3
1775699965.44,12268.48,4115.52,74.9,1008,slack,227.29,13.4,1114,postgres,158.04,18.2,1228,slack,96.39,6.4,1333,java,42.08,9.7,1446,node,16.76,25.8
1775699967.44,12250.88,4133.12,74.8,1006,postgres,344.96,18.2,1121,python3,124.46,6.7,1225,firefox,79.45,12.2,1338,python3,199.39,5.6,1445,firefox,68.33,24.7
1775699969.44,12243.07,4140.93,74.7,1005,postgres,364.71,8.7,1117,chrome,364.27,17.6,1222,node,135.9,7.8,1337,docker,93.18,27.4,1445,code,73.9,5.6
1775699971.44,12240.54,4143.46,74.7,1003,spotify,662.11,12.2,1116,firefox,231.72,12.3,1230,code,176.29,27.1,1333,chrome,160.22,9.1,1449,slack,100.33,6.4
1775699973.44,12217.97,4166.03,74.6,1006,chrome,125.31,6.7,1116,firefox,305.95,23.0,1222,python3,163.2,23.6,1340,node,160.59,0.3,1444,code,37.65,8.8
1775699975.44,12236.37,4147.63,74.7,1008,code,733.42,16.8,1117,code,249.15,18.2,1231,code,64.09,12.0,1338,chrome,176.95,10.1,1453,code,110.78,22.2
1775699977.44,12210.33,4173.67,74.5,1001,slack,374.82,19.8,1112,docker,27.92,0.3,1226,spotify,253.65,17.9,1336,python3,153.35,28.4,1452,firefox,12.59,27.6
1775699979.44,12192.28,4191.72,74.4,1001,python3,772.13,6.6,1113,code,310.9,8.4,1227,python3,257.1,1.3,1337,chrome,137.32,28.3,1447,docker,140.92,2.2
1775699981.44,12205.76,4178.24,74.5,1002,docker,241.16,0.2,1117,code,50.61,27.5,1224,java,213.91,22.2,1333,node,184.41,29.8,1453,firefox,151.48,12.9
1775699983.44,12195.82,4188.18,74.4,1001,code,465.78,1.4,1121,code,228.27,27.0,1232,python3,232.54,21.3,1336,spotify,170.7,27.8,1447,chrome,37.32,10.7
1775699985.44,12206.08,4177.92,74.5,1002,chrome,371.89,4.5,1112,postgres,331.0,10.2,1228,slack,181.19,15.1,1342,code,171.09,26.4,1450,code,95.61,12.1
1775699987.44,12191.08,4192.92,74.4,1005,chrome,307.83,2.7,1113,chrome,340.96,23.8,1222,slack,47.28,23.6,1334,slack,156.63,7.6,1450,chrome,141.47,21.0
1775699989.44,12182.42,4201.58,74.4,1008,node,254.88,16.9,1115,postgres,237.26,10.6,1228,chrome,164.32,24.3,1338,slack,19.01,24.8,1451,postgres,61.07,13.0
1775699991.44,12163.59,4220.41,74.2,1010,slack,735.91,10.5,1121,chrome,207.67,4.2,1226,code,92.93,20.0,1343,chrome,66.94,10.8,1454,docker,146.16,5.4
1775699993.44,12174.22,4209.78,74.3,1006,java,503.61,26.3,1116,node,41.84,11.7,1226,docker,51.41,29.4,1339,code,100.51,8.8,1450,slack,58.03,27.2
1775699995.44,12153.54,4230.46,74.2,1010,java,147.11,24.2,1117,code,70.36,11.7,1224,slack,116.42,0.2,1336,postgres,124.39,3.8,1450,slack,99.17,18.9
1775699997.44,12154.68,4229.32,74.2,1005,java,168.05,14.9,1118,postgres,41.8,1.9,1227,docker,254.63,6.2,1335,firefox,40.24,5.4,1447,firefox,32.71,24.8
1775699999.44,12137.26,4246.74,74.1,1008,firefox,608.84,15.7,1120,postgres,250.08,26.4,1229,python3,43.67,28.7,1333,firefox,157.38,0.2,1449,node,59.57,23.0
1775700001.44,12137.78,4246.22,74.1,1000,firefox,509.46,24.9,1114,postgres,273.96,7.3,1224,code,18.32,2.6,1335,spotify,63.29,7.7,1447,code,128.92,8.3
1775700003.44,12142.44,4241.56,74.1,1004,chrome,655.58,16.1,1118,slack,108.42,20.8,1225,docker,235.65,14.5,1341,python3,141.72,9.1,1446,code,149.2,12.8
1775700005.44,12129.53,4254.47,74.0,1009,slack,110.61,3.3,1111,chrome,326.51,17.0,1224,postgres,57.32,12.3,1340,slack,157.32,22.6,1450,node,111.89,10.8
1775700007.44,12125.12,4258.88,74.0,1005,python3,362.76,23.0,1115,slack,221.0,16.0,1225,docker,222.66,4.5,1337,postgres,152.72,3.8,1449,node,59.04,2.0
1775700009.44,12104.89,4279.11,73.9,1000,firefox,84.55,7.5,1116,firefox,111.4,22.1,1224,slack,257.21,4.8,1337,docker,86.88,13.1,1450,chrome,89.84,16.2
1775700011.44,12106.47,4277.53,73.9,1008,docker,109.27,20.0,1111,docker,142.53,2.2,1225,java,155.53,18.1,1334,firefox,158.21,21.3,1450,python3,24.29,19.6
1775700013.44,12091.69,4292.31,73.8,1004,node,52.84,24.6,1111,java,55.61,27.7,1227,python3,164.39,26.0,1339,postgres,78.6,13.8,1448,node,42.03,17.9
1775700015.44,12090.9,4293.1,73.8,1001,firefox,220.09,24.6,1115,spotify,374.81,4.9,1228,spotify,133.52,2.8,1333,node,160.97,9.1,1448,postgres,99.96,14.9
1775700017.44,12087.28,4296.72,73.8,1006,code,600.25,15.7,1112,docker,216.9,1.6,1224,code,108.26,17.7,1340,spotify,60.34,13.7,1447,slack,29.13,27.1
1775700019.44,12066.26,4317.74,73.6,1003,node,138.14,5.0,1114,spotify,145.56,16.7,1229,chrome,89.13,6.2,1334,postgres,149.72,26.4,1452,node,129.63,16.7
1775700021.44,12057.76,4326.24,73.6,1007,chrome,215.89,11.5,1116,java,29.7,20.2,1229,java,257.26,4.2,1341,python3,35.03,29.0,1454,slack,29.06,17.4
1775700023.44,12071.23,4312.77,73.7,1008,java,698.91,16.1,1118,slack,321.3,22.9,1224,java,82.02,23.7,1342,node,49.54,0.3,1448,firefox,106.58,29.9
1775700025.44,12060.74,4323.26,73.6,1006,java,74.35,8.2,1116,node,60.44,6.1,1232,postgres,68.06,10.2,1337,spotify,177.18,16.9,1445,slack,108.67,29.4
1775700027.44,12062.26,4321.74,73.6,1002,postgres,185.99,0.9,1117,node,200.38,20.5,1229,chrome,93.4,21.3,1336,java,59.83,28.5,1445,code,113.39,21.8
1775700029.44,12029.94,4354.06,73.4,1010,firefox,479.54,7.7,1112,spotify,117.53,17.2,1225,code,68.81,25.6,1336,java,75.59,14.9,1451,java,79.18,15.6
1775700031.44,12011.29,4372.71,73.3,1003,firefox,641.23,12.8,1114,postgres,58.49,7.7,1231,code,162.87,6.6,1341,chrome,192.49,19.6,1448,python3,74.85,14.7
1775700033.44,12015.87,4368.13,73.3,1007,java,136.24,26.0,1111,code,53.12,6.7,1223,firefox,93.65,29.0,1337,postgres,46.89,6.0,1448,docker,102.77,22.7
1775700035.44,12020.93,4363.07,73.4,1000,code,51.9,21.8,1117,code,325.09,11.5,1226,docker,192.68,0.6,1343,spotify,119.5,2.7,1451,node,89.55,27.7
1775700037.44,12003.46,4380.54,73.3,1003,java,389.07,29.3,1120,java,69.31,24.0,1225,docker,61.97,9.2,1343,python3,23.21,15.3,1450,spotify,94.89,29.4
1775700039.44,12015.21,4368.79,73.3,1009,docker,127.67,25.3,1121,firefox,160.72,20.5,1231,node,55.91,26.3,1340,chrome,34.73,20.4,1448,spotify,24.38,29.0
1775700041.44,12008.38,4375.62,73.3,1006,chrome,662.87,17.6,1119,firefox,177.36,16.6,1230,slack,121.69,1.9,1341,firefox,138.79,14.2,1449,slack,66.78,29.0
1775700043.44,11997.03,4386.97,73.2,1009,postgres,671.96,28.5,1114,java,127.68,26.5,1222,python3,112.34,4.5,1339,docker,135.85,26.6,1449,spotify,69.06,26.2
1775700045.44,11993.6,4390.4,73.2,1006,spotify,244.46,17.5,1115,docker,304.22,10.5,1232,node,85.44,13.3,1337,firefox,133.96,21.5,1446,postgres,13.53,10.9
1775700047.44,12004.84,4379.16,73.3,1010,chrome,469.37,8.2,1119,spotify,174.39,26.4,1232,spotify,81.34,26.3,1336,docker,163.39,10.5,1452,chrome,125.93,14.5
1775700049.44,12013.42,4370.58,73.3,1005,java,485.26,5.6,1120,code,117.88,18.0,1226,slack,27.39,27.6,1333,docker,54.01,6.3,1448,code,62.76,21.7
1775700051.44,12011.67,4372.33,73.3,1004,chrome,285.67,1.4,1113,java,160.36,6.9,1230,docker,174.58,13.0,1336,postgres,185.85,14.0,1454,java,49.97,29.5
1775700053.44,12017.19,4366.81,73.3,1003,node,688.07,28.5,1118,node,333.34,17.1,1229,postgres,44.53,17.8,1333,spotify,65.69,24.5,1444,code,13.17,18.8
1775700055.44,11983.66,4400.34,73.1,1008,code,561.55,17.9,1112,java,137.14,15.5,1231,docker,135.61,19.0,1336,slack,49.31,7.1,1444,java,23.08,7.5
1775700057.44,11993.97,4390.03,73.2,1007,slack,492.53,25.7,1111,firefox,275.76,23.1,1232,python3,119.14,5.6,1340,chrome,148.66,25.8,1451,firefox,74.91,14.1
1775700059.44,11981.29,4402.71,73.1,1008,code,756.08,18.0,1114,java,370.92,25.9,1231,code,48.51,14.8,1337,firefox,124.67,17.6,1448,code,114.98,29.0
1775700061.44,11988.61,4395.39,73.2,1000,firefox,737.5,15.2,1111,docker,242.04,22.8,1232,java,227.92,10.9,1333,java,62.62,14.9,1451,slack,40.75,16.1
1775700063.44,11980.27,4403.73,73.1,1004,slack,776.74,24.2,1114,postgres,219.08,23.1,1229,node,124.88,26.0,1343,postgres,141.89,0.2,1448,postgres,103.03,14.4
1775700065.44,11957.43,4426.57,73.0,1008,slack,233.64,19.9,1117,postgres,117.14,28.4,1228,docker,202.72,9.8,1342,slack,167.87,28.4,1448,chrome,92.62,19.8
1775700067.44,11953.39,4430.61,73.0,1009,node,67.97,29.9,1121,chrome,197.94,26.6,1228,chrome,227.85,24.7,1335,java,128.62,23.4,1445,firefox,33.84,25.0
1775700069.44,11932.14,4451.86,72.8,1009,java,335.82,6.6,1120,python3,366.35,10.7,1228,firefox,82.85,0.1,1336,chrome,95.03,19.3,1445,firefox,51.28,23.8
1775700071.44,11904.08,4479.92,72.7,1007,node,743.29,0.8,1113,spotify,158.98,2.8,1227,chrome,22.16,3.8,1334,slack,38.76,1.2,1450,slack,28.95,27.3
1775700073.44,11892.26,4491.74,72.6,1003,chrome,732.16,10.4,1119,postgres,290.81,6.5,1230,firefox,127.53,24.7,1342,docker,178.43,17.6,1452,python3,50.63,21.5
1775700075.44,11919.07,4464.93,72.7,1008,code,331.06,2.5,1113,docker,79.5,20.4,1230,python3,125.81,8.2,1335,spotify,79.07,28.7,1452,firefox,37.7,10.9
1775700077.44,11903.07,4480.93,72.7,1010,code,302.41,10.2,1111,node,45.11,15.4,1231,java,198.65,25.6,1342,firefox,170.93,7.9,1452,docker,68.15,20.3
1775700079.44,11882.72,4501.28,72.5,1004,slack,465.8,17.6,1112,firefox,301.41,15.3,1224,postgres,88.69,21.4,1333,node,184.52,0.8,1450,spotify,149.54,10.4
1775700081.44,11866.63,4517.37,72.4,1005,slack,433.08,25.8,1119,python3,274.02,13.4,1227,postgres,128.42,25.1,1343,docker,187.58,8.1,1453,python3,65.49,26.4
1775700083.44,11883.02,4500.98,72.5,1007,python3,688.64,22.1,1114,docker,248.55,18.5,1222,docker,32.2,8.6,1338,firefox,124.97,8.5,1448,spotify,113.2,12.5
1775700085.44,11907.8,4476.2,72.7,1006,python3,198.11,16.9,1117,docker,69.03,9.9,1231,node,102.54,0.9,1335,docker,93.3,7.9,1444,java,55.17,23.5
1775700087.44,11885.1,4498.9,72.5,1007,python3,559.65,11.9,1114,code,378.22,24.5,1223,node,85.74,14.9,1343,chrome,22.98,8.5,1449,firefox,93.35,23.7
1775700089.44,11870.29,4513.71,72.5,1006,python3,768.66,12.7,1119,node,101.33,23.8,1232,docker,191.51,25.8,1339,java,107.93,16.8,1453,firefox,123.79,9.0
1775700091.44,11884.82,4499.18,72.5,1000,slack,363.03,21.5,1115,node,54.8,2.7,1227,docker,156.46,23.0,1334,spotify,98.15,6.9,1450,slack,67.56,1.4
1775700093.44,11903.67,4480.33,72.7,1010,java,77.04,17.3,1119,slack,229.87,19.4,1222,code,25.02,11.2,1341,node,124.48,2.8,1449,node,35.98,4.9
1775700095.44,11892.91,4491.09,72.6,1003,node,580.71,28.2,1117,node,212.42,1.3,1222,node,152.5,19.1,1341,python3,189.43,29.8,1445,slack,89.84,6.3
1775700097.44,11879.95,4504.05,72.5,1006,docker,374.21,7.5,1115,python3,302.18,16.3,1226,slack,191.51,5.6,1335,java,94.06,14.4,1446,java,56.04,25.4
1775700099.44,11913.23,4470.77,72.7,1003,python3,621.22,18.0,1117,java,114.86,17.8,1232,firefox,146.24,20.5,1341,docker,95.68,25.6,1448,spotify,94.97,9.3
1775700101.44,11889.25,4494.75,72.6,1006,spotify,212.92,23.8,1120,firefox,118.5,24.3,1227,java,117.51,19.6,1336,spotify,64.84,28.2,1454,java,128.84,17.5
1775700103.44,12205.66,4178.34,74.5,1009,java,251.2,28.7,1117,java,181.86,29.9,1230,code,256.35,3.7,1341,python3,169.96,17.3,1446,node,109.75,19.5
1775700105.44,12224.87,4159.13,74.6,1002,python3,727.49,6.8,1114,node,207.24,16.7,1226,chrome,261.98,20.3,1334,node,109.0,14.8,1448,slack,154.55,14.9
1775700107.44,12219.33,4164.67,74.6,1005,firefox,488.09,20.6,1116,docker,273.47,19.6,1232,firefox,223.09,13.8,1339,slack,139.44,1.6,1449,firefox,20.07,22.0
1775700109.44,12235.7,4148.3,74.7,1010,postgres,755.48,7.9,1117,node,87.1,1.1,1228,code,80.51,13.0,1336,postgres,162.43,5.3,1444,postgres,32.64,29.4
1775700111.44,12222.9,4161.1,74.6,1007,code,699.09,4.1,1114,firefox,56.06,17.2,1231,slack,103.57,28.3,1333,firefox,89.16,18.8,1447,node,57.49,25.6
1775700113.44,12212.84,4171.16,74.5,1002,python3,582.18,15.0,1118,java,179.03,29.9,1224,docker,184.57,20.8,1333,postgres,36.66,6.1,1445,chrome,70.33,27.6
1775700115.44,12227.75,4156.25,74.6,1001,docker,82.41,10.9,1113,spotify,55.57,8.0,1229,postgres,161.76,23.0,1338,spotify,124.74,10.0,1446,docker,12.84,5.4
1775700117.44,12213.83,4170.17,74.5,1003,firefox,727.67,15.1,1114,chrome,142.04,26.0,1232,docker,136.45,26.9,1338,code,53.9,12.8,1444,spotify,122.68,26.9
1775700119.44,12201.12,4182.88,74.5,1008,spotify,391.83,10.2,1114,docker,66.34,30.0,1225,python3,27.6,7.4,1342,python3,95.65,7.5,1445,python3,72.07,12.3
1775700121.44,12195.46,4188.54,74.4,1006,firefox,304.81,0.7,1113,postgres,195.13,10.0,1224,java,130.89,4.2,1333,node,88.47,26.7,1444,python3,78.2,9.4
1775700123.44,12651.74,3732.26,77.2,1005,java,462.39,1.3,1120,chrome,144.7,28.7,1223,python3,37.47,15.7,1339,docker,175.53,18.0,1446,node,64.75,23.9
1775700125.44,12639.98,3744.02,77.1,1010,firefox,254.48,8.5,1120,firefox,388.12,26.1,1228,firefox,134.94,1.7,1340,spotify,68.15,4.4,1445,slack,44.08,4.4
1775700127.44,12633.02,3750.98,77.1,1006,slack,638.09,18.8,1121,firefox,302.21,17.2,1224,chrome,92.81,25.7,1343,code,73.06,9.1,1452,chrome,126.86,3.0
1775700129.44,12623.31,3760.69,77.0,1003,node,785.39,6.1,1114,chrome,143.39,21.3,1227,postgres,65.04,21.0,1333,chrome,120.81,16.2,1448,code,70.84,29.7
1775700131.44,12615.19,3768.81,77.0,1000,python3,121.92,13.9,1115,docker,48.06,24.6,1227,spotify,59.07,27.0,1336,node,185.08,18.8,1453,docker,23.88,19.3
1775700133.44,12621.42,3762.58,77.0,1009,docker,331.23,10.6,1112,docker,381.94,7.1,1231,node,24.3,21.0,1333,firefox,147.71,26.8,1453,code,126.17,18.2
1775700135.44,12607.45,3776.55,76.9,1010,code,416.09,6.4,1117,postgres,266.34,0.8,1231,postgres,197.34,1.3,1338,postgres,186.51,26.1,1446,firefox,95.64,27.9
1775700137.44,12603.28,3780.72,76.9,1006,firefox,55.03,7.8,1113,chrome,200.87,26.4,1227,java,53.47,28.3,1335,docker,33.25,19.8,1446,java,13.91,3.9
1775700139.44,12603.53,3780.47,76.9,1006,code,140.96,13.1,1111,code,34.9,18.2,1225,java,226.28,17.6,1334,spotify,64.69,17.2,1452,code,108.05,1.5
1775700141.44,12635.23,3748.77,77.1,1002,slack,68.09,27.9,1121,slack,198.19,24.7,1229,chrome,37.82,20.1,1340,python3,143.31,15.2,1445,code,94.48,12.8
1775700143.44,12598.31,3785.69,76.9,1006,postgres,375.51,28.9,1118,node,263.4,28.9,1227,java,190.51,16.9,1334,spotify,165.77,4.5,1449,code,155.64,11.1
1775700145.44,12598.4,3785.6,76.9,1010,docker,647.81,21.9,1121,spotify,90.52,1.3,1229,firefox,43.13,14.0,1337,slack,90.51,14.2,1449,slack,28.1,3.9
1775700147.44,12630.67,3753.33,77.1,1004,slack,386.96,29.4,1118,docker,252.7,11.2,1231,spotify,183.33,28.4,1343,slack,70.04,16.1,1449,java,100.66,17.7
1775700149.44,12628.74,3755.26,77.1,1001,spotify,200.11,20.9,1115,java,265.15,3.7,1228,docker,44.65,2.7,1339,spotify,120.35,6.3,1447,chrome,41.93,2.3
1775700151.44,12617.35,3766.65,77.0,1003,chrome,290.7,11.8,1113,slack,324.19,21.7,1229,firefox,74.7,9.9,1338,python3,91.91,5.1,1446,spotify,111.33,23.3
1775700153.44,12626.38,3757.62,77.1,1008,python3,352.42,25.6,1120,node,133.89,11.1,1229,node,159.31,5.0,1335,python3,121.06,2.5,1454,docker,86.6,10.1
1775700155.44,12621.25,3762.75,77.0,1009,postgres,564.25,24.3,1118,firefox,338.69,19.3,1222,firefox,98.08,14.5,1343,docker,148.39,23.4,1453,code,78.8,6.1
1775700157.44,12638.43,3745.57,77.1,1003,firefox,235.73,27.7,1112,code,283.73,14.8,1222,spotify,51.85,29.1,1335,chrome,128.54,15.5,1447,java,98.73,25.6
1775700159.44,12625.03,3758.97,77.1,1006,python3,711.55,7.7,1114,spotify,62.66,16.1,1229,chrome,218.31,16.1,1338,chrome,87.45,22.8,1447,spotify,106.48,8.2
1775700161.44,12624.73,3759.27,77.1,1002,docker,634.64,17.8,1115,spotify,97.36,8.4,1231,python3,45.35,28.7,1334,slack,162.44,15.1,1454,spotify,72.35,26.8
1775700163.44,12617.73,3766.27,77.0,1002,spotify,234.06,13.4,1116,node,223.25,23.9,1232,code,41.85,9.7,1340,chrome,172.83,9.0,1449,java,17.98,2.8
1775700165.44,12631.05,3752.95,77.1,1002,java,190.53,25.0,1116,firefox,131.44,29.7,1222,python3,257.04,24.9,1338,postgres,161.2,18.7,1446,python3,109.54,17.1
1775700167.44,13061.53,3322.47,79.7,1001,docker,234.59,8.9,1115,java,168.63,1.9,1231,firefox,224.97,7.8,1343,chrome,147.64,1.5,1444,node,148.95,15.8
1775700169.44,13064.42,3319.58,79.7,1001,java,192.41,4.0,1115,code,302.58,0.0,1224,python3,89.43,3.2,1338,java,25.13,15.4,1453,firefox,75.42,19.9
1775700171.44,13062.0,3322.0,79.7,1005,postgres,141.38,6.5,1114,java,172.02,21.9,1222,python3,146.14,29.4,1342,code,74.14,12.9,1449,slack,27.49,19.4
1775700173.44,13071.83,3312.17,79.8,1000,firefox,183.26,24.1,1120,python3,88.82,24.4,1223,code,179.27,4.8,1342,spotify,63.19,3.4,1445,postgres,11.03,2.5
1775700175.44,13078.32,3305.68,79.8,1006,spotify,485.81,17.4,1115,python3,179.57,4.6,1223,python3,221.86,0.9,1340,postgres,179.38,4.6,1453,slack,106.99,21.1
1775700177.44,13037.85,3346.15,79.6,1006,firefox,518.18,16.3,1119,python3,198.76,28.2,1231,code,78.49,11.6,1343,firefox,190.52,28.5,1450,postgres,153.49,20.8
1775700179.44,13052.33,3331.67,79.7,1005,node,646.92,21.6,1119,chrome,359.66,3.0,1222,slack,95.33,4.1,1334,firefox,88.0,26.3,1446,node,53.47,16.3
1775700181.44,13087.28,3296.72,79.9,1004,java,180.62,11.8,1112,node,399.65,4.7,1224,firefox,78.39,25.1,1337,python3,57.83,12.7,1444,docker,81.11,0.9
1775700183.44,13069.13,3314.87,79.8,1003,spotify,613.47,14.8,1117,java,366.23,9.1,1230,docker,138.37,4.0,1333,docker,134.43,5.4,1448,chrome,13.07,25.0
1775700185.44,13057.42,3326.58,79.7,1010,spotify,586.01,14.8,1113,postgres,324.35,24.1,1224,firefox,85.79,13.0,1337,code,94.41,24.3,1452,spotify,110.64,17.8
1775700187.44,13026.04,3357.96,79.5,1003,spotify,463.18,21.0,1114,slack,271.59,24.1,1224,slack,160.81,27.2,1343,node,194.42,18.8,1451,slack,107.64,15.5
1775700189.44,12981.46,3402.54,79.2,1010,node,314.21,27.4,1121,node,54.65,18.4,1227,spotify,75.48,24.6,1339,spotify,123.72,20.2,1454,node,57.81,9.4
1775700191.44,12985.46,3398.54,79.3,1000,docker,787.55,29.9,1111,docker,204.81,0.2,1230,slack,246.37,27.1,1342,postgres,135.99,18.3,1450,node,127.34,13.7
1775700193.44,12960.15,3423.85,79.1,1003,slack,750.77,24.4,1120,firefox,52.36,23.4,1226,slack,86.54,10.8,1335,python3,181.29,17.5,1449,code,39.42,25.4
1775700195.44,12957.58,3426.42,79.1,1005,spotify,100.49,8.8,1120,java,103.06,20.7,1223,code,23.14,12.3,1337,firefox,32.61,6.9,1450,node,70.29,10.7
1775700197.44,12927.39,3456.61,78.9,1001,docker,228.01,26.5,1113,python3,113.97,4.0,1229,slack,213.38,14.0,1333,node,178.16,24.8,1446,node,105.0,16.3
1775700199.44,12903.44,3480.56,78.8,1001,slack,662.01,19.6,1120,node,157.49,25.8,1232,docker,202.1,25.5,1338,python3,191.42,3.6,1446,docker,122.38,28.4
1775700201.44,12879.2,3504.8,78.6,1001,code,279.36,25.2,1114,node,396.45,3.2,1222,slack,142.63,4.9,1336,chrome,165.58,22.0,1449,spotify,143.29,20.2
1775700203.44,12889.06,3494.94,78.7,1008,code,432.07,0.6,1117,postgres,230.18,11.2,1223,chrome,246.09,3.9,1341,python3,69.6,21.2,1444,slack,23.09,1.4
1775700205.44,12847.22,3536.78,78.4,1007,slack,384.21,23.8,1114,python3,309.81,8.4,1231,spotify,136.23,27.4,1333,node,137.14,28.9,1448,node,106.63,19.9
1775700207.44,12840.87,3543.13,78.4,1004,postgres,147.28,1.3,1116,code,351.55,24.1,1226,java,17.15,0.4,1337,code,49.86,7.0,1449,firefox,154.01,13.7
1775700209.44,12837.47,3546.53,78.4,1002,python3,559.26,17.9,1116,java,308.13,29.9,1229,python3,180.9,14.7,1334,slack,162.64,18.0,1452,spotify,93.15,21.5
1775700211.44,12840.03,3543.97,78.4,1007,java,407.09,13.1,1116,code,106.65,14.4,1232,code,48.86,6.4,1341,code,112.44,17.2,1453,docker,106.48,24.0
1775700213.44,12855.41,3528.59,78.5,1001,spotify,239.68,10.2,1119,java,373.52,24.3,1223,docker,223.74,6.7,1334,slack,116.66,20.6,1451,spotify,108.6,23.4
1775700215.44,12858.19,3525.81,78.5,1010,code,310.88,14.5,1116,slack,149.29,5.8,1231,code,208.47,16.2,1338,node,136.56,21.6,1444,firefox,145.08,24.8
1775700217.44,12835.72,3548.28,78.3,1010,spotify,287.15,0.9,1117,node,218.71,25.4,1229,chrome,51.73,1.6,1340,code,156.45,5.9,1452,postgres,37.89,20.6
1775700219.44,12818.72,3565.28,78.2,1005,firefox,616.82,20.2,1115,postgres,376.36,25.5,1229,slack,193.72,20.3,1340,docker,143.48,15.1,1452,slack,155.81,17.6
1775700221.44,12832.31,3551.69,78.3,1001,chrome,605.2,13.7,1113,chrome,372.09,0.6,1231,postgres,140.29,29.1,1334,python3,67.82,3.2,1451,firefox,110.3,16.1
1775700223.44,13292.84,3091.16,81.1,1001,chrome,764.42,29.6,1119,java,178.32,2.5,1228,postgres,254.43,4.5,1339,python3,156.8,9.0,1451,chrome,114.36,16.9
1775700225.44,13285.7,3098.3,81.1,1008,docker,399.65,0.4,1114,python3,147.36,23.3,1226,postgres,72.7,22.6,1340,node,37.74,25.2,1454,java,125.9,17.0
1775700227.44,13287.08,3096.92,81.1,1004,spotify,658.46,20.4,1114,chrome,122.79,28.8,1230,code,217.37,13.3,1342,slack,187.53,17.2,1448,java,136.22,4.8
1775700229.44,13273.31,3110.69,81.0,1010,node,94.39,15.3,1115,node,75.96,2.5,1226,firefox,189.0,24.5,1334,slack,160.09,5.0,1449,spotify,22.1,24.5
1775700231.44,13274.03,3109.97,81.0,1003,docker,253.11,21.9,1113,firefox,358.11,24.2,1229,postgres,23.75,24.4,1338,node,83.74,9.5,1454,python3,40.83,2.2
1775700233.44,13268.51,3115.49,81.0,1000,python3,70.83,0.3,1112,node,301.38,19.5,1225,chrome,212.68,10.8,1335,python3,26.64,20.2,1448,python3,107.01,12.7
1775700235.44,13272.9,3111.1,81.0,1003,firefox,662.23,16.8,1121,python3,143.49,12.7,1223,java,43.83,20.6,1343,spotify,119.54,18.3,1448,python3,71.96,21.1
1775700237.44,13242.52,3141.48,80.8,1005,slack,778.42,12.0,1113,spotify,163.28,16.0,1226,spotify,161.8,25.6,1337,chrome,46.81,5.7,1447,firefox,93.27,17.8
1775700239.44,13234.56,3149.44,80.8,1003,firefox,706.92,5.1,1119,chrome,151.02,27.8,1229,firefox,28.06,14.9,1343,slack,29.01,20.6,1454,docker,131.24,10.8
1775700241.44,13239.46,3144.54,80.8,1004,docker,419.26,14.5,1115,postgres,237.06,7.9,1231,node,25.15,12.8,1333,chrome,94.02,11.6,1452,slack,148.59,11.7
1775700243.44,13210.62,3173.38,80.6,1010,docker,323.12,11.0,1114,docker,198.49,6.8,1230,firefox,242.47,26.0,1343,java,16.38,3.0,1445,chrome,142.89,7.6
1775700245.44,13179.75,3204.25,80.4,1003,spotify,376.3,2.8,1117,chrome,240.06,29.7,1225,python3,227.27,22.3,1340,chrome,95.07,4.3,1446,firefox,110.26,26.8
1775700247.44,13183.98,3200.02,80.5,1003,code,564.23,23.2,1114,python3,164.4,19.5,1225,spotify,90.95,20.2,1342,slack,187.7,7.8,1448,python3,78.99,17.2
1775700249.44,13201.36,3182.64,80.6,1007,spotify,732.75,17.1,1115,firefox,372.42,9.2,1227,spotify,105.18,13.7,1341,code,44.99,21.8,1445,docker,116.44,8.6
1775700251.44,13227.88,3156.12,80.7,1002,docker,597.01,15.9,1113,python3,374.42,8.4,1222,python3,69.99,28.9,1339,python3,101.71,3.1,1450,postgres,116.57,23.0
1775700253.44,13225.43,3158.57,80.7,1010,firefox,124.47,4.9,1117,node,214.24,28.7,1222,firefox,18.3,4.1,1335,slack,147.21,4.9,1451,postgres,111.88,10.2
1775700255.44,13227.97,3156.03,80.7,1008,python3,381.77,27.9,1117,docker,205.57,8.2,1225,spotify,69.22,21.0,1336,node,166.23,29.8,1451,node,119.71,4.0
1775700257.44,13190.34,3193.66,80.5,1009,python3,109.86,28.8,1112,chrome,29.47,11.4,1229,docker,205.81,2.0,1336,postgres,191.33,20.9,1450,spotify,109.97,11.5
1775700259.44,13202.74,3181.26,80.6,1003,docker,101.21,27.1,1118,node,66.77,0.8,1224,chrome,156.75,16.8,1334,slack,97.47,0.9,1453,firefox,17.76,18.7
1775700261.44,13210.17,3173.83,80.6,1001,python3,509.23,29.7,1115,code,303.28,15.5,1222,python3,187.76,13.6,1338,spotify,132.29,26.9,1444,slack,32.41,16.3
1775700263.44,13537.34,2846.66,82.6,1007,python3,179.62,16.8,1121,docker,57.02,4.7,1223,slack,162.75,22.6,1337,firefox,46.25,17.9,1454,firefox,95.54,23.2
1775700265.44,13542.63,2841.37,82.7,1009,slack,591.19,28.4,1112,docker,160.29,23.7,1222,node,58.5,0.4,1341,slack,113.46,23.8,1444,spotify,52.45,2.0
1775700267.44,13548.52,2835.48,82.7,1004,code,760.11,28.0,1111,docker,217.46,16.4,1229,firefox,145.59,23.4,1338,firefox,140.52,10.1,1444,spotify,60.82,22.6
1775700269.44,13545.37,2838.63,82.7,1002,node,343.12,18.7,1121,java,72.98,5.3,1228,firefox,42.76,27.3,1337,python3,19.88,23.8,1447,slack,50.56,19.9
1775700271.44,13547.91,2836.09,82.7,1004,java,159.68,14.6,1117,postgres,273.4,27.9,1231,node,231.25,27.1,1334,java,159.52,27.6,1450,docker,48.46,1.0
1775700273.44,13525.02,2858.98,82.6,1009,slack,601.83,25.9,1116,slack,143.0,8.1,1223,code,30.32,19.4,1339,docker,132.71,29.4,1448,code,85.6,18.7
1775700275.44,13515.59,2868.41,82.5,1009,firefox,212.47,14.2,1112,python3,129.53,6.4,1223,java,201.8,10.7,1343,spotify,110.29,4.4,1448,node,157.98,13.2
1775700277.44,13530.04,2853.96,82.6,1009,node,341.73,2.0,1119,docker,164.98,23.6,1224,java,241.65,27.1,1335,chrome,168.81,23.2,1447,python3,80.44,6.3
1775700279.44,13529.88,2854.12,82.6,1002,firefox,342.04,14.5,1113,code,82.86,7.5,1222,slack,211.77,13.7,1341,spotify,77.92,17.6,1449,node,31.28,9.1
1775700281.44,13852.37,2531.63,84.5,1000,firefox,737.66,24.3,1114,java,270.01,1.4,1225,chrome,67.21,27.3,1334,node,166.59,12.2,1454,node,28.75,15.5
1775700283.44,13863.28,2520.72,84.6,1004,spotify,717.52,18.1,1118,docker,331.14,0.8,1229,chrome,123.21,0.7,1337,java,31.12,8.3,1447,node,140.78,0.9
1775700285.44,13873.15,2510.85,84.7,1010,docker,793.87,26.8,1115,node,170.32,13.1,1232,java,76.26,27.3,1340,java,47.46,2.4,1449,docker,116.18,24.0
1775700287.44,13875.34,2508.66,84.7,1004,firefox,675.01,13.1,1112,slack,80.97,22.8,1229,postgres,33.43,5.1,1341,firefox,177.95,18.8,1448,code,118.87,18.1
1775700289.44,13864.49,2519.51,84.6,1009,python3,111.62,4.8,1114,node,241.09,17.6,1230,python3,47.33,16.9,1333,chrome,98.94,24.7,1447,python3,109.27,0.2
1775700291.44,13862.85,2521.15,84.6,1004,firefox,364.93,27.7,1118,code,161.27,24.8,1226,code,200.19,13.9,1339,java,13.82,9.5,1452,spotify,135.67,17.3
1775700293.44,13873.09,2510.91,84.7,1007,java,418.66,23.6,1121,docker,306.94,12.0,1227,docker,196.56,11.5,1337,docker,194.87,1.4,1449,python3,11.26,20.1
1775700295.44,13861.96,2522.04,84.6,1002,spotify,376.84,9.9,1116,python3,51.48,10.9,1226,spotify,172.47,15.6,1341,python3,123.74,15.0,1446,docker,64.09,22.2
1775700297.44,13861.32,2522.68,84.6,1005,chrome,360.62,18.2,1120,slack,200.28,20.4,1232,slack,124.62,20.6,1333,chrome,83.73,14.4,1448,java,139.13,13.0
1775700299.44,13860.9,2523.1,84.6,1001,postgres,235.38,5.8,1119,node,399.93,24.6,1225,node,221.87,26.9,1334,code,162.68,15.2,1454,chrome,70.07,7.5
1775700301.44,13845.86,2538.14,84.5,1004,firefox,165.11,11.8,1116,code,128.68,12.4,1229,postgres,103.28,21.2,1341,node,72.01,28.1,1453,slack,39.96,15.1
1775700303.44,13841.57,2542.43,84.5,1003,firefox,311.82,11.9,1117,spotify,187.01,26.3,1232,node,218.64,16.3,1342,firefox,145.74,22.3,1450,postgres,20.24,19.6
1775700305.44,13851.85,2532.15,84.5,1001,spotify,511.05,17.5,1112,java,73.34,25.8,1231,postgres,175.12,12.6,1335,spotify,49.24,24.1,1454,slack,52.59,12.9
1775700307.44,13844.13,2539.87,84.5,1007,spotify,393.18,13.0,1120,spotify,357.42,1.5,1222,python3,180.41,27.9,1340,code,126.26,1.7,1453,firefox,138.41,22.2
1775700309.44,13861.32,2522.68,84.6,1007,python3,125.64,3.9,1116,code,239.55,19.0,1227,java,59.55,9.1,1337,java,141.62,4.5,1445,java,60.49,12.2
1775700311.44,13838.24,2545.76,84.5,1003,firefox,77.35,4.7,1114,python3,168.72,9.7,1232,slack,39.5,8.3,1336,chrome,133.1,9.4,1453,slack,135.73,2.0
1775700313.44,13835.4,2548.6,84.4,1004,node,614.77,10.4,1118,postgres,163.4,22.8,1231,node,201.04,7.4,1335,slack,22.65,17.5,1453,spotify,128.68,0.7
1775700315.44,13728.21,2655.79,83.8,1003,code,68.04,18.6,1118,docker,61.07,16.7,1225,firefox,192.32,7.2,1335,docker,101.51,19.3,1451,java,63.19,7.7
1775700317.44,13713.81,2670.19,83.7,1003,firefox,290.37,16.7,1112,postgres,200.56,2.9,1228,java,123.66,10.2,1343,node,121.27,24.0,1453,python3,101.08,5.4
1775700319.44,13721.94,2662.06,83.8,1001,firefox,94.15,19.3,1114,postgres,336.44,6.7,1225,spotify,29.3,4.7,1342,slack,194.83,19.3,1449,slack,37.14,8.6
1775700321.44,13711.27,2672.73,83.7,1001,python3,502.27,18.1,1111,node,193.72,3.4,1231,code,53.68,13.2,1342,node,118.88,23.6,1449,docker,110.19,2.6
1775700323.44,13712.99,2671.01,83.7,1001,java,755.31,5.6,1113,chrome,337.46,21.2,1232,firefox,166.18,1.4,1337,postgres,48.05,7.5,1447,java,50.06,7.5
1775700325.44,13722.64,2661.36,83.8,1009,code,239.66,4.7,1111,chrome,198.77,4.5,1229,java,196.12,7.2,1335,docker,107.86,25.4,1452,docker,148.26,9.6
1775700327.44,13698.86,2685.14,83.6,1003,node,455.31,11.2,1111,chrome,41.35,1.3,1222,java,69.59,29.3,1338,slack,149.54,12.7,1451,docker,142.71,8.5
1775700329.44,13686.81,2697.19,83.5,1004,docker,540.67,7.2,1115,java,264.15,6.6,1226,java,105.09,23.7,1343,java,172.94,15.9,1445,firefox,54.5,12.3
1775700331.44,13696.66,2687.34,83.6,1005,docker,203.01,29.2,1112,slack,162.42,23.6,1229,java,158.89,11.6,1342,firefox,183.71,12.3,1450,chrome,16.27,27.9
1775700333.44,13724.79,2659.21,83.8,1005,python3,186.75,25.3,1115,slack,121.11,4.2,1222,spotify,56.61,29.1,1335,firefox,29.86,8.0,1449,docker,147.67,19.0
1775700335.44,13707.45,2676.55,83.7,1010,python3,222.39,11.9,1111,postgres,51.28,4.3,1228,postgres,70.17,5.5,1340,chrome,114.71,6.6,1451,python3,36.84,16.8
1775700337.44,13721.05,2662.95,83.7,1002,postgres,719.37,20.1,1120,python3,87.32,19.1,1222,code,195.74,20.2,1337,spotify,86.4,4.0,1448,chrome,79.13,13.0
1775700339.44,13734.08,2649.92,83.8,1005,node,502.59,27.6,1118,slack,375.19,19.8,1232,postgres,204.55,12.1,1343,spotify,17.01,28.5,1451,slack,33.37,9.1
1775700341.44,13719.07,2664.93,83.7,1003,java,746.96,24.6,1121,spotify,262.67,6.3,1228,slack,56.36,20.5,1338,chrome,111.76,10.1,1446,firefox,128.07,12.8
1775700343.44,13723.94,2660.06,83.8,1006,java,474.17,25.5,1114,python3,147.77,22.0,1224,docker,77.93,28.4,1339,slack,166.26,18.2,1446,docker,154.14,21.8
1775700345.44,13721.33,2662.67,83.7,1004,postgres,706.43,29.3,1117,java,64.51,10.6,1226,spotify,198.88,11.6,1341,chrome,196.31,26.1,1450,python3,85.32,16.5
1775700347.44,13729.2,2654.8,83.8,1008,docker,756.98,18.5,1113,postgres,389.45,18.1,1226,chrome,205.14,20.4,1343,spotify,80.04,15.6,1450,spotify,116.09,12.5
1775700349.44,13746.84,2637.16,83.9,1008,node,571.55,7.1,1112,slack,117.84,0.8,1228,spotify,201.97,8.0,1339,spotify,25.27,4.1,1447,docker,154.83,18.1
1775700351.44,13756.98,2627.02,84.0,1009,slack,655.29,2.7,1121,python3,84.98,24.0,1223,java,70.43,15.0,1338,python3,18.33,18.8,1447,spotify,24.91,4.6
1775700353.44,13764.44,2619.56,84.0,1010,node,559.17,8.7,1111,spotify,232.49,2.4,1229,chrome,62.56,3.7,1342,java,103.23,1.0,1445,python3,103.36,18.1
1775700355.44,13767.45,2616.55,84.0,1001,docker,414.47,9.6,1120,chrome,27.93,0.2,1223,spotify,176.38,22.6,1334,docker,83.04,10.3,1447,python3,150.85,25.5
1775700357.44,13754.71,2629.29,84.0,1007,code,329.54,2.2,1115,docker,139.17,18.6,1223,docker,260.76,1.8,1341,docker,14.52,14.5,1452,python3,145.92,25.3
1775700359.44,13751.21,2632.79,83.9,1010,slack,57.25,26.1,1114,postgres,260.16,17.0,1223,python3,226.01,5.0,1339,chrome,17.19,25.8,1447,python3,49.79,2.3
1775700361.44,13752.22,2631.78,83.9,1007,java,170.13,4.4,1111,python3,58.1,3.4,1228,docker,157.67,21.8,1335,slack,191.48,22.4,1446,java,84.12,0.8
1775700363.44,13773.5,2610.5,84.1,1007,slack,133.11,24.1,1118,slack,179.29,4.1,1231,chrome,61.55,2.9,1336,slack,86.93,7.7,1446,java,76.36,23.4
1775700365.44,13774.23,2609.77,84.1,1010,firefox,206.54,25.7,1115,chrome,160.38,5.9,1231,slack,86.92,2.2,1343,firefox,17.65,9.7,1449,chrome,89.14,15.1
1775700367.44,13776.7,2607.3,84.1,1007,docker,96.71,23.5,1119,postgres,188.56,18.3,1222,chrome,156.45,21.8,1333,docker,86.13,19.8,1444,firefox,150.06,7.0
1775700369.44,13760.41,2623.59,84.0,1007,python3,390.92,17.8,1118,node,373.69,4.1,1224,spotify,23.12,25.4,1341,node,36.96,10.8,1445,python3,19.48,5.8
1775700371.44,13787.27,2596.73,84.2,1006,slack,73.28,26.6,1120,chrome,161.45,5.4,1222,java,95.37,2.0,1340,postgres,172.97,14.2,1445,code,79.13,20.0
1775700373.44,13784.08,2599.92,84.1,1006,slack,467.11,28.6,1121,code,86.32,28.7,1226,chrome,128.62,19.8,1333,postgres,131.51,16.3,1445,node,91.36,19.7
1775700375.44,13796.62,2587.38,84.2,1001,code,797.6,28.5,1115,firefox,287.01,15.0,1228,docker,126.41,27.1,1342,firefox,36.73,16.9,1444,code,82.59,17.0
1775700377.44,13799.41,2584.59,84.2,1007,docker,618.79,1.2,1113,node,233.17,7.5,1227,node,93.0,15.1,1335,docker,98.83,4.1,1447,python3,18.9,27.5
1775700379.44,13782.25,2601.75,84.1,1002,slack,250.83,16.9,1118,node,160.29,15.1,1224,docker,256.0,18.6,1336,node,130.37,10.2,1451,chrome,34.51,27.0
1775700381.44,13808.06,2575.94,84.3,1010,java,196.59,18.2,1119,postgres,312.17,8.6,1226,postgres,50.5,13.6,1342,slack,56.1,21.7,1450,firefox,29.63,7.2
1775700383.44,13811.96,2572.04,84.3,1006,docker,353.95,23.7,1113,docker,118.35,29.2,1225,node,230.89,26.8,1339,python3,23.1,3.1,1450,node,46.88,23.4
1775700385.44,13827.78,2556.22,84.4,1003,postgres,711.68,29.5,1113,java,104.42,5.1,1230,slack,121.56,26.6,1336,firefox,98.63,8.5,1448,firefox,64.46,21.5
1775700387.44,13841.91,2542.09,84.5,1004,node,253.17,8.7,1113,code,54.06,14.0,1226,spotify,82.91,29.7,1338,docker,132.79,5.0,1445,slack,89.72,9.0
1775700389.44,13856.54,2527.46,84.6,1005,code,171.07,3.3,1117,postgres,307.16,19.3,1224,postgres,181.82,8.6,1342,spotify,177.21,29.7,1446,postgres,76.14,6.1
1775700391.44,13835.16,2548.84,84.4,1009,slack,711.61,11.2,1121,spotify,329.49,10.8,1222,chrome,132.85,24.3,1337,firefox,196.54,19.5,1452,node,138.49,14.4
1775700393.44,13803.51,2580.49,84.2,1007,slack,178.64,9.7,1114,code,34.64,15.1,1224,postgres,117.79,9.0,1336,docker,112.83,20.4,1450,python3,56.28,22.3
1775700395.44,13788.24,2595.76,84.2,1004,java,59.93,12.6,1120,java,67.84,0.8,1231,java,77.25,13.4,1337,spotify,31.71,24.4,1445,slack,146.93,17.9
1775700397.44,13785.75,2598.25,84.1,1004,docker,112.64,17.4,1112,code,362.65,9.6,1224,node,37.02,1.3,1337,chrome,47.61,29.5,1446,slack,149.25,18.6
1775700399.44,13780.62,2603.38,84.1,1008,node,529.15,3.4,1113,chrome,232.82,26.7,1226,spotify,153.67,4.2,1333,docker,128.46,22.9,1453,spotify,132.16,22.6
1775700401.44,13750.17,2633.83,83.9,1010,code,264.44,8.3,1115,python3,121.52,0.4,1229,node,227.21,5.1,1341,java,25.2,29.4,1453,firefox,35.45,21.1
1775700403.44,13757.94,2626.06,84.0,1009,postgres,392.72,9.7,1118,java,105.0,22.6,1229,spotify,142.63,17.8,1333,firefox,71.45,14.3,1451,spotify,106.2,25.5
1775700405.44,13985.64,2398.36,85.4,1010,code,80.27,17.6,1120,postgres,298.66,16.1,1227,chrome,209.64,24.5,1336,spotify,22.94,7.1,1450,chrome,141.19,15.9
1775700407.44,14000.17,2383.83,85.5,1009,java,369.15,0.5,1120,java,104.3,9.2,1229,java,20.94,14.6,1334,python3,28.83,2.7,1448,python3,68.41,19.9
1775700409.44,13978.15,2405.85,85.3,1000,python3,690.95,10.4,1115,chrome,213.14,29.5,1231,node,97.08,11.2,1338,python3,162.71,19.2,1451,docker,124.57,28.4
1775700411.44,13996.63,2387.37,85.4,1006,firefox,630.08,9.7,1114,docker,353.31,7.6,1227,python3,99.23,5.1,1338,slack,168.02,12.6,1453,chrome,22.34,14.8
1775700413.44,13991.34,2392.66,85.4,1010,python3,515.87,16.9,1117,firefox,354.01,6.3,1231,java,140.75,20.4,1342,spotify,128.11,4.3,1447,slack,60.91,1.1
1775700415.44,14322.46,2061.54,87.4,1001,firefox,477.76,2.5,1113,postgres,78.81,16.9,1227,docker,238.9,6.6,1341,firefox,25.47,29.8,1454,spotify,140.61,11.3
1775700417.44,14321.45,2062.55,87.4,1002,java,610.88,0.7,1111,slack,157.81,0.7,1225,node,82.53,12.2,1334,slack,124.78,15.8,1447,docker,31.59,5.4
1775700419.44,14329.2,2054.8,87.5,1009,node,544.26,20.7,1111,postgres,63.4,28.6,1223,docker,37.92,26.5,1339,chrome,198.57,6.1,1454,node,19.17,24.5
1775700421.44,14326.41,2057.59,87.4,1010,java,90.67,5.4,1111,spotify,369.26,2.6,1229,slack,151.74,21.9,1343,code,18.39,7.2,1450,docker,118.73,21.7
1775700423.44,14331.47,2052.53,87.5,1007,docker,230.13,12.5,1118,java,141.68,10.5,1227,spotify,238.07,6.2,1341,code,127.51,24.2,1448,node,63.73,22.2
1775700425.44,14355.12,2028.88,87.6,1009,firefox,328.6,7.1,1111,slack,256.85,22.5,1225,node,63.81,28.4,1334,node,80.98,22.4,1445,postgres,156.07,15.6
1775700427.44,14374.77,2009.23,87.7,1007,chrome,157.44,7.5,1117,python3,325.11,12.7,1228,docker,87.03,3.2,1343,code,152.44,8.9,1452,docker,75.55,3.2
1775700429.44,14411.97,1972.03,88.0,1003,postgres,545.68,13.6,1120,docker,118.47,5.2,1226,chrome,125.86,9.8,1340,python3,77.16,20.0,1446,node,121.08,23.2
1775700431.44,14394.67,1989.33,87.9,1007,docker,626.31,4.8,1119,python3,226.38,15.9,1230,spotify,240.17,17.8,1342,postgres,168.15,10.7,1445,java,111.8,10.0
1775700433.44,14371.91,2012.09,87.7,1006,postgres,798.83,13.0,1116,python3,114.35,17.5,1222,postgres,34.8,11.1,1337,python3,195.93,26.4,1452,java,84.33,11.0
1775700435.44,14358.5,2025.5,87.6,1001,slack,490.94,22.9,1120,firefox,311.69,3.7,1232,postgres,110.6,28.2,1342,node,91.91,4.3,1454,firefox,145.55,22.3
1775700437.44,14376.83,2007.17,87.7,1010,code,396.07,27.0,1111,docker,115.49,21.0,1228,chrome,184.9,3.2,1334,node,136.93,0.4,1451,spotify,102.71,24.1
1775700439.44,14363.05,2020.95,87.7,1004,firefox,411.07,25.3,1118,firefox,133.22,5.4,1230,node,233.97,22.8,1339,docker,141.36,15.1,1445,firefox,112.01,12.7
1775700441.44,14375.62,2008.38,87.7,1007,code,569.43,10.9,1117,java,55.36,12.6,1230,spotify,239.54,29.4,1342,node,91.36,22.4,1450,postgres,71.1,0.4
1775700443.44,14362.5,2021.5,87.7,1001,java,137.43,27.2,1114,node,245.13,12.5,1225,python3,49.59,27.2,1334,slack,40.36,11.8,1450,code,99.02,2.4
1775700445.44,14375.87,2008.13,87.7,1004,slack,679.63,21.0,1117,spotify,207.28,9.1,1229,spotify,205.08,15.2,1342,java,151.16,2.6,1450,node,18.77,4.9
1775700447.44,14393.5,1990.5,87.9,1003,java,478.03,24.9,1113,python3,310.72,24.4,1223,java,79.28,7.1,1334,python3,103.0,12.2,1444,code,83.18,6.1
1775700449.44,14408.43,1975.57,87.9,1006,node,400.02,20.5,1111,slack,161.06,10.4,1228,chrome,121.68,4.5,1336,chrome,89.98,10.4,1451,node,106.18,10.6
1775700451.44,14420.26,1963.74,88.0,1004,python3,624.76,15.6,1112,chrome,324.72,26.4,1222,node,230.45,4.8,1336,chrome,53.38,3.8,1452,python3,116.42,9.1
1775700453.44,14414.26,1969.74,88.0,1010,node,640.28,25.2,1112,code,233.8,20.7,1224,chrome,258.0,25.0,1341,chrome,141.26,12.9,1454,spotify,59.43,20.0
1775700455.44,14399.46,1984.54,87.9,1001,slack,301.13,27.6,1121,code,291.31,2.8,1224,slack,207.19,14.0,1342,chrome,164.29,6.3,1450,java,67.74,6.9
1775700457.44,14377.82,2006.18,87.8,1001,node,168.77,28.5,1116,spotify,218.28,10.1,1225,node,260.96,14.7,1333,python3,137.72,18.0,1444,node,83.59,6.6
1775700459.44,14348.06,2035.94,87.6,1001,node,166.48,7.5,1116,python3,342.03,13.4,1227,java,129.57,2.9,1343,firefox,21.39,24.2,1447,chrome,65.37,15.0
1775700461.44,14331.53,2052.47,87.5,1006,firefox,163.82,25.5,1120,postgres,323.31,18.1,1230,firefox,56.66,21.7,1341,node,107.69,27.0,1444,code,59.2,8.3
1775700463.44,14324.92,2059.08,87.4,1004,spotify,116.94,12.0,1112,java,346.42,13.2,1227,python3,143.7,29.9,1335,java,32.85,17.0,1449,postgres,116.27,16.9
1775700465.44,14336.39,2047.61,87.5,1008,postgres,485.3,8.9,1121,postgres,302.63,9.6,1229,java,232.53,2.3,1336,slack,113.01,13.1,1454,firefox,12.47,22.1
1775700467.44,14306.53,2077.47,87.3,1009,code,573.08,17.8,1117,docker,218.34,4.2,1225,spotify,190.91,29.2,1338,spotify,154.37,11.5,1444,code,96.88,8.5
1775700469.44,14315.02,2068.98,87.4,1005,node,357.32,21.2,1118,slack,40.6,28.1,1224,chrome,183.9,0.9,1336,node,115.73,16.5,1445,python3,11.71,27.4
1775700471.44,14327.81,2056.19,87.4,1007,java,783.88,13.3,1111,node,267.58,6.7,1226,slack,72.61,26.9,1338,java,103.06,13.8,1445,spotify,104.34,0.1
1775700473.44,14302.35,2081.65,87.3,1003,spotify,356.03,14.3,1116,postgres,171.66,13.5,1231,node,35.64,7.5,1342,chrome,123.19,22.3,1449,postgres,158.16,26.8
1775700475.44,14317.97,2066.03,87.4,1003,chrome,616.29,15.5,1119,java,225.17,1.7,1224,firefox,69.75,2.8,1342,python3,91.7,26.5,1446,firefox,50.82,14.9
1775700477.44,14312.33,2071.67,87.4,1000,postgres,60.6,2.7,1115,java,70.81,9.5,1229,chrome,26.89,2.1,1342,chrome,193.66,27.8,1451,node,87.86,28.1
1775700479.44,14311.19,2072.81,87.3,1003,postgres,596.35,8.5,1117,spotify,111.99,17.2,1222,slack,167.76,3.1,1334,spotify,112.09,28.4,1450,docker,20.15,6.6
1775700481.44,14339.64,2044.36,87.5,1010,slack,528.05,19.6,1113,firefox,261.35,3.1,1231,chrome,65.75,10.6,1337,chrome,120.84,5.0,1453,postgres,19.46,5.4
1775700483.44,14362.78,2021.22,87.7,1009,chrome,596.52,6.8,1113,node,234.18,21.3,1232,java,263.48,11.7,1339,chrome,198.83,11.6,1446,slack,96.59,9.6
1775700485.44,14367.67,2016.33,87.7,1004,chrome,535.75,16.9,1118,slack,106.7,13.8,1226,node,22.0,3.0,1336,java,57.28,20.7,1453,node,105.05,26.2
1775700487.44,14366.64,2017.36,87.7,1002,java,614.08,7.3,1113,chrome,201.97,10.4,1226,slack,36.63,9.8,1336,node,167.17,3.2,1451,slack,72.24,10.2
1775700489.44,14373.09,2010.91,87.7,1002,slack,464.5,4.0,1111,node,47.15,4.7,1229,firefox,217.62,8.1,1338,slack,129.55,27.2,1447,chrome,41.38,0.4
1775700491.44,14358.79,2025.21,87.6,1001,spotify,703.94,5.1,1120,docker,273.4,5.2,1227,firefox,204.33,14.0,1336,java,65.34,25.2,1451,postgres,114.7,2.8
1775700493.44,14357.55,2026.45,87.6,1005,docker,589.38,29.2,1115,slack,224.44,29.5,1227,python3,196.74,19.6,1342,spotify,193.84,21.2,1452,firefox,152.24,22.9
1775700495.44,14343.64,2040.36,87.5,1006,docker,719.87,23.6,1119,firefox,52.96,13.8,1226,java,140.28,1.1,1338,chrome,136.44,22.5,1452,chrome,155.58,16.3
1775700497.44,14332.54,2051.46,87.5,1004,java,292.71,1.8,1118,firefox,215.93,12.8,1225,postgres,203.31,27.0,1339,node,141.53,25.6,1452,spotify,32.61,9.0
1775700499.44,14331.47,2052.53,87.5,1004,firefox,389.05,10.2,1116,firefox,295.93,25.6,1232,python3,117.27,16.1,1333,node,163.27,28.8,1454,python3,79.6,11.3
1775700501.44,14318.01,2065.99,87.4,1008,java,485.0,13.9,1115,docker,181.74,24.2,1225,docker,22.81,20.5,1338,postgres,100.55,22.7,1446,java,88.99,17.1
1775700503.44,14295.78,2088.22,87.3,1009,python3,184.14,17.2,1115,code,314.46,21.4,1224,node,51.54,22.6,1333,java,47.27,7.2,1453,postgres,140.13,2.8
1775700505.44,14282.97,2101.03,87.2,1008,spotify,173.14,16.2,1119,node,57.08,23.0,1222,node,103.46,6.7,1336,python3,107.2,12.9,1447,firefox,110.16,26.1
1775700507.44,14775.6,1608.4,90.2,1009,slack,763.42,10.8,1112,java,335.62,15.1,1228,python3,39.76,4.4,1338,chrome,110.85,5.2,1452,java,146.08,9.4
1775700509.44,14769.32,1614.68,90.1,1010,slack,668.0,28.3,1113,node,32.61,5.1,1227,slack,126.51,15.6,1343,postgres,86.57,28.0,1454,node,68.94,2.3
1775700511.44,14788.84,1595.16,90.3,1008,postgres,340.58,3.1,1113,java,387.79,4.6,1222,node,252.84,21.0,1339,postgres,126.62,15.5,1448,docker,52.19,2.4
1775700513.44,14811.03,1572.97,90.4,1003,chrome,221.55,2.9,1112,java,179.52,23.1,1228,python3,262.85,29.1,1341,postgres,80.53,9.5,1445,postgres,122.52,16.0
1775700515.44,14824.9,1559.1,90.5,1006,python3,172.13,17.2,1112,code,262.7,15.3,1230,java,36.62,11.5,1339,chrome,151.21,23.7,1446,java,143.65,8.9
1775700517.44,14806.21,1577.79,90.4,1005,node,433.33,19.0,1112,java,359.2,4.0,1226,postgres,34.81,0.7,1339,docker,114.82,8.6,1451,node,137.26,4.4
1775700519.44,14793.91,1590.09,90.3,1002,postgres,164.66,6.3,1119,spotify,98.14,8.0,1226,chrome,131.9,24.0,1343,chrome,141.32,22.7,1453,slack,66.23,5.1
1775700521.44,14791.38,1592.62,90.3,1000,java,375.29,2.8,1119,firefox,112.74,6.7,1225,code,141.57,2.4,1340,spotify,155.07,10.7,1445,python3,94.44,24.0
1775700523.44,14787.77,1596.23,90.3,1009,python3,167.46,24.6,1113,slack,384.33,27.0,1223,firefox,213.2,5.4,1341,spotify,173.66,20.4,1446,code,136.71,26.2
1775700525.44,14779.81,1604.19,90.2,1006,python3,300.62,1.4,1116,chrome,203.96,6.8,1224,postgres,204.13,18.0,1336,spotify,67.88,1.6,1446,firefox,16.87,22.7
1775700527.44,14776.88,1607.12,90.2,1002,node,470.87,15.2,1115,postgres,42.73,27.4,1232,node,137.12,11.8,1337,node,124.27,17.8,1446,slack,123.63,22.1
1775700529.44,14786.82,1597.18,90.3,1004,code,265.61,12.3,1114,python3,246.54,1.4,1227,chrome,99.84,1.7,1337,slack,172.8,19.8,1449,spotify,14.16,9.4
1775700531.44,14787.42,1596.58,90.3,1007,docker,177.8,1.8,1111,docker,119.93,7.7,1231,node,158.67,20.8,1340,code,103.33,7.5,1444,chrome,40.06,7.7
1775700533.44,14768.91,1615.09,90.1,1008,java,297.17,28.0,1114,docker,135.16,8.3,1228,java,110.93,0.1,1335,node,86.33,21.9,1448,docker,49.5,4.4
1775700535.44,14782.18,1601.82,90.2,1003,java,437.57,6.3,1121,python3,158.35,25.7,1230,spotify,172.95,0.1,1336,spotify,58.82,11.0,1450,chrome,30.51,18.2
1775700537.44,14777.08,1606.92,90.2,1006,java,470.48,28.4,1111,node,274.91,3.0,1225,java,134.14,2.1,1338,python3,61.55,19.4,1445,node,60.75,14.6
1775700539.44,14759.78,1624.22,90.1,1008,node,616.9,6.6,1114,spotify,311.08,10.7,1231,firefox,50.58,20.9,1339,chrome,110.36,16.1,1449,node,37.13,24.2
1775700541.44,14775.14,1608.86,90.2,1001,code,240.47,24.3,1118,postgres,195.74,9.9,1229,node,184.66,19.6,1340,chrome,64.15,17.7,1453,chrome,96.39,12.5
1775700543.44,14748.11,1635.89,90.0,1005,java,782.5,10.1,1118,docker,112.38,11.5,1222,node,210.0,7.5,1338,docker,51.05,26.9,1452,spotify,24.49,1.5
1775700545.44,14749.49,1634.51,90.0,1007,firefox,371.99,19.2,1114,chrome,202.68,21.4,1224,code,241.13,15.1,1341,docker,136.58,24.1,1454,java,152.93,17.3
1775700547.44,14746.61,1637.39,90.0,1007,python3,223.7,7.4,1112,code,37.02,16.1,1227,docker,265.85,27.5,1339,docker,187.45,3.3,1446,java,59.15,14.3
1775700549.44,14761.21,1622.79,90.1,1009,code,174.68,14.7,1119,spotify,265.5,16.0,1227,python3,81.23,28.7,1342,code,129.6,12.1,1454,slack,53.83,21.6
1775700551.44,14784.51,1599.49,90.2,1005,firefox,194.98,21.4,1111,postgres,105.44,27.0,1225,code,149.07,11.1,1339,docker,16.59,24.6,1450,spotify,135.19,7.7
1775700553.44,14776.69,1607.31,90.2,1000,chrome,609.76,8.2,1118,firefox,178.86,4.5,1223,chrome,198.31,9.4,1333,docker,156.64,18.2,1446,spotify,71.67,22.2
1775700555.44,14747.94,1636.06,90.0,1010,firefox,611.87,9.2,1118,node,303.49,7.8,1231,docker,160.6,22.2,1335,firefox,34.05,25.6,1453,docker,113.45,24.4
1775700557.44,14723.96,1660.04,89.9,1005,slack,726.0,13.8,1119,node,383.03,14.5,1223,chrome,226.54,9.7,1342,python3,78.99,21.4,1444,java,113.98,14.9
1775700559.44,14738.7,1645.3,90.0,1006,chrome,625.89,3.2,1115,node,287.74,7.7,1224,firefox,110.92,23.8,1333,postgres,35.17,27.0,1450,java,137.01,13.9
1775700561.44,14897.91,1486.09,90.9,1002,docker,481.74,21.2,1118,code,189.65,6.4,1227,chrome,119.28,23.9,1337,python3,199.92,13.8,1453,spotify,147.52,20.6
1775700563.44,14918.15,1465.85,91.1,1001,docker,731.34,12.2,1117,python3,374.85,5.0,1229,chrome,52.63,10.4,1336,code,86.8,29.5,1447,spotify,20.01,15.3
1775700565.44,14929.58,1454.42,91.1,1000,postgres,337.96,14.0,1119,python3,392.91,1.3,1225,java,171.76,11.7,1334,firefox,145.63,21.1,1444,python3,68.93,1.9
1775700567.44,14928.72,1455.28,91.1,1007,node,120.2,4.1,1121,chrome,330.83,21.4,1228,docker,125.52,29.1,1337,chrome,73.31,22.1,1446,postgres,33.52,29.1
1775700569.44,14950.74,1433.26,91.3,1005,node,575.96,28.4,1119,java,367.56,14.0,1232,chrome,108.09,26.7,1336,slack,18.5,10.0,1447,python3,27.36,11.3
1775700571.44,14969.84,1414.16,91.4,1010,slack,338.64,10.7,1116,python3,178.29,9.5,1222,docker,19.45,22.1,1343,firefox,196.58,0.3,1446,spotify,151.94,1.1
1775700573.44,14955.29,1428.71,91.3,1002,node,307.75,20.2,1120,slack,246.0,19.7,1227,slack,115.95,4.5,1339,node,71.31,0.7,1450,python3,60.21,10.4
1775700575.44,14965.21,1418.79,91.3,1009,docker,571.09,10.9,1120,node,202.98,15.6,1231,firefox,71.14,25.1,1335,docker,162.99,8.0,1448,firefox,89.49,0.6
1775700577.44,15008.33,1375.67,91.6,1003,postgres,362.66,2.7,1115,java,53.85,4.5,1228,firefox,78.73,24.4,1335,postgres,181.8,23.2,1444,slack,24.22,29.7
1775700579.44,15027.1,1356.9,91.7,1001,python3,487.14,13.3,1120,slack,225.72,1.3,1230,spotify,236.6,19.7,1336,docker,156.51,28.5,1452,code,131.42,26.8
1775700581.44,15009.36,1374.64,91.6,1000,slack,688.76,9.7,1119,spotify,253.01,0.4,1232,slack,27.12,3.6,1333,node,53.12,21.4,1444,firefox,159.1,16.6
1775700583.44,15007.24,1376.76,91.6,1000,firefox,332.49,28.5,1114,firefox,383.95,15.5,1232,java,219.26,17.7,1333,python3,192.77,23.3,1445,code,71.64,12.4
1775700585.44,15005.74,1378.26,91.6,1002,postgres,729.29,28.9,1117,postgres,79.07,3.4,1232,firefox,158.16,25.9,1339,python3,22.17,24.5,1448,spotify,86.39,16.8
1775700587.44,15008.29,1375.71,91.6,1005,spotify,106.14,5.2,1111,spotify,80.74,7.3,1223,postgres,202.94,11.1,1343,firefox,105.39,27.0,1445,java,68.61,14.7
1775700589.44,15019.37,1364.63,91.7,1009,spotify,309.02,1.7,1114,slack,238.68,22.6,1226,code,116.15,10.6,1341,java,39.53,21.7,1453,firefox,38.5,26.6
1775700591.44,15005.13,1378.87,91.6,1000,docker,797.13,29.8,1119,docker,169.58,2.8,1224,java,41.35,6.5,1342,firefox,165.26,28.0,1449,docker,47.69,16.3
1775700593.44,15022.97,1361.03,91.7,1003,spotify,234.05,26.5,1111,slack,107.22,8.1,1226,python3,185.5,14.2,1341,firefox,118.36,27.8,1445,spotify,35.8,13.0
1775700595.44,15039.39,1344.61,91.8,1003,python3,327.84,27.5,1117,python3,381.95,13.1,1224,python3,76.66,16.2,1334,python3,100.63,6.9,1448,code,89.86,18.4
1775700597.44,15019.41,1364.59,91.7,1007,slack,665.89,23.4,1111,python3,364.41,23.5,1224,slack,21.1,25.8,1340,code,139.61,0.8,1446,spotify,54.43,26.0
1775700599.44,15402.93,981.07,94.0,1010,spotify,264.7,13.6,1116,node,129.09,29.8,1232,postgres,190.8,18.6,1333,node,47.43,7.2,1445,slack,74.68,19.9
1775700601.44,15387.42,996.58,93.9,1006,java,529.8,28.8,1115,docker,205.78,19.0,1222,code,36.53,26.2,1337,chrome,115.87,15.3,1447,docker,136.93,5.2
1775700603.44,15528.49,855.51,94.8,1008,docker,401.58,14.3,1120,firefox,266.63,5.7,1226,python3,49.98,6.4,1336,spotify,36.81,7.9,1449,docker,81.53,23.1
1775700605.44,15517.13,866.87,94.7,1002,code,543.78,15.6,1116,python3,59.96,28.1,1226,slack,93.92,29.9,1336,java,48.05,6.9,1450,slack,83.38,25.0
1775700607.44,15519.89,864.11,94.7,1000,postgres,396.59,27.0,1121,spotify,314.45,7.4,1232,slack,214.57,9.3,1340,chrome,177.59,17.3,1447,spotify,36.65,10.2
1775700609.44,15534.12,849.88,94.8,1005,postgres,355.48,25.6,1121,docker,247.02,8.7,1229,docker,148.0,23.8,1341,spotify,109.4,13.0,1450,code,140.97,26.1
1775700611.44,15549.47,834.53,94.9,1010,firefox,783.61,17.6,1112,code,292.13,10.1,1229,python3,74.08,19.0,1343,chrome,28.88,8.4,1447,docker,83.11,12.7
1775700613.44,15541.06,842.94,94.9,1005,postgres,624.34,16.9,1120,docker,279.61,17.1,1229,slack,173.43,4.6,1335,chrome,20.75,21.5,1445,chrome,128.35,2.9
1775700615.44,15546.53,837.47,94.9,1006,java,497.11,11.9,1116,code,145.68,9.7,1227,code,80.01,17.5,1333,spotify,143.62,13.4,1454,chrome,109.57,0.2
1775700617.44,15541.35,842.65,94.9,1002,postgres,167.47,5.2,1121,postgres,353.71,21.6,1231,java,122.55,21.1,1335,spotify,68.26,15.5,1444,firefox,27.25,3.7
1775700619.44,15520.43,863.57,94.7,1001,python3,539.4,25.9,1115,node,309.58,7.1,1225,java,132.49,20.3,1343,docker,105.82,6.4,1446,java,129.87,23.1
1775700621.44,15503.27,880.73,94.6,1000,postgres,581.64,17.7,1120,code,121.29,14.1,1229,code,174.05,20.6,1335,slack,18.1,23.7,1445,spotify,99.45,14.4
1775700623.44,15499.55,884.45,94.6,1006,spotify,622.21,25.0,1115,docker,81.84,25.3,1223,docker,46.59,28.1,1337,node,81.55,12.7,1454,node,127.4,22.1
1775700625.44,15502.04,881.96,94.6,1009,firefox,586.35,26.5,1116,slack,192.06,22.1,1228,docker,68.39,21.9,1340,slack,154.86,22.4,1454,docker,36.38,20.7
1775700627.44,15515.37,868.63,94.7,1007,java,251.02,21.8,1121,code,93.78,11.4,1226,spotify,191.08,23.7,1336,java,138.16,7.1,1453,java,36.41,28.9
1775700629.44,15501.09,882.91,94.6,1000,spotify,288.77,18.9,1116,java,358.25,12.0,1222,chrome,179.65,6.0,1335,code,161.1,1.6,1454,code,68.33,1.7
1775700631.44,15506.24,877.76,94.6,1010,chrome,703.32,25.2,1119,code,58.9,22.2,1227,node,235.08,20.6,1340,node,125.82,10.9,1446,docker,148.29,26.6
1775700633.44,15507.95,876.05,94.7,1007,docker,401.61,1.8,1116,postgres,218.81,17.5,1222,docker,38.96,5.5,1342,spotify,84.53,23.0,1445,firefox,53.87,16.5
1775700635.44,15487.63,896.37,94.5,1000,chrome,542.64,17.2,1114,code,104.55,3.9,1230,spotify,65.43,24.5,1339,chrome,41.86,7.5,1452,slack,53.07,10.8
1775700637.44,15464.49,919.51,94.4,1008,postgres,179.59,18.8,1116,code,295.91,10.6,1228,code,134.9,20.0,1338,firefox,117.12,4.7,1447,firefox,64.23,3.9
1775700639.44,15466.87,917.13,94.4,1010,chrome,702.22,26.9,1114,chrome,318.94,4.5,1224,slack,211.23,21.4,1342,node,162.01,10.7,1446,slack,138.08,15.8
1775700641.44,15452.13,931.87,94.3,1009,java,275.24,28.3,1117,slack,274.07,25.5,1229,postgres,119.76,20.3,1338,chrome,97.79,4.5,1452,node,25.41,0.3
1775700643.44,15452.12,931.88,94.3,1005,chrome,444.75,1.5,1119,docker,143.53,22.2,1227,chrome,203.46,10.2,1334,chrome,72.51,0.3,1444,slack,145.67,16.7
1775700645.44,15445.3,938.7,94.3,1004,postgres,424.66,2.4,1114,docker,224.27,23.2,1230,java,110.9,24.9,1343,postgres,85.37,9.9,1447,node,55.05,13.3
1775700647.44,15430.92,953.08,94.2,1003,node,764.5,17.3,1113,python3,322.46,27.9,1228,python3,142.17,18.5,1334,firefox,12.6,6.6,1448,node,92.41,19.2
1775700649.44,15432.17,951.83,94.2,1001,spotify,267.34,9.6,1121,chrome,119.69,3.9,1228,chrome,172.75,25.9,1343,spotify,92.58,17.9,1448,firefox,152.42,14.6
1775700651.44,15476.17,907.83,94.5,1006,chrome,479.11,22.5,1116,spotify,68.07,16.7,1229,postgres,137.84,21.6,1339,java,80.91,18.4,1454,slack,89.07,15.7
1775700653.44,15482.17,901.83,94.5,1010,firefox,389.51,7.3,1121,spotify,225.71,28.8,1226,spotify,249.84,1.9,1339,node,170.8,9.6,1449,docker,47.65,14.3
1775700655.44,15465.31,918.69,94.4,1002,code,156.2,15.2,1119,docker,191.64,11.5,1223,spotify,37.01,16.4,1342,slack,100.45,11.2,1453,slack,137.25,6.6
1775700657.44,15461.8,922.2,94.4,1000,firefox,491.9,9.6,1116,code,189.31,11.4,1230,firefox,87.76,9.7,1342,code,119.68,8.3,1446,postgres,71.31,25.8
1775700659.44,15434.37,949.63,94.2,1002,node,507.55,7.4,1111,java,151.09,6.1,1225,firefox,169.8,14.2,1342,slack,16.28,11.9,1446,slack,37.89,21.1
1775700661.44,15406.55,977.45,94.0,1010,firefox,524.67,15.1,1119,python3,316.85,23.6,1225,docker,229.65,12.7,1333,spotify,187.24,13.7,1453,slack,118.71,26.0
1775700663.44,15387.76,996.24,93.9,1009,docker,543.01,29.9,1119,firefox,373.72,29.3,1222,postgres,86.03,10.9,1333,docker,144.55,18.0,1446,spotify,144.21,21.9
1775700665.44,15411.88,972.12,94.1,1007,spotify,223.49,5.5,1113,java,158.38,13.5,1224,firefox,89.08,7.1,1338,spotify,69.55,2.4,1449,java,84.98,2.0
1775700667.44,15407.29,976.71,94.0,1008,docker,173.44,24.0,1116,slack,58.96,26.4,1230,docker,184.32,29.5,1343,slack,69.53,14.8,1449,node,113.6,24.2
1775700669.44,15390.93,993.07,93.9,1002,java,441.18,26.1,1116,chrome,313.53,22.2,1222,firefox,37.18,5.7,1333,java,126.13,13.5,1445,python3,90.21,9.5
1775700671.44,15409.41,974.59,94.1,1000,python3,412.63,28.3,1116,node,193.67,26.3,1230,python3,44.58,29.4,1342,python3,70.66,6.7,1445,docker,46.2,26.1
1775700673.44,15400.57,983.43,94.0,1005,slack,211.81,12.2,1115,slack,101.57,25.8,1230,code,122.51,4.9,1341,java,92.29,20.0,1444,java,81.22,11.1
1775700675.44,15404.9,979.1,94.0,1007,node,601.26,22.6,1116,postgres,62.68,0.1,1232,docker,137.01,19.8,1338,chrome,67.56,5.4,1452,spotify,120.61,16.4
1775700677.44,15423.31,960.69,94.1,1007,python3,208.42,14.5,1115,firefox,319.07,18.9,1222,slack,21.99,8.6,1334,chrome,161.18,2.6,1444,docker,120.27,28.1
1775700679.44,15426.29,957.71,94.2,1006,java,60.33,20.1,1117,code,57.25,19.1,1232,java,258.97,2.7,1343,postgres,15.62,8.3,1454,firefox,16.76,1.2
1775700681.44,15432.73,951.27,94.2,1008,spotify,153.33,18.8,1111,java,352.8,17.1,1232,chrome,248.38,11.5,1342,postgres,129.47,10.0,1454,firefox,120.87,25.6
1775700683.44,15420.79,963.21,94.1,1000,node,641.38,11.8,1119,node,176.29,14.6,1224,postgres,107.37,23.1,1334,docker,19.7,21.9,1447,firefox,19.69,22.9
1775700685.44,15414.53,969.47,94.1,1010,spotify,523.0,21.3,1117,node,276.7,1.1,1222,chrome,81.63,6.4,1341,chrome,63.73,29.2,1452,slack,129.85,12.5
1775700687.44,15435.13,948.87,94.2,1001,postgres,57.68,17.3,1112,docker,44.1,17.4,1229,node,35.05,24.7,1342,slack,194.11,26.6,1450,slack,146.65,3.1
1775700689.44,15443.62,940.38,94.3,1009,code,559.52,16.5,1116,chrome,62.93,7.6,1226,java,112.93,4.6,1340,node,33.44,26.0,1447,java,26.2,13.2
1775700691.44,15436.9,947.1,94.2,1002,python3,639.97,28.3,1120,firefox,372.96,23.8,1232,spotify,252.12,14.6,1338,chrome,116.63,18.9,1454,slack,102.53,13.5
1775700693.44,15426.27,957.73,94.2,1007,code,749.63,1.1,1115,python3,168.5,28.3,1223,postgres,225.24,23.1,1340,code,180.62,10.0,1448,postgres,124.91,11.1
1775700695.44,15428.59,955.41,94.2,1005,slack,604.89,4.3,1117,spotify,132.18,29.6,1226,code,181.63,25.2,1334,node,187.26,24.5,1452,chrome,48.14,15.2
1775700697.44,15432.45,951.55,94.2,1003,docker,234.9,11.8,1116,python3,142.17,5.2,1229,java,17.27,24.0,1337,code,70.81,7.8,1448,chrome,129.51,13.1
1775700699.44,15425.37,958.63,94.1,1004,python3,294.16,10.2,1112,slack,99.05,24.5,1228,python3,224.45,6.2,1337,code,174.33,10.8,1445,chrome,96.35,10.5
1775700701.44,15452.86,931.14,94.3,1007,firefox,54.97,12.1,1119,slack,264.48,15.3,1226,slack,247.33,20.9,1340,python3,100.78,4.5,1447,node,56.03,20.8
1775700703.44,15439.96,944.04,94.2,1007,slack,752.22,22.0,1114,python3,177.52,4.8,1225,node,55.33,12.3,1340,docker,184.23,12.9,1448,java,142.31,10.1
1775700705.44,15422.16,961.84,94.1,1004,java,453.07,13.4,1118,postgres,243.84,4.5,1231,postgres,83.79,18.3,1334,node,90.7,10.4,1451,python3,158.23,24.9
1775700707.44,15421.49,962.51,94.1,1008,postgres,581.99,18.1,1111,firefox,111.22,19.5,1229,slack,68.98,5.6,1336,code,86.91,27.1,1447,code,82.55,17.9
1775700709.44,15414.66,969.34,94.1,1008,node,192.06,3.1,1116,code,217.03,3.2,1228,postgres,151.8,0.3,1336,java,37.84,1.7,1445,spotify,43.31,15.9
1775700711.44,15425.43,958.57,94.1,1010,firefox,766.28,2.2,1116,postgres,315.59,20.0,1225,spotify,137.67,27.3,1338,docker,58.64,24.3,1449,spotify,130.52,0.6
1775700713.44,15414.18,969.82,94.1,1003,java,314.91,8.7,1111,python3,178.9,29.7,1224,python3,94.4,28.6,1341,spotify,37.22,28.0,1449,code,105.75,16.5
1775700715.44,15425.29,958.71,94.1,1006,code,757.07,23.3,1116,chrome,383.3,3.8,1222,slack,88.94,2.3,1340,spotify,179.38,14.9,1454,chrome,69.2,21.3
1775700717.44,15429.5,954.5,94.2,1010,firefox,187.95,28.7,1119,java,181.9,11.2,1230,node,121.35,2.8,1339,slack,186.87,20.2,1446,code,53.64,13.3
1775700719.44,15425.99,958.01,94.2,1000,slack,564.43,13.6,1115,node,241.96,5.9,1222,spotify,240.08,4.7,1333,firefox,171.03,22.2,1450,python3,69.67,1.2
1775700721.44,15435.49,948.51,94.2,1004,slack,668.99,26.8,1118,spotify,221.29,16.0,1230,spotify,59.61,6.9,1340,node,112.43,26.7,1446,python3,99.41,24.8
1775700723.44,15436.07,947.93,94.2,1010,python3,773.05,9.8,1111,code,136.27,20.1,1232,node,154.33,28.5,1337,docker,157.04,11.0,1447,code,85.88,12.1
1775700725.44,15428.6,955.4,94.2,1007,spotify,180.27,29.5,1117,node,174.92,29.6,1230,node,136.18,10.5,1343,firefox,134.06,8.4,1449,slack,46.6,14.8
1775700727.44,15447.59,936.41,94.3,1007,docker,776.98,18.5,1111,node,68.34,23.7,1223,code,215.07,23.0,1342,slack,12.94,5.8,1447,code,130.93,11.2
1775700729.44,15553.5,830.5,94.9,1004,java,73.25,26.6,1121,node,395.87,27.6,1227,python3,18.45,28.1,1335,python3,164.27,11.5,1454,spotify,41.06,29.7
1775700731.44,15561.18,822.82,95.0,1006,java,678.41,6.8,1112,java,60.43,1.6,1230,python3,64.24,0.2,1340,code,142.08,3.6,1453,postgres,57.47,27.6
1775700733.44,15561.37,822.63,95.0,1009,firefox,71.63,2.2,1111,chrome,340.56,22.7,1227,java,209.5,23.9,1336,firefox,41.99,12.5,1447,firefox,99.72,2.6
1775700735.44,15575.11,808.89,95.1,1002,postgres,132.07,19.6,1111,python3,289.2,24.2,1230,java,136.4,2.9,1339,java,73.73,12.7,1446,postgres,97.17,29.0
1775700737.44,15564.44,819.56,95.0,1004,spotify,82.88,14.1,1118,firefox,96.87,3.9,1229,spotify,249.16,25.4,1340,firefox,43.1,29.6,1449,slack,79.69,27.4
1775700739.44,15576.79,807.21,95.1,1008,spotify,655.41,3.5,1119,node,61.99,29.1,1227,code,40.07,7.7,1337,code,41.98,21.1,1452,postgres,159.1,26.6
1775700741.44,15592.79,791.21,95.2,1003,docker,105.77,22.2,1115,code,240.01,27.7,1232,java,117.24,9.6,1338,chrome,114.27,14.3,1444,node,48.12,26.8
1775700743.44,15589.62,794.38,95.2,1007,java,712.2,2.7,1111,java,64.1,19.5,1222,code,42.55,3.8,1336,slack,54.06,2.7,1452,code,78.26,0.9
1775700745.44,15590.33,793.67,95.2,1006,postgres,59.16,1.9,1112,firefox,134.04,3.9,1228,chrome,194.07,26.2,1341,python3,172.21,2.3,1450,postgres,40.87,22.9
1775700747.44,15603.69,780.31,95.2,1001,code,240.11,30.0,1116,postgres,272.08,28.3,1224,postgres,244.06,15.8,1335,node,191.06,1.9,1450,postgres,28.94,2.2
1775700749.44,15633.62,750.38,95.4,1008,spotify,656.71,2.9,1116,spotify,80.8,8.4,1228,java,96.32,1.9,1340,postgres,92.13,9.7,1447,code,151.98,22.6
1775700751.44,15650.01,733.99,95.5,1000,java,75.3,9.7,1115,code,61.05,26.4,1229,code,249.5,19.3,1337,java,151.78,23.7,1454,code,123.54,0.4
1775700753.44,15630.03,753.97,95.4,1008,java,482.45,20.5,1116,docker,305.38,1.6,1230,slack,73.52,0.4,1334,firefox,131.37,29.0,1454,postgres,83.27,25.1
1775700755.44,15630.78,753.22,95.4,1003,firefox,789.3,24.9,1120,docker,118.23,22.8,1229,chrome,40.11,12.8,1338,python3,169.27,10.9,1447,code,109.86,25.3
1775700757.44,15601.34,782.66,95.2,1009,node,405.33,2.5,1112,slack,147.8,11.9,1231,docker,83.83,0.5,1342,firefox,44.22,0.6,1454,firefox,14.88,10.5
1775700759.44,15604.7,779.3,95.2,1001,slack,250.18,21.9,1117,java,214.5,11.9,1225,spotify,168.07,26.8,1337,code,92.38,19.1,1445,spotify,61.95,8.1
1775700761.44,15614.19,769.81,95.3,1006,python3,604.76,15.4,1120,chrome,216.45,16.0,1232,chrome,115.1,24.0,1334,code,40.64,20.0,1445,docker,150.48,10.0
1775700763.44,15592.37,791.63,95.2,1002,node,231.06,2.4,1116,java,207.27,4.1,1222,node,146.44,10.3,1339,code,92.12,20.7,1445,postgres,23.79,8.4
1775700765.44,15602.67,781.33,95.2,1005,docker,224.39,14.7,1115,python3,365.58,3.0,1226,python3,19.63,7.6,1333,docker,123.86,26.9,1448,code,65.44,15.2
1775700767.44,15622.41,761.59,95.4,1004,python3,306.78,29.3,1121,firefox,398.64,4.1,1227,node,254.75,27.1,1333,spotify,80.78,20.7,1454,slack,83.75,18.2
1775700769.44,15642.84,741.16,95.5,1002,docker,208.14,17.5,1118,python3,108.45,21.6,1223,java,256.89,23.5,1334,python3,121.81,2.6,1449,code,25.3,26.6
1775700771.44,15639.07,744.93,95.5,1000,code,72.04,9.8,1116,chrome,91.8,7.8,1231,postgres,255.34,25.0,1337,code,44.47,4.2,1446,python3,44.22,5.1
1775700773.44,15656.31,727.69,95.6,1007,chrome,755.85,22.7,1120,postgres,102.7,24.9,1223,node,136.68,29.5,1338,slack,177.12,28.8,1447,docker,102.7,3.7
1775700775.44,15660.28,723.72,95.6,1008,python3,155.42,19.5,1119,chrome,256.48,24.3,1225,docker,33.57,3.2,1336,code,186.01,25.3,1448,postgres,117.16,16.3
1775700777.44,15666.86,717.14,95.6,1010,postgres,788.46,13.1,1114,slack,71.24,6.7,1225,docker,31.97,7.5,1337,java,44.2,25.3,1449,postgres,14.68,25.7
1775700779.44,15640.89,743.11,95.5,1005,node,738.66,9.7,1119,slack,73.81,6.1,1226,slack,197.55,20.0,1341,chrome,137.7,24.3,1453,node,87.62,9.7
1775700781.44,15644.08,739.92,95.5,1007,spotify,781.46,22.9,1116,slack,207.37,10.6,1229,code,264.69,12.8,1337,code,72.71,25.5,1447,node,121.53,13.4
1775700783.44,15884.0,500.0,96.9,1010,docker,95.64,26.7,1117,node,312.08,7.0,1223,spotify,213.86,2.1,1339,code,199.79,29.7,1453,firefox,60.54,6.6
1775700785.44,15870.02,513.98,96.9,1004,chrome,222.77,14.8,1112,docker,28.16,28.4,1229,spotify,174.42,6.3,1339,code,164.52,17.4,1444,chrome,53.02,27.6
1775700787.44,15860.66,523.34,96.8,1002,code,343.37,24.8,1118,postgres,72.62,12.9,1226,docker,77.63,10.8,1338,chrome,156.46,28.4,1446,spotify,109.09,0.7
1775700789.44,15858.89,525.11,96.8,1009,code,147.04,24.4,1113,chrome,258.02,14.3,1232,spotify,22.34,7.0,1338,chrome,185.07,16.1,1453,spotify,123.03,23.7
1775700791.44,15849.02,534.98,96.7,1004,postgres,291.38,9.8,1118,slack,317.42,24.7,1229,postgres,90.27,5.6,1338,postgres,22.91,28.7,1449,code,156.06,27.6
1775700793.44,15869.16,514.84,96.9,1004,chrome,472.98,5.2,1112,java,267.25,24.0,1231,spotify,186.56,1.1,1333,code,54.51,7.7,1454,code,55.48,1.0
1775700795.44,15859.31,524.69,96.8,1006,docker,64.33,2.2,1115,postgres,382.54,10.8,1230,postgres,18.06,1.5,1333,postgres,19.51,8.8,1450,postgres,137.39,7.6
1775700797.44,15841.91,542.09,96.7,1008,docker,313.26,10.8,1111,postgres,397.57,16.5,1231,python3,231.59,11.9,1335,firefox,95.65,1.8,1447,slack,15.93,14.1
1775700799.44,15846.74,537.26,96.7,1008,code,177.98,26.8,1117,firefox,91.33,19.7,1222,slack,185.43,11.0,1338,spotify,16.72,7.2,1449,chrome,75.88,25.1
1775700801.44,15862.52,521.48,96.8,1010,postgres,410.77,24.1,1121,java,354.29,24.6,1223,chrome,189.36,26.8,1335,node,35.31,13.8,1451,chrome,34.32,9.2
1775700803.44,15842.05,541.95,96.7,1004,postgres,258.55,17.8,1115,firefox,310.41,19.3,1231,python3,79.49,9.2,1343,slack,55.24,15.3,1445,code,138.43,23.9
1775700805.44,15856.49,527.51,96.8,1010,postgres,625.57,28.0,1120,python3,317.93,13.7,1227,spotify,39.75,25.8,1337,slack,183.03,17.3,1448,chrome,143.36,17.2
1775700807.44,15840.98,543.02,96.7,1008,postgres,722.78,7.0,1120,python3,266.64,8.7,1230,docker,156.7,19.3,1340,node,102.2,20.0,1454,docker,72.71,7.6
1775700809.44,15810.79,573.21,96.5,1003,postgres,692.35,10.5,1120,code,345.63,13.6,1228,python3,228.34,17.1,1337,docker,94.1,13.7,1450,java,123.03,20.8
1775700811.44,15796.36,587.64,96.4,1003,firefox,172.76,25.2,1113,firefox,241.32,19.5,1225,code,128.75,25.9,1340,chrome,112.05,10.7,1451,firefox,96.27,0.8
1775700813.44,15781.49,602.51,96.3,1009,java,413.7,19.8,1115,docker,204.05,14.4,1223,postgres,25.18,24.1,1340,chrome,37.77,11.0,1444,code,64.0,28.9
1775700815.44,15797.49,586.51,96.4,1010,spotify,568.98,26.3,1116,docker,329.59,4.0,1228,node,139.32,28.5,1337,slack,62.95,10.1,1449,docker,68.56,25.0
1775700817.44,15798.31,585.69,96.4,1004,python3,52.42,27.1,1116,chrome,399.88,27.0,1225,chrome,188.12,4.8,1340,python3,111.49,21.2,1446,docker,68.36,9.8
1775700819.44,15783.47,600.53,96.3,1000,slack,485.8,8.2,1113,java,331.34,0.7,1228,java,219.41,16.2,1343,python3,158.35,13.1,1448,postgres,91.14,19.2
1775700821.44,15788.92,595.08,96.4,1005,chrome,92.47,14.5,1117,code,187.13,6.7,1229,docker,186.86,7.7,1337,docker,32.41,29.8,1453,code,97.96,11.7
1775700823.44,15751.39,632.61,96.1,1005,chrome,690.9,20.6,1113,firefox,252.77,10.3,1223,java,168.28,10.5,1342,docker,111.91,14.4,1452,python3,41.22,14.3
1775700825.44,15769.49,614.51,96.2,1004,spotify,63.79,6.3,1118,postgres,111.89,24.9,1228,spotify,231.78,5.3,1337,spotify,65.26,16.6,1445,java,110.91,19.2
1775700827.44,15775.3,608.7,96.3,1001,python3,479.27,9.0,1115,chrome,117.73,29.7,1230,python3,154.99,29.8,1334,postgres,94.0,10.7,1449,code,156.59,19.6
1775700829.44,15785.46,598.54,96.3,1000,firefox,502.05,11.5,1117,java,267.36,7.6,1225,spotify,253.53,8.7,1336,slack,139.19,21.6,1449,postgres,142.99,15.9
1775700831.44,15787.74,596.26,96.4,1007,node,279.87,16.5,1116,chrome,300.67,0.3,1224,docker,135.39,4.1,1334,docker,120.4,24.4,1450,python3,63.66,28.5
1775700833.44,15783.56,600.44,96.3,1002,postgres,696.44,19.6,1115,slack,117.28,14.0,1228,slack,196.34,22.9,1340,spotify,178.45,22.0,1454,slack,95.41,8.1
1775700835.44,15792.92,591.08,96.4,1008,java,381.83,15.2,1118,postgres,211.7,16.2,1231,code,29.67,0.5,1339,python3,124.4,26.0,1450,firefox,37.4,22.5
1775700837.44,15804.14,579.86,96.5,1000,python3,63.69,0.6,1112,chrome,197.57,3.1,1223,python3,165.45,24.1,1336,node,98.07,29.7,1446,java,64.66,15.9
1775700839.44,15812.5,571.5,96.5,1003,firefox,288.39,2.4,1114,firefox,103.38,1.9,1223,chrome,237.23,21.6,1341,postgres,81.76,13.3,1447,code,131.89,14.3
1775700841.44,15804.92,579.08,96.5,1007,postgres,475.42,2.8,1118,firefox,180.57,0.8,1229,node,18.37,28.3,1340,node,97.46,7.1,1453,docker,131.69,19.8
1775700843.44,15782.97,601.03,96.3,1000,code,545.4,28.3,1120,python3,180.15,2.3,1230,spotify,229.88,27.6,1335,postgres,15.42,0.0,1445,node,88.63,10.0
1775700845.44,15795.11,588.89,96.4,1010,firefox,691.38,29.3,1115,node,153.02,21.7,1226,docker,37.53,24.9,1333,chrome,191.91,10.2,1445,firefox,121.95,27.7
1775700847.44,15779.25,604.75,96.3,1005,spotify,775.25,26.8,1121,java,46.79,28.9,1229,java,166.77,5.7,1337,docker,199.38,18.2,1450,chrome,137.1,7.7
1775700849.44,15748.36,635.64,96.1,1005,chrome,678.04,5.1,1115,java,349.34,22.7,1228,spotify,235.85,19.9,1341,java,154.41,23.4,1451,firefox,137.91,26.4
1775700851.44,15748.58,635.42,96.1,1007,code,645.0,9.0,1119,code,168.51,11.1,1230,chrome,253.48,17.0,1343,firefox,78.9,14.7,1452,python3,70.22,22.1
1775700853.44,15721.58,662.42,96.0,1004,code,726.73,27.2,1115,python3,259.05,27.7,1224,java,140.09,18.9,1341,slack,23.86,10.4,1444,code,59.26,3.7
1775700855.44,15747.85,636.15,96.1,1006,python3,358.03,7.6,1120,docker,41.13,4.3,1223,java,198.07,20.0,1334,postgres,40.6,27.2,1444,docker,156.38,19.8
1775700857.44,15767.8,616.2,96.2,1004,node,369.45,17.3,1113,node,248.49,19.5,1229,java,119.45,3.1,1333,firefox,59.67,26.0,1445,firefox,15.66,23.9
1775700859.44,15778.88,605.12,96.3,1007,firefox,618.33,3.3,1119,chrome,27.04,13.5,1229,slack,79.27,15.2,1338,firefox,98.1,3.1,1454,java,148.15,14.5
1775700861.44,15794.82,589.18,96.4,1002,python3,464.93,7.0,1120,code,122.1,0.3,1232,spotify,215.55,3.3,1335,docker,191.01,22.4,1453,docker,90.21,5.9
1775700863.44,15800.06,583.94,96.4,1004,chrome,721.48,20.3,1112,python3,282.62,1.3,1231,spotify,218.77,24.2,1340,java,123.29,25.4,1452,chrome,23.59,20.1
1775700865.44,15813.61,570.39,96.5,1003,java,122.03,0.4,1119,slack,39.36,10.7,1232,chrome,214.7,25.5,1343,python3,147.07,22.1,1450,node,78.65,6.8
1775700867.44,15836.05,547.95,96.7,1005,spotify,129.21,3.7,1118,java,307.48,13.1,1228,python3,262.31,12.2,1338,slack,173.68,27.7,1447,java,138.38,1.6
1775700869.44,15838.96,545.04,96.7,1003,python3,657.04,18.6,1113,firefox,352.41,10.8,1230,chrome,113.47,8.0,1342,docker,117.34,27.9,1447,slack,84.7,2.9
1775700871.44,15828.74,555.26,96.6,1010,postgres,719.03,22.6,1111,chrome,188.88,9.7,1226,slack,88.47,28.8,1336,spotify,55.89,0.8,1444,postgres,74.59,6.8
1775700873.44,15647.1,736.9,95.5,1010,docker,715.69,11.5,1120,node,201.37,18.7,1222,postgres,87.33,26.5,1333,firefox,152.67,24.6,1444,postgres,80.48,3.8
1775700875.44,15621.48,762.52,95.3,1002,docker,369.09,11.0,1114,chrome,282.11,23.0,1227,chrome,240.94,3.5,1342,slack,186.43,9.8,1451,firefox,54.82,6.3
1775700877.44,15597.29,786.71,95.2,1004,chrome,337.11,15.3,1119,firefox,319.02,13.3,1227,firefox,72.59,0.4,1335,slack,80.14,9.6,1449,chrome,27.56,9.9
1775700879.44,15591.33,792.67,95.2,1007,slack,432.61,20.2,1116,chrome,294.83,3.7,1231,code,235.98,19.1,1334,slack,17.1,22.5,1448,code,29.08,29.0
1775700881.44,15593.26,790.74,95.2,1004,firefox,100.81,12.8,1120,node,106.1,23.2,1229,java,191.71,4.4,1339,slack,119.7,27.5,1448,docker,43.92,14.0
1775700883.44,15593.62,790.38,95.2,1002,firefox,183.63,6.1,1111,java,392.04,11.0,1225,java,219.47,13.2,1335,postgres,168.02,25.4,1447,docker,40.78,25.4
1775700885.44,15588.38,795.62,95.1,1001,spotify,216.37,12.9,1120,postgres,351.11,12.9,1225,java,104.15,20.8,1334,postgres,181.46,29.1,1453,postgres,65.92,12.6
1775700887.44,15583.82,800.18,95.1,1008,spotify,289.71,3.3,1115,java,287.97,23.7,1223,slack,128.6,16.5,1340,java,158.95,7.2,1454,chrome,29.31,0.2
1775700889.44,15600.31,783.69,95.2,1008,slack,523.52,7.2,1121,spotify,169.97,23.1,1227,chrome,169.31,21.4,1335,docker,15.53,0.2,1448,node,126.22,16.4
1775700891.44,15624.39,759.61,95.4,1008,postgres,400.48,24.4,1121,python3,170.76,22.1,1229,firefox,135.82,15.2,1339,java,50.48,15.1,1449,node,155.65,14.6
1775700893.44,15596.9,787.1,95.2,1002,node,192.43,25.6,1120,docker,36.08,18.3,1231,slack,59.1,13.9,1333,docker,80.36,15.7,1450,python3,25.65,16.9
1775700895.44,15592.38,791.62,95.2,1010,java,679.62,12.1,1119,python3,214.56,19.5,1228,slack,253.53,11.6,1333,java,157.82,27.0,1452,slack,19.49,27.2
1775700897.44,15588.64,795.36,95.1,1002,slack,553.99,11.3,1119,chrome,183.36,23.3,1232,docker,165.86,4.7,1337,code,137.34,18.3,1451,spotify,76.43,6.5
1775700899.44,15589.93,794.07,95.2,1003,postgres,469.07,0.1,1119,firefox,356.89,7.8,1230,docker,154.41,1.3,1337,slack,58.75,7.6,1449,slack,66.57,20.8
1775700901.44,15609.22,774.78,95.3,1003,code,552.47,15.1,1111,java,288.71,22.4,1228,postgres,30.69,27.7,1342,spotify,101.85,20.5,1447,chrome,89.68,21.7
1775700903.44,15884.0,500.0,96.9,1007,slack,179.73,29.3,1116,node,189.56,3.8,1230,slack,140.79,8.6,1334,firefox,159.97,9.6,1452,code,45.24,22.0
1775700905.44,15884.0,500.0,96.9,1001,docker,551.49,11.6,1113,postgres,205.18,18.1,1226,node,65.76,3.3,1341,python3,96.8,21.7,1444,firefox,107.39,18.5
1775700907.44,15884.0,500.0,96.9,1008,postgres,668.68,27.6,1118,slack,127.84,27.5,1226,chrome,207.66,10.0,1340,postgres,88.68,11.6,1445,spotify,102.17,14.6
1775700909.44,15869.82,514.18,96.9,1005,postgres,162.27,10.0,1117,java,195.41,18.3,1231,spotify,30.37,13.9,1335,java,101.03,8.1,1450,chrome,24.83,29.7
1775700911.44,15846.2,537.8,96.7,1002,docker,587.95,27.8,1119,java,276.59,15.8,1225,spotify,50.41,6.1,1341,spotify,110.89,4.1,1449,postgres,73.48,15.0
1775700913.44,15830.17,553.83,96.6,1000,node,320.3,11.2,1115,slack,44.43,27.4,1225,docker,179.62,2.4,1337,spotify,42.67,4.4,1447,firefox,10.61,12.0
1775700915.44,15840.29,543.71,96.7,1006,java,696.33,25.7,1121,chrome,244.55,13.0,1226,spotify,212.46,17.0,1334,chrome,21.3,3.2,1450,firefox,135.18,17.8
1775700917.44,15835.2,548.8,96.7,1000,chrome,122.06,26.6,1115,java,73.86,22.1,1229,postgres,232.22,19.5,1335,chrome,183.38,9.4,1446,firefox,109.78,16.5
1775700919.44,15848.44,535.56,96.7,1010,node,92.37,23.2,1114,python3,65.88,29.8,1227,java,159.05,3.2,1340,chrome,130.1,20.4,1450,code,139.68,24.4
1775700921.44,15868.01,515.99,96.9,1005,chrome,762.85,12.2,1113,python3,392.03,29.8,1226,node,94.19,17.3,1337,java,75.96,27.5,1454,firefox,19.13,9.6
1775700923.44,15881.33,502.67,96.9,1007,postgres,109.65,29.9,1111,python3,215.63,21.0,1227,node,195.93,29.5,1341,slack,147.72,10.3,1453,slack,84.03,9.5
1775700925.44,15884.0,500.0,96.9,1005,firefox,172.74,23.7,1119,python3,311.01,1.5,1223,java,247.57,8.2,1336,chrome,183.18,7.4,1446,spotify,153.93,13.7
1775700927.44,15881.01,502.99,96.9,1004,node,220.93,21.5,1113,spotify,288.33,10.4,1229,slack,123.81,27.6,1340,postgres,177.15,1.6,1451,docker,29.42,19.1
1775700929.44,15884.0,500.0,96.9,1008,node,546.12,8.9,1120,chrome,178.78,18.8,1232,code,22.11,17.9,1340,slack,67.17,29.5,1453,slack,34.76,17.1
1775700931.44,15861.21,522.79,96.8,1002,code,146.51,3.8,1116,slack,155.75,18.1,1222,python3,87.71,17.8,1333,firefox,133.11,14.1,1453,spotify,23.29,23.0
1775700933.44,15874.03,509.97,96.9,1005,java,312.71,3.5,1113,node,132.56,27.6,1226,chrome,195.85,14.0,1333,slack,157.28,12.4,1454,node,20.67,22.0
1775700935.44,15853.32,530.68,96.8,1004,node,292.01,13.5,1121,postgres,346.33,18.6,1229,node,265.87,21.8,1334,python3,110.57,2.2,1445,code,37.37,9.3
1775700937.44,15877.51,506.49,96.9,1004,docker,781.01,15.2,1114,docker,263.37,13.7,1229,chrome,109.15,0.8,1333,spotify,82.07,19.4,1444,java,149.9,11.5
1775700939.44,15884.0,500.0,96.9,1002,postgres,585.35,26.2,1114,python3,185.28,13.6,1222,docker,168.26,1.6,1340,chrome,102.74,18.6,1454,node,76.14,27.7
1775700941.44,15862.92,521.08,96.8,1003,spotify,491.69,13.0,1114,java,237.14,3.3,1230,postgres,107.15,8.0,1343,spotify,114.75,6.7,1452,firefox,77.86,21.5
1775700943.44,15864.17,519.83,96.8,1006,python3,606.77,0.5,1117,firefox,64.25,18.1,1231,firefox,58.15,27.9,1340,slack,168.35,29.8,1445,firefox,106.42,22.0
1775700945.44,15868.81,515.19,96.9,1003,code,644.73,6.4,1115,docker,148.55,11.5,1223,spotify,224.63,22.5,1340,java,80.15,1.5,1445,chrome,130.27,23.6
1775700947.44,15879.41,504.59,96.9,1004,spotify,628.33,10.7,1119,docker,46.15,0.1,1223,python3,252.24,6.8,1343,chrome,176.49,23.6,1447,code,102.11,0.1
1775700949.44,15884.0,500.0,96.9,1009,node,177.95,16.7,1121,spotify,365.07,20.5,1229,postgres,185.55,23.8,1335,python3,86.6,15.5,1453,docker,57.59,2.7
1775700951.44,15866.74,517.26,96.8,1010,postgres,619.74,6.2,1118,python3,347.22,0.8,1227,docker,167.31,22.0,1337,postgres,59.58,18.3,1445,spotify,115.97,11.3
1775700953.44,15862.86,521.14,96.8,1010,java,181.86,7.9,1114,slack,129.23,29.0,1224,docker,128.36,19.9,1338,docker,172.57,6.9,1454,java,89.19,0.2
1775700955.44,15884.0,500.0,96.9,1001,slack,167.04,2.7,1112,chrome,376.64,2.7,1230,java,129.9,29.9,1340,firefox,121.07,8.2,1449,java,74.45,27.4
1775700957.44,15865.24,518.76,96.8,1000,code,589.94,1.6,1115,node,127.04,0.0,1223,chrome,263.48,11.8,1338,firefox,97.55,20.8,1451,firefox,72.89,19.3
1775700959.44,15847.87,536.13,96.7,1005,docker,711.8,21.8,1120,docker,204.89,9.0,1222,firefox,17.35,15.6,1342,chrome,161.05,24.1,1446,node,46.55,18.4
1775700961.44,15840.16,543.84,96.7,1004,docker,527.35,25.9,1112,java,381.54,10.0,1229,node,225.76,23.7,1338,node,158.01,26.2,1446,slack,99.46,28.5
1775700963.44,15870.43,513.57,96.9,1006,python3,484.09,1.9,1120,java,66.79,26.0,1229,code,231.32,1.5,1339,code,87.0,1.6,1450,docker,18.65,17.3
1775700965.44,15870.68,513.32,96.9,1010,docker,382.3,12.9,1114,code,247.91,29.4,1228,docker,24.74,27.9,1339,chrome,115.53,8.1,1450,code,139.45,4.5
1775700967.44,15879.36,504.64,96.9,1000,slack,552.15,14.7,1119,postgres,292.06,13.6,1231,slack,143.78,15.1,1337,node,97.86,18.7,1452,java,90.68,12.9
1775700969.44,15884.0,500.0,96.9,1003,chrome,704.53,28.4,1120,docker,49.3,9.7,1229,firefox,164.27,10.6,1334,node,172.25,24.1,1447,java,77.85,4.5
1775700971.44,15884.0,500.0,96.9,1005,java,384.56,22.0,1112,postgres,31.66,4.8,1230,python3,253.53,22.6,1339,postgres,188.41,19.3,1445,node,77.41,12.6
1775700973.44,15876.25,507.75,96.9,1003,code,330.28,17.1,1121,node,200.94,16.2,1225,code,237.16,24.9,1334,firefox,32.41,21.8,1447,java,131.07,24.1
1775700975.44,15884.0,500.0,96.9,1009,chrome,277.9,22.0,1115,spotify,123.14,23.1,1232,slack,32.89,2.9,1336,spotify,60.3,4.7,1452,spotify,142.99,30.0
1775700977.44,15873.29,510.71,96.9,1006,slack,497.39,0.6,1119,java,383.96,1.5,1228,slack,34.82,28.8,1337,postgres,173.78,12.9,1454,java,140.66,11.7
1775700979.44,15835.05,548.95,96.6,1010,python3,676.44,8.3,1111,java,358.22,14.1,1230,chrome,102.24,15.6,1338,slack,41.3,30.0,1444,postgres,103.46,14.4
1775700981.44,15831.5,552.5,96.6,1002,postgres,798.85,1.0,1111,node,56.32,1.9,1230,java,39.76,10.4,1341,spotify,94.1,23.2,1454,postgres,101.62,19.0
1775700983.44,15813.29,570.71,96.5,1001,spotify,252.86,29.0,1116,slack,374.58,5.4,1227,code,166.44,1.1,1333,python3,173.91,24.3,1447,node,49.35,18.7
1775700985.44,15820.12,563.88,96.6,1007,chrome,448.63,17.3,1121,python3,183.49,5.2,1231,firefox,202.02,7.9,1337,postgres,113.41,5.5,1447,slack,105.04,3.5
1775700987.44,15827.62,556.38,96.6,1007,java,501.52,23.4,1121,firefox,351.29,3.1,1231,slack,207.37,10.9,1338,node,41.96,28.1,1451,firefox,12.09,22.7
1775700989.44,15820.26,563.74,96.6,1005,python3,561.07,21.5,1113,postgres,113.02,21.0,1223,node,158.9,23.9,1340,spotify,178.6,9.8,1450,python3,92.76,14.7
1775700991.44,15814.4,569.6,96.5,1000,java,582.09,25.7,1116,firefox,295.16,1.3,1226,slack,59.34,26.8,1333,docker,173.36,16.2,1452,java,38.08,22.0
1775700993.44,15790.97,593.03,96.4,1007,chrome,624.61,26.3,1113,firefox,350.85,28.6,1225,java,21.53,1.8,1338,slack,37.43,20.3,1450,python3,123.36,28.1
1775700995.44,15788.88,595.12,96.4,1007,firefox,686.89,1.9,1116,node,343.79,19.1,1229,chrome,263.72,6.5,1337,code,168.02,26.2,1451,docker,148.73,22.7
1775700997.44,15801.33,582.67,96.4,1007,code,227.28,13.2,1120,spotify,226.42,0.2,1222,firefox,78.71,5.5,1342,slack,150.99,2.3,1446,python3,108.21,23.3
1775700999.44,15787.48,596.52,96.4,1006,firefox,389.68,22.4,1114,docker,322.04,11.7,1226,firefox,45.11,18.8,1339,python3,188.62,4.6,1452,node,127.74,23.1
1775701001.44,15799.77,584.23,96.4,1009,java,141.52,15.5,1118,code,234.63,26.5,1228,chrome,245.62,13.0,1342,node,125.98,7.9,1445,chrome,152.68,19.7
1775701003.44,15781.4,602.6,96.3,1002,spotify,155.67,11.4,1120,slack,399.97,11.3,1226,python3,137.85,11.2,1340,code,153.16,7.4,1454,node,105.1,10.8
1775701005.44,15764.97,619.03,96.2,1002,firefox,519.91,20.6,1117,spotify,137.53,4.2,1227,python3,153.45,16.4,1342,chrome,139.51,28.3,1452,slack,150.4,22.9
1775701007.44,15753.66,630.34,96.2,1000,docker,124.6,17.9,1113,node,289.0,0.8,1228,slack,24.0,19.5,1341,slack,66.16,23.5,1448,node,130.33,14.6
1775701009.44,15760.29,623.71,96.2,1007,docker,690.26,6.4,1119,node,315.92,2.2,1231,code,187.65,15.1,1337,node,108.59,8.9,1447,chrome,125.67,29.5
1775701011.44,15733.38,650.62,96.0,1006,slack,586.98,7.8,1112,slack,70.57,22.8,1222,code,219.35,25.4,1340,postgres,99.25,18.0,1447,code,28.46,28.9
1775701013.44,15431.86,952.14,94.2,1010,node,130.17,2.2,1119,code,192.91,22.5,1226,python3,192.48,26.1,1340,firefox,111.1,16.5,1445,slack,57.62,24.4
1775701015.44,15451.23,932.77,94.3,1004,code,335.79,3.9,1118,python3,353.81,2.7,1231,code,19.09,10.3,1334,chrome,15.99,27.0,1445,docker,100.29,25.2
1775701017.44,15452.85,931.15,94.3,1002,node,457.41,0.5,1114,docker,383.12,5.3,1231,slack,238.58,2.7,1342,postgres,13.42,26.0,1448,java,102.42,2.5
1775701019.44,15448.75,935.25,94.3,1000,docker,421.5,26.8,1113,chrome,262.29,8.5,1222,spotify,255.65,0.2,1336,firefox,55.38,28.8,1449,chrome,26.81,12.1
1775701021.44,15453.17,930.83,94.3,1009,postgres,333.4,3.6,1114,chrome,354.43,10.9,1223,firefox,41.79,6.6,1335,chrome,123.44,13.3,1444,spotify,135.24,24.8
1775701023.44,15461.92,922.08,94.4,1007,postgres,120.02,25.3,1116,spotify,261.91,12.6,1227,node,75.79,1.5,1339,node,136.43,15.5,1449,docker,51.69,6.6
1775701025.44,15473.91,910.09,94.4,1000,slack,273.83,11.8,1121,java,208.05,1.3,1226,java,146.55,19.5,1337,java,80.51,29.0,1444,node,96.63,23.1
1775701027.44,15483.12,900.88,94.5,1005,slack,587.46,21.8,1115,java,347.63,8.6,1224,chrome,41.09,3.2,1343,spotify,16.49,6.4,1444,code,66.3,10.4
1775701029.44,15469.24,914.76,94.4,1000,spotify,134.07,14.6,1116,chrome,196.16,10.3,1231,python3,114.14,27.1,1340,firefox,162.95,8.4,1445,java,107.13,19.9
1775701031.44,15459.54,924.46,94.4,1010,postgres,793.7,22.0,1121,java,154.67,16.1,1232,slack,224.57,19.2,1335,chrome,39.16,0.1,1452,docker,22.05,0.9
1775701033.44,15464.67,919.33,94.4,1006,postgres,116.29,8.7,1113,docker,68.12,27.2,1229,postgres,100.95,1.9,1337,firefox,121.34,10.7,1452,chrome,17.46,18.8
1775701035.44,15492.04,891.96,94.6,1009,firefox,278.76,5.9,1116,java,366.73,7.6,1229,python3,165.04,6.1,1343,code,19.63,23.5,1444,spotify,88.11,4.8
1775701037.44,15483.86,900.14,94.5,1010,postgres,381.46,4.5,1114,java,27.26,8.9,1229,chrome,212.75,0.4,1335,firefox,44.34,9.7,1447,code,38.23,22.3
1775701039.44,15504.63,879.37,94.6,1002,slack,71.12,17.3,1115,code,209.42,8.0,1222,code,113.76,29.3,1340,spotify,19.28,23.1,1448,slack,34.71,3.4
1775701041.44,15509.92,874.08,94.7,1006,spotify,522.94,3.1,1119,python3,325.51,12.7,1232,firefox,125.18,3.3,1333,java,65.92,8.3,1450,docker,66.4,13.9
1775701043.44,15520.75,863.25,94.7,1005,chrome,466.31,27.7,1111,code,268.29,30.0,1226,node,215.24,24.8,1342,spotify,118.4,10.7,1444,spotify,96.84,5.1
1775701045.44,15520.44,863.56,94.7,1001,postgres,228.81,20.3,1113,firefox,281.3,4.2,1225,python3,251.37,20.2,1341,java,75.75,16.9,1452,code,139.16,16.9
1775701047.44,15522.71,861.29,94.7,1005,python3,447.56,6.2,1120,chrome,343.83,10.2,1222,java,138.91,26.7,1343,slack,54.68,1.6,1452,slack,53.43,3.1
1775701049.44,15508.74,875.26,94.7,1001,spotify,698.8,3.7,1111,firefox,29.76,14.7,1223,spotify,131.22,18.1,1340,postgres,194.67,22.8,1449,postgres,13.67,13.1
1775701051.44,15517.39,866.61,94.7,1004,node,432.38,24.0,1118,node,232.11,9.2,1223,firefox,202.94,11.2,1340,java,126.55,18.0,1451,spotify,34.52,11.3
1775701053.44,15517.99,866.01,94.7,1004,node,416.77,1.3,1121,spotify,54.57,20.0,1222,firefox,118.93,22.9,1343,code,185.74,8.0,1454,node,56.23,0.6
1775701055.44,15508.76,875.24,94.7,1003,python3,761.99,23.4,1118,java,329.0,16.4,1232,java,25.02,10.6,1343,code,121.81,14.1,1444,python3,112.11,5.6
1775701057.44,15512.18,871.82,94.7,1003,docker,237.04,1.4,1114,code,222.07,7.9,1226,code,63.78,25.8,1340,code,163.4,22.5,1446,java,28.65,3.3
1775701059.44,15538.56,845.44,94.8,1002,chrome,383.93,7.7,1119,docker,357.18,22.5,1227,postgres,46.93,24.7,1338,firefox,161.28,12.5,1448,docker,145.41,29.7
1775701061.44,15546.33,837.67,94.9,1009,python3,353.39,6.9,1121,chrome,30.17,26.0,1230,spotify,83.8,16.5,1333,code,68.41,20.0,1451,slack,120.37,26.7
1775701063.44,15550.52,833.48,94.9,1000,slack,447.14,1.4,1121,postgres,361.4,15.2,1231,chrome,204.43,20.1,1337,postgres,190.25,24.2,1446,slack,89.03,5.1
1775701065.44,15561.36,822.64,95.0,1008,docker,213.15,24.3,1114,code,123.22,5.9,1223,slack,38.01,13.5,1335,python3,123.03,6.0,1444,postgres,60.9,19.5
1775701067.44,15884.0,500.0,96.9,1008,node,257.89,3.4,1112,java,132.34,12.4,1231,python3,198.01,5.9,1339,slack,164.35,6.1,1447,docker,107.35,26.6
1775701069.44,15884.0,500.0,96.9,1008,code,322.83,26.9,1121,spotify,94.53,20.7,1230,node,25.21,5.2,1336,java,103.75,12.2,1454,node,46.65,9.3
1775701071.44,15884.0,500.0,96.9,1008,docker,352.75,4.6,1118,postgres,249.19,0.4,1224,java,245.01,20.6,1341,slack,25.8,10.2,1444,node,98.15,12.5
1775701073.44,15876.54,507.46,96.9,1009,node,501.3,16.2,1121,spotify,108.73,22.7,1222,slack,239.86,29.0,1335,docker,133.67,15.5,1448,java,95.83,7.5
1775701075.44,15875.96,508.04,96.9,1006,spotify,437.44,4.5,1113,chrome,189.5,19.0,1230,java,41.45,20.4,1338,java,162.46,20.2,1446,node,159.01,24.5
1775701077.44,15862.96,521.04,96.8,1006,docker,78.06,2.5,1112,python3,235.51,29.9,1226,postgres,126.05,29.8,1335,chrome,197.6,6.0,1450,python3,52.75,13.4
1775701079.44,15876.77,507.23,96.9,1003,docker,458.4,29.3,1117,code,204.87,6.6,1224,docker,131.46,12.2,1339,node,127.1,19.5,1449,code,115.88,12.2
1775701081.44,15860.37,523.63,96.8,1004,code,573.53,17.8,1115,node,384.27,12.5,1225,node,135.57,25.0,1338,java,158.95,27.2,1452,postgres,63.03,10.3
1775701083.44,15853.63,530.37,96.8,1008,firefox,472.14,20.6,1115,firefox,214.41,12.4,1230,slack,244.66,5.8,1337,postgres,114.0,17.0,1446,node,123.79,26.6
1775701085.44,15846.46,537.54,96.7,1002,firefox,674.45,11.7,1121,chrome,83.28,29.6,1230,python3,171.13,23.7,1342,slack,114.98,2.1,1450,code,118.49,28.9
1775701087.44,15856.57,527.43,96.8,1002,spotify,268.81,6.7,1119,chrome,139.01,14.7,1223,python3,125.93,26.8,1341,chrome,108.6,11.3,1449,code,12.28,12.4
1775701089.44,15870.69,513.31,96.9,1000,docker,685.97,22.4,1114,spotify,321.51,20.4,1225,python3,172.29,1.0,1343,docker,161.44,17.6,1446,firefox,145.27,2.0
1775701091.44,15855.8,528.2,96.8,1005,firefox,289.51,9.0,1117,node,262.98,16.7,1222,docker,184.08,22.6,1338,java,23.62,26.7,1449,docker,41.53,21.5
1775701093.44,15859.77,524.23,96.8,1000,chrome,609.78,27.8,1112,java,354.48,24.1,1223,firefox,65.09,2.4,1339,java,16.41,20.8,1448,postgres,114.04,11.3
1775701095.44,15832.87,551.13,96.6,1008,code,270.01,6.9,1117,spotify,390.67,9.8,1227,firefox,82.38,23.6,1339,slack,48.23,23.2,1446,java,13.21,5.8
1775701097.44,15847.51,536.49,96.7,1009,java,491.29,11.3,1111,slack,289.08,25.6,1232,code,145.14,22.7,1341,slack,19.29,3.2,1454,chrome,38.94,29.4
1775701099.44,15835.49,548.51,96.7,1004,firefox,128.97,24.1,1117,code,365.43,26.4,1229,spotify,30.8,4.9,1343,spotify,51.55,0.7,1454,postgres,54.15,28.3
1775701101.44,15845.24,538.76,96.7,1005,firefox,673.55,18.2,1120,chrome,369.89,14.3,1227,java,113.51,25.6,1341,docker,37.08,7.5,1450,node,151.17,10.5
1775701103.44,15850.71,533.29,96.7,1007,code,535.51,11.1,1111,postgres,62.14,12.0,1229,docker,255.27,29.9,1342,firefox,163.35,19.7,1454,node,121.51,21.6
1775701105.44,15872.76,511.24,96.9,1001,spotify,366.26,9.4,1118,spotify,393.18,24.3,1222,spotify,93.1,7.9,1333,python3,113.39,18.7,1448,postgres,40.51,27.8
1775701107.44,15884.0,500.0,96.9,1009,docker,352.76,8.4,1112,node,278.16,11.6,1226,slack,146.89,25.2,1342,spotify,85.78,26.1,1452,docker,87.73,7.0
1775701109.44,15884.0,500.0,96.9,1003,firefox,488.06,22.4,1120,postgres,253.71,20.6,1226,postgres,133.28,5.6,1333,docker,38.32,9.0,1449,python3,82.06,12.4
1775701111.44,15862.7,521.3,96.8,1007,python3,462.21,8.3,1111,docker,144.1,2.7,1231,node,169.4,27.9,1339,chrome,57.36,16.4,1452,chrome,44.26,12.4
1775701113.44,15883.93,500.07,96.9,1008,firefox,451.21,14.4,1111,docker,159.34,3.2,1231,spotify,70.54,24.1,1343,python3,197.21,11.8,1451,spotify,149.55,30.0
1775701115.44,15879.22,504.78,96.9,1010,java,660.85,2.8,1118,docker,50.14,12.1,1228,java,199.45,22.0,1341,java,25.63,27.1,1447,slack,68.85,23.7
1775701117.44,15882.5,501.5,96.9,1006,python3,277.28,24.6,1119,java,138.68,18.3,1228,java,108.23,24.8,1342,docker,97.35,23.3,1447,java,54.54,28.9
1775701119.44,15884.0,500.0,96.9,1009,firefox,265.45,4.0,1121,docker,167.61,1.5,1230,chrome,228.63,21.0,1341,spotify,59.29,7.6,1452,python3,89.9,27.5
1775701121.44,15884.0,500.0,96.9,1006,firefox,69.41,19.0,1117,slack,184.87,12.6,1222,chrome,248.51,18.0,1336,node,29.28,27.2,1446,postgres,12.19,8.2
1775701123.44,15866.33,517.67,96.8,1010,docker,295.29,20.7,1113,docker,183.68,12.5,1223,python3,136.76,24.4,1342,node,163.31,6.8,1449,java,150.8,18.5
1775701125.44,15870.54,513.46,96.9,1005,docker,345.3,11.3,1117,python3,356.59,25.2,1227,chrome,199.51,8.4,1333,node,27.09,9.2,1454,docker,143.16,20.1
1775701127.44,15870.57,513.43,96.9,1002,node,241.72,30.0,1116,firefox,130.54,22.4,1224,chrome,71.76,22.8,1337,java,97.81,5.2,1448,postgres,111.23,2.3
1775701129.44,15849.97,534.03,96.7,1008,spotify,135.89,9.0,1114,firefox,393.28,10.2,1232,postgres,223.05,10.3,1339,python3,168.01,16.0,1450,chrome,84.48,29.7
1775701131.44,15835.04,548.96,96.6,1008,postgres,776.63,13.6,1116,code,116.82,22.9,1222,docker,184.83,18.6,1341,firefox,15.96,21.0,1452,python3,110.48,1.6
1775701133.44,15817.01,566.99,96.5,1005,code,148.35,12.0,1111,java,65.74,18.7,1227,spotify,130.25,19.2,1335,firefox,57.2,0.0,1445,firefox,90.27,11.4
1775701135.44,15847.58,536.42,96.7,1004,postgres,719.03,22.8,1119,chrome,282.98,7.6,1222,chrome,162.78,4.9,1336,code,120.31,28.0,1444,docker,94.03,7.3
1775701137.44,15859.38,524.62,96.8,1000,node,619.25,19.0,1121,node,379.6,22.4,1224,java,52.21,26.8,1343,firefox,156.68,11.0,1449,java,132.84,26.6
1775701139.44,15851.78,532.22,96.8,1006,firefox,599.93,13.3,1114,node,247.86,18.1,1226,node,34.58,17.4,1338,code,194.58,15.1,1449,docker,92.04,15.9
1775701141.44,15865.51,518.49,96.8,1009,firefox,411.72,21.8,1119,node,251.5,15.6,1222,code,156.88,16.9,1338,spotify,173.23,20.4,1448,java,123.38,19.1
1775701143.44,15884.0,500.0,96.9,1004,firefox,701.83,4.7,1116,java,265.12,0.1,1225,python3,128.54,28.2,1343,slack,96.36,15.6,1449,chrome,129.2,16.6
1775701145.44,15884.0,500.0,96.9,1010,python3,84.23,12.0,1120,chrome,357.5,29.4,1225,spotify,21.88,12.0,1337,slack,59.64,29.9,1447,spotify,35.16,4.5
1775701147.44,15884.0,500.0,96.9,1004,chrome,561.55,7.1,1112,spotify,206.42,27.3,1232,spotify,203.92,0.0,1334,python3,23.36,5.9,1450,docker,146.47,18.3
1775701149.44,15884.0,500.0,96.9,1004,python3,719.91,2.5,1121,java,180.67,12.6,1229,code,264.42,14.7,1342,node,77.48,13.3,1450,firefox,30.28,21.0
1775701151.44,15884.0,500.0,96.9,1010,node,58.58,0.2,1117,code,263.33,15.7,1224,code,99.3,29.7,1333,chrome,169.84,14.8,1445,java,141.44,21.3
1775701153.44,15881.72,502.28,96.9,1004,python3,467.16,19.9,1112,java,209.03,6.4,1226,java,225.86,7.6,1337,docker,34.19,11.4,1450,chrome,74.51,28.8
1775701155.44,15884.0,500.0,96.9,1008,slack,714.16,4.9,1115,code,228.77,1.2,1229,python3,218.25,0.8,1343,postgres,100.8,24.3,1452,chrome,118.96,19.7
1775701157.44,15862.31,521.69,96.8,1010,java,605.15,16.2,1116,docker,308.63,13.5,1222,node,218.06,6.7,1343,docker,175.75,9.6,1453,postgres,125.23,27.9
1775701159.44,15870.79,513.21,96.9,1000,spotify,620.71,21.5,1120,node,303.36,28.2,1230,postgres,151.65,25.6,1338,python3,53.23,1.3,1444,postgres,57.37,6.4
1775701161.44,15871.68,512.32,96.9,1002,chrome,640.65,25.5,1111,chrome,82.72,28.6,1229,firefox,101.05,13.4,1336,spotify,93.91,8.7,1445,java,41.62,4.2
1775701163.44,15883.83,500.17,96.9,1002,node,89.52,25.3,1116,slack,86.45,14.2,1224,java,255.83,20.6,1333,slack,156.25,1.6,1448,slack,149.98,25.3
1775701165.44,15871.77,512.23,96.9,1006,code,130.49,23.2,1119,chrome,138.47,21.1,1225,chrome,116.12,9.6,1340,docker,36.29,3.0,1451,code,115.36,15.5
1775701167.44,15884.0,500.0,96.9,1001,docker,799.43,27.0,1114,firefox,73.26,10.0,1228,docker,67.16,19.6,1334,code,14.84,22.9,1450,slack,71.56,19.3
1775701169.44,15878.82,505.18,96.9,1007,node,312.44,18.2,1115,java,230.97,10.1,1232,docker,89.62,5.6,1335,firefox,98.63,27.8,1452,spotify,135.19,19.2
1775701171.44,15884.0,500.0,96.9,1003,spotify,330.45,11.6,1117,chrome,109.21,4.8,1232,node,180.81,22.2,1333,code,62.19,21.7,1453,firefox,116.87,29.0
1775701173.44,15874.31,509.69,96.9,1001,spotify,507.44,11.4,1121,node,77.81,1.7,1226,docker,244.39,4.5,1342,java,26.62,2.7,1454,spotify,156.5,10.3
1775701175.44,15852.07,531.93,96.8,1003,slack,630.17,2.7,1113,spotify,281.31,27.3,1222,java,62.96,22.1,1341,code,72.67,20.9,1450,java,18.04,24.9
1775701177.44,15856.88,527.12,96.8,1005,code,529.18,6.5,1114,postgres,330.88,6.1,1225,firefox,125.45,1.8,1341,docker,95.55,18.9,1447,postgres,83.09,8.8
1775701179.44,15856.87,527.13,96.8,1006,docker,340.73,2.8,1119,docker,304.45,7.2,1231,java,88.18,9.0,1342,node,38.76,15.8,1448,slack,82.45,18.1
1775701181.44,15867.53,516.47,96.8,1010,python3,470.11,17.7,1119,postgres,155.67,15.8,1224,java,51.63,14.3,1336,node,31.64,27.7,1449,slack,24.43,20.1
1775701183.44,15866.57,517.43,96.8,1007,java,787.1,6.7,1111,postgres,324.05,18.7,1226,postgres,246.67,14.0,1338,python3,171.83,3.9,1450,spotify,70.17,23.9
1775701185.44,15875.36,508.64,96.9,1005,code,396.03,7.4,1121,python3,260.87,8.9,1226,docker,23.96,18.8,1338,chrome,129.8,10.6,1451,postgres,112.44,21.3
1775701187.44,15874.55,509.45,96.9,1006,postgres,451.01,15.5,1112,node,229.61,7.5,1224,docker,125.59,14.9,1336,node,78.15,8.6,1446,python3,148.02,10.9
1775701189.44,15867.92,516.08,96.9,1006,chrome,547.52,26.4,1114,postgres,65.46,12.7,1227,postgres,118.51,24.2,1334,code,133.39,17.4,1445,chrome,108.12,8.8
1775701191.44,15884.0,500.0,96.9,1009,code,522.02,24.8,1119,node,377.75,9.4,1226,postgres,156.68,26.9,1333,code,37.75,14.2,1446,docker,156.95,20.9
1775701193.44,15884.0,500.0,96.9,1009,chrome,674.8,2.9,1118,postgres,126.78,17.1,1226,chrome,244.7,0.1,1336,chrome,161.25,29.1,1452,spotify,120.04,5.0
1775701195.44,15878.36,505.64,96.9,1004,code,503.77,22.9,1116,slack,305.82,1.0,1231,node,132.81,7.6,1335,java,132.49,16.7,1446,slack,12.14,5.1
1775701197.44,15866.24,517.76,96.8,1000,chrome,465.82,11.0,1119,chrome,275.92,3.6,1230,slack,144.53,0.2,1336,chrome,12.59,27.8,1451,slack,33.07,29.2
1775701199.44,15863.6,520.4,96.8,1010,python3,639.48,19.7,1121,python3,44.17,22.7,1225,chrome,130.24,1.8,1341,code,181.18,12.7,1446,python3,40.76,21.2
1775701201.44,15830.21,553.79,96.6,1004,code,311.3,29.3,1112,spotify,397.05,1.8,1222,python3,130.25,4.0,1343,python3,168.47,20.8,1448,python3,109.33,12.3
1775701203.44,15839.51,544.49,96.7,1003,postgres,487.81,21.1,1117,node,234.79,23.1,1232,slack,138.5,19.7,1342,firefox,78.34,2.7,1453,python3,125.69,22.4
1775701205.44,15854.64,529.36,96.8,1007,python3,719.17,19.5,1115,java,270.55,19.4,1231,code,238.54,2.4,1342,chrome,78.15,28.8,1452,docker,64.85,0.6
1775701207.44,15851.4,532.6,96.7,1001,postgres,589.68,18.0,1111,spotify,136.62,12.9,1231,firefox,173.47,4.7,1333,python3,99.54,23.4,1452,spotify,112.33,20.7
1775701209.44,15848.82,535.18,96.7,1001,slack,764.29,28.8,1118,python3,217.5,10.1,1230,postgres,150.68,14.5,1342,postgres,20.55,1.3,1446,java,37.58,27.3
1775701211.44,15879.7,504.3,96.9,1008,chrome,785.04,14.8,1113,chrome,335.59,16.7,1232,chrome,105.54,24.1,1334,spotify,181.9,8.6,1447,firefox,76.95,20.6
1775701213.44,15870.29,513.71,96.9,1005,java,425.16,21.1,1119,postgres,184.13,18.0,1222,chrome,42.65,20.8,1341,code,36.45,6.3,1446,postgres,115.56,8.8
1775701215.44,15854.9,529.1,96.8,1007,chrome,53.5,29.2,1116,code,239.56,1.2,1232,docker,242.7,9.2,1337,java,21.99,28.2,1451,docker,144.63,25.1
1775701217.44,15839.99,544.01,96.7,1000,slack,209.47,13.2,1121,slack,251.21,28.3,1223,chrome,25.91,20.7,1339,node,62.57,13.8,1454,code,85.73,24.6
1775701219.44,15838.46,545.54,96.7,1010,python3,167.67,0.5,1120,docker,353.36,13.7,1225,java,264.83,23.2,1335,slack,171.68,11.3,1451,firefox,119.15,10.4
1775701221.44,15832.84,551.16,96.6,1008,firefox,68.35,28.7,1117,postgres,394.66,15.0,1230,python3,181.13,9.3,1341,docker,33.42,1.3,1444,python3,61.51,7.8
1775701223.44,15848.34,535.66,96.7,1003,node,264.29,18.7,1116,python3,244.36,19.1,1230,postgres,88.62,0.2,1334,postgres,82.23,9.9,1450,node,124.77,14.5
1775701225.44,15820.84,563.16,96.6,1008,code,492.9,19.4,1114,slack,266.85,25.7,1227,spotify,103.73,16.9,1335,python3,120.29,28.2,1454,node,46.92,27.9
1775701227.44,15837.34,546.66,96.7,1010,spotify,395.2,28.9,1118,code,55.37,0.2,1223,java,127.04,23.5,1337,node,83.57,24.9,1452,spotify,155.81,26.0
1775701229.44,15819.11,564.89,96.6,1003,java,480.08,8.1,1115,spotify,102.06,19.1,1229,java,190.98,15.5,1342,node,146.62,12.5,1450,code,115.09,15.8
1775701231.44,15818.61,565.39,96.5,1004,firefox,442.63,1.7,1115,node,55.49,18.5,1232,firefox,57.31,2.0,1340,spotify,150.51,19.2,1444,firefox,39.06,1.9
1775701233.44,15823.64,560.36,96.6,1004,chrome,154.96,18.8,1119,postgres,372.41,18.6,1230,docker,122.53,9.6,1342,code,132.57,12.5,1445,node,15.21,15.6
1775701235.44,15825.55,558.45,96.6,1008,node,311.42,27.6,1112,python3,301.22,22.9,1226,firefox,162.42,5.2,1335,firefox,142.44,1.7,1446,postgres,62.13,25.1
1775701237.44,15833.72,550.28,96.6,1007,postgres,628.6,10.0,1115,spotify,72.09,24.6,1225,python3,140.62,1.6,1336,code,99.63,19.0,1444,python3,88.7,2.2
1775701239.44,15665.29,718.71,95.6,1007,java,224.31,8.9,1114,node,129.94,12.5,1224,java,259.29,6.2,1338,java,64.57,21.3,1454,python3,98.86,16.4
1775701241.44,15671.23,712.77,95.6,1005,code,251.74,19.2,1114,firefox,345.42,2.9,1224,node,183.8,27.7,1338,chrome,61.86,22.3,1454,postgres,90.4,5.1
1775701243.44,15671.82,712.18,95.7,1002,node,300.35,19.7,1113,python3,121.18,26.7,1227,node,28.03,12.2,1334,code,198.76,18.4,1444,postgres,64.84,15.9
1775701245.44,15660.42,723.58,95.6,1004,chrome,429.94,1.1,1116,java,235.9,27.1,1232,node,71.4,11.0,1338,java,57.47,11.1,1452,code,88.87,4.6
1775701247.44,15652.14,731.86,95.5,1009,docker,272.82,23.7,1120,slack,40.88,26.2,1227,docker,194.53,6.3,1336,slack,13.12,18.7,1446,java,104.45,0.0
1775701249.44,15653.23,730.77,95.5,1005,chrome,126.94,24.2,1111,firefox,179.64,25.2,1227,firefox,145.62,23.0,1343,chrome,133.54,9.7,1450,spotify,84.53,23.7
1775701251.44,15653.41,730.59,95.5,1003,python3,267.1,1.3,1114,chrome,47.97,7.2,1223,spotify,42.93,1.1,1339,spotify,100.5,25.4,1447,java,123.82,10.2
1775701253.44,15675.21,708.79,95.7,1002,chrome,781.93,4.6,1117,code,75.09,4.3,1224,slack,119.46,25.7,1334,postgres,12.87,23.1,1454,postgres,149.48,8.9
1775701255.44,15687.9,696.1,95.8,1002,python3,265.43,0.7,1114,python3,315.25,1.7,1222,code,64.34,13.4,1342,python3,114.61,20.2,1448,node,59.94,19.2
1775701257.44,15700.0,684.0,95.8,1003,python3,503.12,29.2,1112,docker,399.03,5.5,1226,slack,85.37,22.1,1339,postgres,23.0,23.0,1453,docker,78.76,28.0
1775701259.44,15685.46,698.54,95.7,1004,chrome,463.87,0.0,1118,chrome,249.03,11.8,1225,java,30.35,14.6,1336,code,147.75,10.0,1451,python3,73.21,14.7
1775701261.44,15711.38,672.62,95.9,1004,firefox,658.74,20.1,1120,docker,290.39,25.9,1225,slack,198.24,5.5,1337,node,189.94,4.7,1448,java,34.93,4.8
1775701263.44,15702.73,681.27,95.8,1008,node,197.6,21.6,1112,node,212.54,27.8,1224,python3,71.03,18.0,1333,java,39.6,20.4,1453,postgres,147.91,24.5
1775701265.44,15727.91,656.09,96.0,1001,python3,283.62,27.7,1113,spotify,395.26,7.5,1227,java,127.36,0.8,1343,spotify,53.85,21.2,1454,firefox,15.19,12.4
1775701267.44,15736.31,647.69,96.0,1003,node,532.04,13.8,1112,firefox,371.18,25.8,1230,node,68.47,15.7,1341,spotify,80.98,18.7,1453,chrome,61.05,22.9
1775701269.44,15716.66,667.34,95.9,1009,firefox,94.4,21.0,1113,firefox,328.23,14.3,1225,python3,201.93,20.4,1333,chrome,102.89,16.8,1445,slack,75.36,24.4
1775701271.44,15706.94,677.06,95.9,1010,docker,263.85,21.6,1116,python3,303.68,2.9,1230,node,201.65,28.6,1339,firefox,20.25,19.1,1450,spotify,30.46,25.2
1775701273.44,15409.39,974.61,94.1,1002,firefox,652.14,19.1,1115,code,323.49,22.4,1222,firefox,105.44,12.3,1343,postgres,195.96,4.3,1454,java,76.85,26.9
1775701275.44,15420.75,963.25,94.1,1009,postgres,762.25,22.2,1120,java,138.33,1.1,1225,java,222.04,5.1,1337,firefox,154.95,29.4,1446,chrome,74.53,8.1
1775701277.44,15421.31,962.69,94.1,1004,node,273.78,1.8,1121,node,204.42,10.4,1226,node,215.39,1.3,1334,firefox,139.22,28.1,1452,node,107.58,0.9
1775701279.44,15412.87,971.13,94.1,1003,code,610.58,5.6,1116,python3,301.61,23.1,1226,spotify,127.72,13.1,1340,chrome,94.04,19.5,1454,java,53.57,4.9
1775701281.44,15384.86,999.14,93.9,1010,chrome,395.15,2.4,1111,code,299.94,3.3,1226,postgres,147.59,0.3,1339,spotify,132.53,28.3,1445,code,120.83,14.5
1775701283.44,15405.21,978.79,94.0,1000,postgres,242.13,2.1,1111,chrome,189.75,21.0,1223,postgres,246.05,5.2,1333,postgres,119.08,6.2,1450,postgres,18.49,7.9
1775701285.44,15410.95,973.05,94.1,1010,node,106.28,24.0,1116,chrome,106.39,10.9,1230,slack,130.59,9.5,1339,java,15.39,12.9,1449,code,50.09,7.9
1775701287.44,15416.92,967.08,94.1,1005,java,65.76,10.5,1115,python3,374.25,14.2,1232,python3,32.93,23.4,1341,java,34.04,28.9,1445,code,21.89,21.3
1775701289.44,15430.14,953.86,94.2,1005,spotify,194.61,3.4,1117,code,267.68,12.7,1227,chrome,174.62,28.6,1340,python3,190.07,10.4,1445,chrome,84.52,15.0
1775701291.44,15453.73,930.27,94.3,1007,python3,291.43,1.0,1121,postgres,145.33,21.7,1224,postgres,248.27,16.5,1339,chrome,151.19,12.9,1453,python3,57.64,28.4
1775701293.44,15461.78,922.22,94.4,1009,spotify,481.32,23.5,1120,code,378.97,21.2,1226,chrome,23.1,17.9,1343,slack,33.92,25.0,1453,docker,151.22,3.3
1775701295.44,15449.78,934.22,94.3,1010,python3,437.26,13.4,1115,code,150.79,17.7,1226,spotify,54.17,10.7,1343,node,68.35,9.9,1444,python3,70.78,7.8
1775701297.44,15457.12,926.88,94.3,1009,java,679.89,26.8,1119,code,354.52,1.1,1223,python3,158.05,21.9,1340,python3,166.1,5.7,1450,docker,80.61,18.5
1775701299.44,15469.24,914.76,94.4,1007,slack,99.99,14.8,1119,python3,119.29,1.6,1231,node,174.93,2.5,1336,node,151.7,2.9,1449,docker,96.45,1.6
1775701301.44,15476.24,907.76,94.5,1006,python3,62.11,13.4,1113,spotify,329.33,9.8,1223,python3,112.01,25.3,1339,chrome,177.8,16.9,1450,spotify,73.49,3.3
1775701303.44,15488.72,895.28,94.5,1008,postgres,51.23,7.2,1111,spotify,92.7,19.7,1229,java,241.21,6.5,1339,chrome,157.72,12.5,1447,node,132.43,17.9
1775701305.44,15495.34,888.66,94.6,1007,java,56.44,21.5,1116,chrome,222.3,0.8,1222,firefox,224.54,1.5,1342,chrome,115.32,1.3,1454,spotify,38.02,1.4
1775701307.44,15496.7,887.3,94.6,1000,firefox,787.65,28.9,1117,postgres,141.86,2.3,1231,postgres,210.38,25.3,1337,node,90.83,11.8,1449,chrome,114.87,17.9
1775701309.44,15499.11,884.89,94.6,1001,spotify,138.24,18.9,1112,postgres,254.24,16.1,1228,docker,147.14,18.3,1336,python3,169.55,2.8,1451,postgres,94.52,28.7
1775701311.44,15481.44,902.56,94.5,1007,java,379.16,11.1,1121,chrome,129.65,24.8,1227,node,201.12,3.2,1340,firefox,133.37,19.9,1446,python3,103.12,1.6
1775701313.44,15456.54,927.46,94.3,1009,chrome,209.68,14.9,1119,java,190.79,10.8,1228,docker,254.55,25.6,1338,code,179.11,7.4,1454,docker,52.67,18.0
1775701315.44,15173.02,1210.98,92.6,1000,docker,459.27,22.9,1111,node,209.72,2.7,1222,code,17.43,19.0,1333,slack,41.04,7.2,1445,java,11.44,20.6
1775701317.44,15191.8,1192.2,92.7,1005,code,714.97,12.0,1120,chrome,212.01,11.9,1226,postgres,240.62,1.4,1336,spotify,66.67,20.1,1450,code,75.13,19.4
1775701319.44,15196.61,1187.39,92.8,1007,docker,149.18,3.1,1116,postgres,317.7,23.7,1222,python3,197.71,0.6,1335,slack,134.32,25.5,1450,firefox,118.15,17.5
1775701321.44,15218.1,1165.9,92.9,1008,java,727.42,26.2,1120,spotify,361.62,25.5,1232,spotify,129.11,8.2,1336,spotify,193.14,16.0,1446,node,91.16,16.7
1775701323.44,15206.86,1177.14,92.8,1004,postgres,241.26,22.0,1114,docker,364.0,11.3,1232,chrome,171.79,25.4,1341,firefox,94.69,6.7,1451,spotify,55.89,11.8
1775701325.44,15212.99,1171.01,92.9,1009,chrome,59.77,8.6,1120,python3,265.86,16.1,1227,python3,228.4,8.9,1343,code,72.0,23.7,1446,code,123.32,12.8
1775701327.44,15037.82,1346.18,91.8,1009,java,83.17,0.6,1117,firefox,214.63,18.7,1230,python3,193.09,3.9,1338,java,80.1,3.9,1453,node,93.52,9.9
1775701329.44,15030.23,1353.77,91.7,1004,firefox,63.32,7.0,1120,slack,174.78,15.8,1225,postgres,110.92,28.5,1339,spotify,154.15,15.7,1448,postgres,101.07,11.7
1775701331.44,15000.53,1383.47,91.6,1006,firefox,791.16,5.5,1119,node,349.67,10.3,1225,chrome,136.51,14.0,1342,code,128.37,23.9,1452,docker,87.46,28.3
1775701333.44,15007.56,1376.44,91.6,1003,node,747.43,8.3,1116,code,92.26,15.8,1231,postgres,103.43,22.6,1341,node,49.87,14.9,1452,code,55.65,14.7
1775701335.44,15012.28,1371.72,91.6,1005,chrome,393.39,27.4,1114,slack,341.56,1.4,1225,spotify,105.55,20.2,1343,chrome,95.62,12.8,1451,firefox,60.11,1.0
1775701337.44,14997.29,1386.71,91.5,1010,java,584.73,19.6,1117,docker,103.37,29.9,1223,postgres,61.86,7.6,1337,code,199.08,22.9,1445,java,120.19,4.5
1775701339.44,15035.72,1348.28,91.8,1001,postgres,431.23,23.1,1113,postgres,269.72,12.5,1230,firefox,35.47,15.8,1340,firefox,152.11,14.2,1444,java,20.25,26.1
1775701341.44,15033.24,1350.76,91.8,1009,java,279.93,26.9,1111,chrome,334.45,17.6,1227,java,185.82,23.7,1343,firefox,186.35,19.6,1450,python3,76.92,7.5
1775701343.44,15039.39,1344.61,91.8,1007,docker,336.82,7.8,1113,node,136.62,29.9,1223,postgres,102.8,26.6,1340,postgres,136.0,0.2,1446,slack,107.12,4.9
1775701345.44,15052.85,1331.15,91.9,1005,python3,477.55,27.4,1117,docker,160.73,5.4,1227,postgres,101.93,24.7,1333,node,158.58,17.5,1452,spotify,47.02,13.5
1775701347.44,15030.76,1353.24,91.7,1006,postgres,521.29,5.1,1121,chrome,346.01,7.9,1222,firefox,80.93,7.8,1339,firefox,107.06,21.3,1447,spotify,109.24,23.0
1775701349.44,15034.41,1349.59,91.8,1007,java,629.38,26.2,1113,docker,48.41,25.7,1230,slack,99.46,21.7,1341,docker,24.27,26.3,1452,node,50.71,29.2
1775701351.44,15034.91,1349.09,91.8,1002,spotify,514.91,19.9,1114,slack,144.22,8.1,1224,postgres,31.84,18.5,1337,slack,155.87,9.0,1450,slack,88.77,21.1
1775701353.44,15053.27,1330.73,91.9,1000,slack,584.13,12.0,1115,python3,207.86,9.2,1229,code,44.52,13.4,1340,node,102.58,28.3,1445,firefox,143.39,3.7
1775701355.44,15042.25,1341.75,91.8,1007,node,333.56,14.2,1112,node,303.27,21.7,1225,code,89.61,21.0,1336,code,119.22,25.3,1450,java,72.31,23.2
1775701357.44,15051.2,1332.8,91.9,1009,slack,442.04,17.3,1117,docker,354.96,11.8,1223,slack,51.32,9.4,1342,python3,36.12,14.8,1454,slack,73.54,1.3
1775701359.44,15059.78,1324.22,91.9,1007,code,528.4,15.6,1120,firefox,197.6,4.2,1229,slack,109.32,5.2,1338,python3,124.56,1.7,1444,spotify,38.37,22.8
1775701361.44,15064.85,1319.15,91.9,1004,docker,674.23,24.5,1112,code,154.7,9.4,1224,python3,253.82,16.7,1342,firefox,28.3,2.8,1453,chrome,77.64,0.8
1775701363.44,15083.11,1300.89,92.1,1010,spotify,198.06,26.1,1114,code,322.51,11.7,1226,firefox,77.61,5.9,1339,postgres,42.75,9.7,1444,node,154.15,7.3
1775701365.44,15077.01,1306.99,92.0,1001,chrome,125.17,10.1,1115,java,194.18,23.1,1231,code,89.73,17.7,1342,firefox,171.7,22.9,1451,docker,16.34,2.9
1775701367.44,14841.99,1542.01,90.6,1010,python3,327.27,5.9,1111,code,362.11,24.0,1225,firefox,93.32,11.7,1336,java,176.52,18.5,1452,node,75.54,13.0
1775701369.44,14818.68,1565.32,90.4,1004,spotify,430.82,3.5,1121,java,374.07,5.8,1224,java,231.53,22.8,1342,python3,131.33,11.3,1444,postgres,31.09,29.8
1775701371.44,14835.23,1548.77,90.5,1002,code,117.18,24.9,1115,docker,123.49,6.4,1232,firefox,29.2,18.1,1340,slack,181.19,1.8,1453,node,85.4,4.0
1775701373.44,15148.21,1235.79,92.5,1009,spotify,428.96,17.6,1120,chrome,64.32,26.7,1232,firefox,172.09,28.2,1340,java,27.24,16.8,1444,java,86.93,28.5
1775701375.44,15156.09,1227.91,92.5,1000,chrome,698.32,9.8,1115,java,220.3,2.4,1225,code,221.69,27.1,1336,node,90.55,27.5,1451,postgres,39.4,3.1
1775701377.44,15164.02,1219.98,92.6,1005,spotify,523.52,19.7,1120,python3,241.72,22.8,1229,spotify,200.52,3.2,1339,spotify,162.37,1.4,1445,node,66.89,2.0
1775701379.44,15161.25,1222.75,92.5,1009,python3,63.55,25.2,1116,spotify,138.49,19.0,1228,chrome,241.93,29.7,1334,java,167.09,0.4,1445,firefox,144.08,24.7
1775701381.44,15422.72,961.28,94.1,1003,spotify,274.54,19.0,1114,postgres,360.57,14.8,1224,chrome,17.41,17.5,1333,code,82.18,10.0,1454,chrome,63.82,5.4
1775701383.44,15449.2,934.8,94.3,1002,postgres,557.87,29.9,1119,slack,267.57,20.7,1230,chrome,232.7,9.0,1342,docker,20.6,12.4,1452,firefox,58.41,29.4
1775701385.44,15464.06,919.94,94.4,1004,chrome,682.54,26.8,1121,docker,308.77,20.2,1226,code,36.8,19.2,1336,firefox,49.82,2.9,1444,node,86.96,23.3
1775701387.44,15475.17,908.83,94.5,1006,docker,380.46,0.8,1121,firefox,83.19,29.5,1227,slack,229.29,11.4,1333,postgres,142.82,5.7,1448,python3,98.49,1.0
1775701389.44,15483.52,900.48,94.5,1005,slack,671.33,9.7,1119,node,253.28,24.6,1230,chrome,64.6,0.7,1340,docker,51.15,2.5,1444,firefox,155.07,23.7
1775701391.44,15464.14,919.86,94.4,1004,slack,316.08,20.8,1118,postgres,220.19,28.4,1223,node,80.75,0.7,1342,firefox,142.13,3.5,1448,chrome,57.91,22.3
1775701393.44,15455.94,928.06,94.3,1007,chrome,51.77,29.1,1119,firefox,139.16,19.7,1224,node,183.03,15.2,1334,chrome,176.5,17.5,1454,firefox,34.81,9.8
1775701395.44,15454.6,929.4,94.3,1002,firefox,681.4,12.9,1115,postgres,62.92,4.7,1231,slack,128.03,1.9,1333,spotify,48.27,3.9,1449,python3,98.32,3.2
1775701397.44,15459.47,924.53,94.4,1008,node,168.16,22.5,1111,spotify,177.33,10.3,1224,java,220.01,4.0,1339,java,199.29,16.9,1452,code,147.53,25.4
1775701399.44,15455.05,928.95,94.3,1002,node,214.44,20.9,1112,java,195.53,24.8,1227,firefox,173.08,11.7,1340,node,47.52,16.5,1454,node,68.23,9.2
1775701401.44,15453.95,930.05,94.3,1008,chrome,612.48,7.9,1120,chrome,142.67,6.0,1232,spotify,211.34,0.4,1342,firefox,13.89,22.9,1448,python3,88.71,2.1
1775701403.44,15468.7,915.3,94.4,1005,docker,418.88,2.6,1119,docker,94.38,8.6,1223,chrome,224.84,11.2,1334,firefox,151.47,27.2,1453,slack,122.16,22.5
1775701405.44,15482.87,901.13,94.5,1005,firefox,175.6,12.7,1114,firefox,77.71,2.9,1225,python3,154.59,4.2,1341,docker,186.16,20.1,1453,slack,18.96,4.9
1775701407.44,15492.13,891.87,94.6,1010,docker,791.74,11.5,1112,node,294.62,4.4,1226,firefox,226.92,15.5,1334,node,32.5,10.9,1450,python3,118.25,6.8
1775701409.44,15500.6,883.4,94.6,1000,chrome,136.68,6.3,1115,java,138.39,9.2,1223,postgres,78.75,19.3,1341,chrome,193.35,11.1,1454,spotify,30.71,4.0
1775701411.44,15533.49,850.51,94.8,1010,python3,370.57,22.2,1120,docker,174.81,28.1,1229,spotify,162.59,29.0,1340,python3,78.41,20.2,1450,postgres,21.68,6.4
1775701413.44,15552.15,831.85,94.9,1009,java,388.78,21.0,1117,node,106.66,12.3,1222,chrome,127.39,27.3,1342,postgres,106.08,1.4,1449,python3,29.22,2.9
1775701415.44,15556.11,827.89,94.9,1007,chrome,599.17,4.3,1116,spotify,296.87,7.1,1224,node,207.66,2.6,1337,node,52.29,12.2,1445,java,157.73,22.2
1775701417.44,15542.48,841.52,94.9,1006,spotify,414.92,14.6,1112,spotify,398.5,24.2,1231,firefox,241.05,23.8,1334,firefox,105.14,27.1,1446,node,97.43,27.4
1775701419.44,15529.55,854.45,94.8,1005,slack,350.49,5.5,1115,python3,103.84,26.1,1226,firefox,215.91,16.1,1337,java,151.39,25.5,1451,code,131.87,13.9
1775701421.44,15518.83,865.17,94.7,1005,docker,520.3,2.0,1118,slack,121.81,9.2,1222,chrome,55.7,14.6,1337,slack,125.45,5.1,1448,node,76.23,24.8
1775701423.44,15516.83,867.17,94.7,1000,postgres,282.17,22.7,1118,code,69.82,15.7,1228,code,148.19,22.2,1340,node,67.97,13.4,1448,spotify,72.64,29.2
1775701425.44,15518.39,865.61,94.7,1003,code,530.44,24.9,1119,code,144.12,14.9,1226,code,221.53,23.7,1337,firefox,76.91,13.1,1451,chrome,118.58,18.0
1775701427.44,15506.28,877.72,94.6,1007,chrome,674.32,18.9,1116,firefox,388.27,0.8,1222,code,137.9,3.1,1337,code,40.88,5.2,1449,spotify,36.31,19.1
1775701429.44,15491.67,892.33,94.6,1004,chrome,325.05,10.3,1121,python3,147.44,25.1,1229,docker,88.85,16.0,1339,firefox,41.75,19.5,1448,python3,123.89,22.5
1775701431.44,15485.46,898.54,94.5,1008,python3,636.58,0.7,1113,chrome,128.2,0.1,1226,spotify,118.12,13.7,1339,firefox,41.82,1.9,1454,code,118.63,15.4
1775701433.44,15469.55,914.45,94.4,1002,firefox,75.16,17.2,1113,code,300.54,10.3,1231,node,213.97,1.8,1333,java,149.05,1.3,1453,java,146.56,3.4
1775701435.44,15482.12,901.88,94.5,1008,slack,240.06,20.1,1113,node,173.85,17.4,1226,code,42.54,22.3,1333,python3,18.72,17.1,1451,java,122.01,8.9
1775701437.44,15499.16,884.84,94.6,1005,code,572.39,24.9,1116,code,250.86,14.2,1224,spotify,118.6,10.1,1339,firefox,56.44,28.5,1454,node,50.57,5.3
1775701439.44,15496.58,887.42,94.6,1004,node,109.0,20.5,1118,docker,88.14,4.3,1229,postgres,171.14,28.5,1338,slack,118.7,22.0,1451,postgres,34.66,21.8
1775701441.44,15515.94,868.06,94.7,1010,docker,550.76,15.9,1114,slack,311.12,15.5,1223,code,32.6,6.2,1343,firefox,44.77,28.0,1446,node,89.44,10.9
1775701443.44,15521.92,862.08,94.7,1007,docker,301.57,8.1,1119,chrome,174.07,7.3,1224,postgres,86.33,20.4,1339,slack,59.44,1.0,1445,python3,72.72,11.9
1775701445.44,15523.8,860.2,94.7,1003,node,544.02,17.1,1111,python3,70.29,26.5,1232,java,36.02,11.6,1333,postgres,101.3,11.4,1444,python3,154.77,25.7
1775701447.44,15512.94,871.06,94.7,1005,postgres,270.32,17.6,1111,postgres,99.4,13.9,1222,python3,171.15,12.4,1333,firefox,14.49,9.6,1446,node,152.4,24.5
1775701449.44,15527.29,856.71,94.8,1006,chrome,270.58,22.8,1116,code,56.89,17.8,1228,firefox,204.85,22.0,1335,python3,138.74,14.6,1445,code,21.54,14.7
1775701451.44,15528.24,855.76,94.8,1009,python3,561.18,5.4,1120,code,177.03,8.7,1224,python3,49.35,25.4,1335,firefox,58.77,7.7,1452,docker,59.55,25.8
1775701453.44,15545.26,838.74,94.9,1007,python3,169.91,7.8,1116,slack,361.8,15.6,1225,java,124.89,15.0,1341,node,56.54,19.9,1444,slack,40.15,24.4
1775701455.44,15544.59,839.41,94.9,1006,code,313.76,19.0,1113,java,180.49,12.2,1232,slack,22.57,28.3,1340,spotify,81.73,10.1,1444,chrome,17.42,24.3
1775701457.44,15532.8,851.2,94.8,1010,chrome,260.69,26.2,1120,python3,235.12,7.0,1225,docker,217.1,7.9,1343,code,52.98,14.2,1451,python3,84.82,17.1
1775701459.44,15536.62,847.38,94.8,1010,java,792.02,21.1,1120,postgres,352.76,9.8,1224,docker,222.47,22.2,1335,spotify,58.7,21.9,1447,java,119.64,26.2
1775701461.44,15530.8,853.2,94.8,1002,slack,114.1,29.8,1116,spotify,213.38,18.9,1232,java,246.71,19.9,1333,spotify,162.39,24.6,1444,spotify,90.14,21.7
1775701463.44,15532.68,851.32,94.8,1003,java,592.38,13.1,1115,postgres,148.49,3.8,1229,firefox,167.24,4.1,1340,node,161.99,20.7,1451,python3,37.81,4.4
1775701465.44,15550.92,833.08,94.9,1001,java,513.87,17.4,1113,spotify,374.63,13.3,1227,code,38.0,20.0,1338,code,91.64,16.4,1446,postgres,134.99,23.5
1775701467.44,15505.22,878.78,94.6,1009,java,369.57,21.6,1116,docker,146.39,4.5,1231,java,115.45,9.1,1340,code,195.53,2.8,1445,node,146.89,4.0
1775701469.44,15516.37,867.63,94.7,1001,slack,247.32,12.0,1116,chrome,315.73,28.1,1228,spotify,190.43,25.7,1338,code,194.36,13.7,1450,firefox,63.28,18.6
1775701471.44,15519.03,864.97,94.7,1009,java,798.64,12.4,1118,java,48.04,5.5,1225,java,85.35,9.2,1342,firefox,141.18,25.4,1447,docker,109.99,22.1
1775701473.44,15528.87,855.13,94.8,1001,java,166.5,5.9,1118,docker,201.02,8.1,1226,python3,61.94,3.0,1335,postgres,37.1,19.4,1453,docker,38.77,15.4
1775701475.44,15552.72,831.28,94.9,1010,spotify,71.19,7.0,1118,node,63.98,9.8,1222,python3,164.4,11.0,1336,slack,73.8,15.2,1447,node,35.24,3.0
1775701477.44,15552.11,831.89,94.9,1003,firefox,537.64,22.0,1121,postgres,398.58,2.0,1229,code,168.03,28.9,1334,java,55.67,24.2,1449,postgres,76.94,2.6
1775701479.44,15564.31,819.69,95.0,1003,node,752.59,19.0,1113,firefox,138.51,14.5,1228,slack,159.53,4.2,1343,python3,18.61,27.7,1446,spotify,151.99,17.8
1775701481.44,15564.7,819.3,95.0,1008,postgres,309.93,3.6,1119,java,239.84,20.6,1223,spotify,182.62,15.4,1334,java,151.92,11.1,1448,spotify,100.76,3.2
1775701483.44,15553.61,830.39,94.9,1006,firefox,124.86,6.5,1119,java,66.62,6.7,1229,postgres,228.84,2.5,1334,java,167.38,9.6,1447,node,77.9,0.6
1775701485.44,15556.46,827.54,94.9,1001,python3,423.62,7.8,1111,java,252.05,27.4,1227,node,217.81,5.2,1340,slack,165.37,17.8,1444,java,103.27,13.5
1775701487.44,15532.29,851.71,94.8,1002,chrome,254.64,16.6,1113,spotify,98.27,18.5,1223,java,238.88,16.6,1343,docker,71.29,20.7,1452,java,113.54,14.7
1775701489.44,15533.08,850.92,94.8,1002,firefox,308.39,26.3,1118,firefox,147.33,0.0,1228,code,125.28,8.8,1336,slack,171.06,27.1,1448,chrome,44.0,26.2
1775701491.44,15566.93,817.07,95.0,1005,postgres,309.27,12.5,1120,chrome,243.2,2.7,1224,firefox,250.1,22.6,1342,firefox,86.06,12.3,1444,node,86.42,19.4
1775701493.44,15582.83,801.17,95.1,1003,python3,513.31,29.8,1118,slack,106.07,24.7,1226,node,250.04,16.1,1343,firefox,128.3,3.2,1453,docker,142.31,14.0
1775701495.44,15606.6,777.4,95.3,1006,spotify,161.02,10.0,1121,postgres,109.97,20.8,1225,java,117.98,15.1,1334,code,99.02,3.5,1450,firefox,139.18,29.0
1775701497.44,15595.2,788.8,95.2,1004,firefox,655.09,12.7,1120,slack,255.75,15.1,1232,python3,168.4,16.1,1336,chrome,126.26,21.9,1446,slack,60.03,20.8
1775701499.44,15618.77,765.23,95.3,1003,spotify,274.4,6.6,1115,spotify,289.31,7.9,1223,firefox,79.77,21.7,1333,spotify,87.76,25.3,1446,postgres,146.47,16.5
1775701501.44,15637.98,746.02,95.4,1005,python3,608.45,20.8,1121,docker,396.93,23.7,1225,firefox,79.54,13.9,1339,node,21.87,13.6,1454,docker,95.55,18.2
1775701503.44,15635.26,748.74,95.4,1000,spotify,71.12,21.1,1116,code,258.05,8.5,1229,python3,223.31,29.0,1337,java,31.73,21.8,1448,code,116.82,1.9
1775701505.44,15645.95,738.05,95.5,1002,firefox,116.03,21.0,1120,chrome,26.64,17.6,1227,chrome,32.67,22.1,1337,docker,60.63,20.2,1451,python3,102.54,1.6
1775701507.44,15651.09,732.91,95.5,1002,node,411.19,5.6,1120,chrome,119.67,28.8,1229,firefox,136.69,23.1,1338,java,186.55,8.5,1446,java,44.78,6.3
1775701509.44,15677.93,706.07,95.7,1004,java,306.99,17.1,1111,node,292.35,16.8,1222,slack,51.14,2.7,1333,code,91.67,1.5,1454,postgres,109.22,22.2
1775701511.44,15671.37,712.63,95.7,1005,spotify,232.31,29.9,1112,docker,281.07,22.2,1232,node,67.64,21.5,1343,node,187.87,21.3,1444,docker,26.65,21.6
1775701513.44,15697.55,686.45,95.8,1001,java,552.9,26.5,1121,node,238.37,28.8,1223,slack,248.82,13.8,1343,slack,33.78,2.5,1444,slack,130.36,27.9
1775701515.44,15733.46,650.54,96.0,1008,slack,230.75,12.0,1120,docker,366.19,23.1,1224,firefox,129.1,26.5,1336,firefox,91.83,8.1,1445,code,100.86,20.4
1775701517.44,15716.82,667.18,95.9,1006,node,493.88,17.0,1117,python3,139.81,0.5,1224,node,142.22,7.9,1342,python3,23.3,2.1,1454,firefox,103.46,7.8
1775701519.44,15863.84,520.16,96.8,1010,chrome,541.17,18.7,1116,docker,76.91,26.8,1231,node,170.38,7.1,1343,code,17.1,25.5,1451,node,43.03,27.6
1775701521.44,15872.25,511.75,96.9,1004,slack,552.38,25.8,1115,spotify,170.95,15.6,1231,python3,75.53,16.7,1341,firefox,148.35,22.2,1444,code,10.24,27.7
1775701523.44,15884.0,500.0,96.9,1010,firefox,558.91,9.1,1115,slack,343.46,14.7,1224,chrome,128.31,1.7,1334,slack,172.9,14.0,1447,python3,35.51,21.7
1775701525.44,15873.71,510.29,96.9,1004,spotify,753.65,15.9,1120,code,34.77,29.5,1224,chrome,189.45,3.2,1333,node,132.48,3.9,1445,chrome,158.09,27.3
1775701527.44,15880.16,503.84,96.9,1009,firefox,663.16,13.4,1116,code,83.41,6.4,1222,chrome,140.13,18.2,1343,node,51.47,0.7,1446,python3,62.34,14.0
1775701529.44,15856.9,527.1,96.8,1002,docker,264.25,4.8,1114,node,138.59,17.3,1227,slack,60.94,18.7,1338,java,188.14,11.9,1445,spotify,153.16,17.9
1775701531.44,15871.62,512.38,96.9,1000,spotify,722.13,17.0,1115,code,306.51,15.0,1225,docker,123.57,5.9,1340,slack,182.58,29.4,1446,firefox,154.2,28.1
1775701533.44,15875.83,508.17,96.9,1007,java,363.27,10.7,1121,firefox,278.87,14.6,1222,firefox,46.07,12.2,1338,chrome,86.81,18.0,1453,java,148.51,25.9
1775701535.44,15864.41,519.59,96.8,1010,chrome,284.76,4.1,1116,java,213.65,0.1,1224,java,82.25,28.7,1340,spotify,79.46,25.4,1452,chrome,127.77,9.0
1775701537.44,15843.97,540.03,96.7,1003,slack,578.09,24.6,1113,slack,164.23,21.5,1223,java,52.22,13.9,1333,python3,17.68,18.4,1446,firefox,36.22,5.5
1775701539.44,15863.69,520.31,96.8,1000,python3,485.64,20.2,1115,postgres,287.48,11.5,1224,docker,111.17,9.7,1334,postgres,108.41,7.9,1451,code,57.27,2.9
1775701541.44,15849.21,534.79,96.7,1008,spotify,230.3,29.5,1116,node,361.59,29.7,1225,firefox,141.72,19.8,1342,spotify,130.12,18.1,1453,code,74.99,10.4
1775701543.44,15819.44,564.56,96.6,1010,spotify,584.23,4.3,1119,docker,269.6,9.7,1224,chrome,159.5,1.3,1341,code,105.6,9.1,1453,docker,47.41,1.9
1775701545.44,15849.8,534.2,96.7,1000,spotify,457.09,21.5,1111,firefox,276.04,8.5,1227,spotify,204.65,19.1,1334,spotify,135.2,27.0,1448,chrome,14.2,21.1
1775701547.44,15867.52,516.48,96.8,1008,node,246.29,20.2,1115,firefox,250.16,8.2,1223,chrome,195.69,4.9,1343,slack,182.16,24.4,1452,python3,91.8,27.8
1775701549.44,15860.05,523.95,96.8,1007,python3,293.32,1.0,1116,postgres,69.79,29.8,1223,spotify,28.71,6.2,1338,docker,154.84,29.4,1451,spotify,159.3,19.7
1775701551.44,15869.13,514.87,96.9,1006,code,731.14,12.7,1115,code,104.22,11.0,1223,python3,220.95,7.9,1341,node,83.73,18.0,1449,spotify,134.47,16.1
1775701553.44,15880.58,503.42,96.9,1009,python3,714.65,12.5,1121,code,332.73,11.7,1232,postgres,166.17,13.0,1333,slack,133.44,14.9,1445,chrome,11.62,21.3
1775701555.44,15884.0,500.0,96.9,1002,chrome,742.17,22.9,1115,firefox,397.26,21.3,1228,spotify,44.09,28.5,1340,node,144.48,18.0,1447,slack,61.91,19.0
1775701557.44,15877.51,506.49,96.9,1004,spotify,569.53,7.3,1119,docker,358.97,15.9,1222,code,156.96,2.7,1343,code,35.0,6.9,1451,spotify,58.87,20.1
1775701559.44,15884.0,500.0,96.9,1004,node,174.82,2.4,1118,chrome,275.94,26.3,1223,python3,139.08,14.6,1342,java,57.5,22.4,1451,spotify,106.88,25.3
1775701561.44,15884.0,500.0,96.9,1000,slack,753.68,5.4,1111,postgres,130.72,8.8,1225,firefox,44.72,14.7,1341,code,90.38,7.7,1449,docker,26.71,22.8
1775701563.44,15876.83,507.17,96.9,1010,firefox,793.72,17.7,1111,python3,216.7,4.9,1226,code,141.31,21.2,1341,node,172.22,23.6,1447,docker,83.83,8.3
1775701565.44,15878.83,505.17,96.9,1005,docker,480.48,10.0,1121,code,211.76,6.7,1227,slack,45.47,12.3,1335,python3,21.29,18.8,1449,python3,101.98,27.8
1775701567.44,15884.0,500.0,96.9,1005,postgres,353.03,2.4,1117,docker,28.26,1.6,1224,chrome,145.21,28.4,1335,postgres,14.35,25.2,1454,java,74.91,21.6
1775701569.44,15871.89,512.11,96.9,1009,python3,137.2,20.9,1116,chrome,262.37,3.0,1225,postgres,80.74,18.2,1341,spotify,73.67,17.7,1453,code,136.28,15.8
1775701571.44,15857.58,526.42,96.8,1009,postgres,316.98,20.1,1120,postgres,300.73,13.2,1227,postgres,133.22,4.4,1333,postgres,104.28,23.6,1448,python3,111.83,13.4
1775701573.44,15605.69,778.31,95.2,1006,firefox,125.67,8.5,1115,postgres,182.74,24.0,1229,postgres,145.87,23.9,1338,python3,71.95,21.1,1452,slack,90.12,23.9
1775701575.44,15616.53,767.47,95.3,1000,slack,507.78,26.9,1115,node,392.95,14.3,1230,postgres,55.48,7.1,1342,code,54.46,13.1,1453,spotify,152.26,10.2
1775701577.44,15598.6,785.4,95.2,1002,docker,603.36,30.0,1115,python3,86.21,3.5,1227,chrome,195.81,25.6,1343,node,64.07,2.9,1448,docker,30.62,6.9
1775701579.44,15597.6,786.4,95.2,1002,chrome,383.41,27.4,1120,docker,154.58,24.7,1222,chrome,230.64,7.1,1336,spotify,184.44,18.1,1454,slack,145.4,28.1
1775701581.44,15609.49,774.51,95.3,1008,firefox,737.05,5.7,1121,docker,162.14,20.5,1230,python3,259.0,28.3,1335,code,111.4,8.4,1449,code,119.09,16.7
1775701583.44,15648.29,735.71,95.5,1009,slack,779.93,20.0,1119,code,366.97,24.0,1231,spotify,84.23,16.8,1340,slack,56.59,4.0,1454,chrome,71.76,5.7
1775701585.44,15639.88,744.12,95.5,1005,node,658.07,5.9,1115,spotify,278.95,21.4,1231,docker,48.57,0.4,1333,spotify,139.06,6.5,1448,python3,51.55,5.9
1775701587.44,15625.64,758.36,95.4,1000,chrome,509.68,2.4,1118,node,66.85,5.8,1224,postgres,178.65,0.1,1341,docker,155.92,5.1,1448,docker,85.41,25.2
1775701589.44,15625.31,758.69,95.4,1002,firefox,421.82,24.3,1120,java,375.45,29.5,1222,python3,92.49,3.3,1341,python3,100.77,4.9,1448,postgres,107.72,10.8
1775701591.44,15593.98,790.02,95.2,1009,spotify,521.38,2.3,1113,slack,103.94,2.7,1231,docker,139.92,17.3,1334,java,88.57,25.6,1444,code,141.88,1.4
1775701593.44,15587.73,796.27,95.1,1007,java,94.32,20.0,1113,node,61.49,4.1,1229,firefox,39.69,29.5,1333,node,84.86,12.3,1452,firefox,80.72,9.4
1775701595.44,15599.27,784.73,95.2,1007,node,461.52,25.7,1118,code,304.41,16.4,1227,slack,35.3,11.7,1333,python3,32.59,17.8,1445,slack,33.84,12.2
1775701597.44,15618.68,765.32,95.3,1001,python3,496.82,15.6,1111,node,383.14,21.6,1222,python3,111.83,7.0,1333,firefox,19.45,23.5,1454,postgres,93.55,28.0
1775701599.44,15619.3,764.7,95.3,1002,spotify,169.8,8.4,1117,firefox,382.65,22.7,1232,postgres,140.24,6.7,1334,java,125.36,8.9,1449,spotify,152.83,1.6
1775701601.44,15613.76,770.24,95.3,1004,python3,674.76,6.1,1113,postgres,188.87,13.6,1228,python3,58.51,27.3,1340,java,26.35,9.1,1451,spotify,11.78,24.1
1775701603.44,15623.35,760.65,95.4,1002,python3,270.68,22.7,1111,firefox,249.01,12.8,1224,firefox,88.91,13.5,1333,java,63.47,14.5,1453,java,16.0,19.4
1775701605.44,15619.63,764.37,95.3,1003,code,131.4,1.4,1116,java,342.2,7.0,1231,spotify,109.3,27.8,1334,firefox,64.99,5.5,1444,code,62.09,20.3
1775701607.44,15646.34,737.66,95.5,1007,spotify,781.8,1.8,1119,java,339.15,0.8,1230,node,101.27,21.5,1338,firefox,197.38,19.3,1447,java,49.13,7.9
1775701609.44,15635.43,748.57,95.4,1007,postgres,149.74,22.0,1113,spotify,267.99,1.7,1226,node,112.81,5.0,1340,firefox,88.17,7.7,1451,slack,59.17,24.2
1775701611.44,15632.43,751.57,95.4,1010,java,730.55,14.4,1113,firefox,112.21,22.8,1223,firefox,149.15,16.3,1339,docker,110.46,23.3,1453,postgres,65.97,3.2
1775701613.44,15654.47,729.53,95.5,1002,postgres,359.55,2.1,1121,spotify,256.34,4.6,1227,python3,70.76,27.0,1333,chrome,148.22,21.8,1453,firefox,140.27,19.2
1775701615.44,15651.18,732.82,95.5,1008,docker,313.15,1.7,1114,python3,40.58,21.5,1228,code,71.98,18.9,1334,postgres,70.96,12.2,1445,spotify,153.67,4.7
1775701617.44,15617.18,766.82,95.3,1003,java,419.8,15.9,1111,java,238.11,21.6,1224,slack,239.78,8.0,1334,code,98.01,25.0,1444,node,152.44,14.5
1775701619.44,15604.04,779.96,95.2,1004,java,675.13,17.7,1119,docker,203.53,20.9,1229,node,259.44,3.2,1339,spotify,161.5,13.4,1453,python3,83.55,12.4
1775701621.44,15610.8,773.2,95.3,1010,docker,402.99,1.5,1120,docker,45.64,15.4,1224,firefox,174.1,20.7,1339,java,151.94,2.1,1444,java,24.06,15.8
1775701623.44,15614.6,769.4,95.3,1007,chrome,54.85,1.9,1111,code,27.31,4.5,1224,python3,197.89,5.1,1339,slack,167.89,26.2,1453,chrome,57.79,25.3
1775701625.44,15650.18,733.82,95.5,1008,code,600.45,17.0,1115,spotify,66.96,23.5,1229,java,170.67,27.0,1334,chrome,169.77,3.3,1453,postgres,21.9,23.7
1775701627.44,15660.24,723.76,95.6,1003,python3,468.98,22.3,1116,code,237.78,7.7,1224,spotify,250.89,15.2,1339,code,93.62,4.4,1445,docker,12.96,23.5
1775701629.44,15667.14,716.86,95.6,1006,firefox,295.13,29.2,1115,python3,362.89,2.5,1230,python3,245.65,25.0,1337,slack,21.95,20.9,1449,spotify,135.57,9.9
1775701631.44,15659.05,724.95,95.6,1002,postgres,538.14,4.1,1114,node,386.82,5.4,1223,docker,174.01,8.6,1340,docker,189.32,25.3,1447,python3,10.36,0.5
1775701633.44,15670.15,713.85,95.6,1003,code,633.61,12.5,1117,docker,130.03,15.5,1224,python3,144.24,14.7,1333,docker,183.5,18.4,1444,postgres,101.82,6.9
1775701635.44,15678.11,705.89,95.7,1006,java,700.22,22.7,1117,python3,237.87,0.9,1224,spotify,228.92,28.4,1337,spotify,124.67,27.2,1454,chrome,48.55,21.4
1775701637.44,15691.72,692.28,95.8,1004,firefox,528.46,25.5,1115,java,154.06,13.9,1223,node,188.63,27.0,1340,code,77.11,7.6,1451,slack,121.96,6.4
1775701639.44,15705.06,678.94,95.9,1007,node,159.52,23.5,1113,docker,312.82,12.8,1227,postgres,205.71,16.0,1337,python3,106.18,9.2,1453,postgres,157.12,20.7
1775701641.44,15700.92,683.08,95.8,1000,chrome,166.49,3.0,1115,node,169.28,9.8,1231,postgres,106.44,27.5,1341,slack,44.79,29.4,1446,node,55.85,28.7
1775701643.44,15713.46,670.54,95.9,1006,java,436.02,4.9,1113,slack,249.5,22.0,1228,firefox,209.26,20.1,1337,spotify,181.56,4.5,1444,node,136.19,18.4
1775701645.44,15726.02,657.98,96.0,1006,code,644.25,2.3,1116,docker,205.68,0.2,1226,code,45.47,2.4,1341,code,131.88,25.1,1447,code,63.05,18.3
1775701647.44,15728.55,655.45,96.0,1005,slack,396.99,21.7,1117,firefox,39.64,23.3,1228,node,241.26,13.5,1343,firefox,16.75,26.6,1453,python3,28.12,24.1
1775701649.44,15751.17,632.83,96.1,1000,chrome,533.35,25.6,1115,node,30.67,4.2,1229,node,51.25,0.4,1339,firefox,86.93,8.7,1451,java,104.28,16.6
1775701651.44,15762.27,621.73,96.2,1006,node,750.68,26.1,1118,java,301.22,20.8,1223,code,94.02,2.4,1333,docker,76.19,25.8,1452,docker,158.88,8.3
1775701653.44,15760.59,623.41,96.2,1004,python3,493.94,0.9,1117,postgres,298.95,26.7,1226,node,143.22,6.1,1341,code,89.94,9.0,1446,slack,118.94,25.0
1775701655.44,15804.01,579.99,96.5,1005,slack,263.29,14.2,1114,slack,321.43,8.8,1227,python3,215.78,28.5,1340,python3,134.69,10.0,1453,docker,146.87,16.7
1775701657.44,15798.54,585.46,96.4,1005,postgres,69.79,19.5,1115,python3,70.79,0.3,1226,spotify,169.44,3.6,1340,docker,111.26,24.0,1449,node,94.88,25.1
1775701659.44,15796.0,588.0,96.4,1009,slack,335.21,28.0,1117,spotify,91.27,23.5,1225,spotify,101.27,7.2,1333,chrome,152.39,18.9,1446,firefox,120.73,28.3
1775701661.44,15773.83,610.17,96.3,1006,node,390.82,24.7,1121,node,64.57,24.5,1224,postgres,107.2,21.6,1340,chrome,35.56,30.0,1445,code,76.74,3.7
1775701663.44,15759.6,624.4,96.2,1008,node,358.44,26.7,1120,python3,71.62,2.6,1228,spotify,93.92,6.6,1340,slack,101.67,13.7,1445,node,58.55,20.5
1775701665.44,15751.3,632.7,96.1,1009,code,734.74,27.4,1115,slack,361.23,23.3,1224,firefox,124.97,21.6,1340,node,127.05,23.6,1447,node,138.34,12.9
1775701667.44,15564.91,819.09,95.0,1002,slack,365.52,16.0,1118,slack,134.97,20.0,1229,docker,99.3,9.4,1339,docker,160.66,1.4,1453,docker,139.2,22.5
1775701669.44,15550.35,833.65,94.9,1010,python3,797.61,16.4,1117,slack,148.61,25.8,1226,code,121.76,24.6,1336,node,31.13,27.2,1445,firefox,67.23,19.1
1775701671.44,15575.16,808.84,95.1,1000,python3,340.13,25.3,1112,slack,40.48,21.5,1232,chrome,195.61,22.5,1339,node,44.33,20.5,1445,slack,58.8,5.2
1775701673.44,15572.27,811.73,95.0,1003,chrome,677.39,22.0,1114,spotify,218.34,13.1,1232,postgres,144.46,20.4,1337,postgres,185.7,6.0,1444,docker,106.86,23.5
1775701675.44,15571.11,812.89,95.0,1007,docker,401.66,8.7,1121,postgres,362.01,24.7,1227,code,142.02,2.9,1336,node,154.58,26.6,1447,node,115.87,5.9
1775701677.44,15561.47,822.53,95.0,1006,java,706.07,13.6,1111,python3,335.23,26.0,1222,docker,196.43,11.5,1339,chrome,188.06,17.3,1454,firefox,12.89,28.1
1775701679.44,15585.16,798.84,95.1,1000,java,434.67,12.3,1116,node,75.98,22.9,1226,docker,84.45,3.2,1337,code,46.37,8.2,1454,postgres,39.32,13.1
1775701681.44,15581.59,802.41,95.1,1006,chrome,55.34,26.5,1119,python3,27.9,15.4,1223,java,174.71,15.9,1341,code,123.58,21.3,1453,python3,81.51,17.0
1775701683.44,15612.32,771.68,95.3,1003,slack,680.76,3.2,1120,slack,204.2,18.1,1223,java,99.78,2.9,1341,code,99.75,10.9,1450,chrome,25.38,1.0
1775701685.44,15591.27,792.73,95.2,1002,python3,358.62,9.2,1112,firefox,73.26,15.5,1225,python3,144.26,27.2,1339,java,75.69,22.5,1451,docker,40.14,6.2
1775701687.44,15590.78,793.22,95.2,1007,postgres,477.02,3.5,1116,python3,292.45,23.8,1229,java,216.69,23.5,1338,firefox,128.16,28.6,1450,firefox,19.39,25.8
1775701689.44,15602.75,781.25,95.2,1005,code,337.53,17.9,1118,python3,200.8,23.0,1226,slack,189.97,12.4,1341,code,175.33,29.6,1447,postgres,28.22,23.5
1775701691.44,15596.07,787.93,95.2,1006,chrome,585.21,9.3,1120,java,342.08,28.8,1229,firefox,128.13,19.4,1337,java,143.72,9.1,1448,slack,31.36,15.5
1775701693.44,15635.3,748.7,95.4,1010,python3,129.3,3.8,1116,firefox,216.29,28.2,1229,postgres,222.02,27.0,1338,chrome,53.36,2.0,1445,node,56.55,20.0
1775701695.44,15606.89,777.11,95.3,1010,java,292.41,12.5,1120,java,283.65,6.6,1229,postgres,89.96,26.5,1334,node,70.24,5.0,1447,slack,135.38,27.7
1775701697.44,15611.25,772.75,95.3,1006,firefox,632.4,24.8,1113,spotify,298.88,29.3,1231,docker,122.06,11.5,1339,python3,190.48,23.2,1450,docker,104.77,26.0
1775701699.44,15602.51,781.49,95.2,1006,docker,691.22,14.6,1115,postgres,342.59,1.0,1232,slack,79.65,17.6,1334,code,109.96,29.6,1444,chrome,42.68,27.5
1775701701.44,15601.64,782.36,95.2,1008,python3,408.02,20.5,1118,node,282.81,27.6,1222,node,36.6,0.3,1339,java,65.27,13.1,1449,code,136.38,15.0
1775701703.44,15624.76,759.24,95.4,1008,docker,587.11,19.3,1118,slack,230.92,29.6,1227,slack,173.1,21.8,1342,firefox,99.73,17.4,1445,code,53.84,18.0
1775701705.44,15590.18,793.82,95.2,1010,spotify,90.62,11.3,1113,node,264.48,17.1,1227,code,21.85,25.8,1336,python3,155.36,20.1,1450,java,88.03,12.8
1775701707.44,15602.6,781.4,95.2,1009,slack,276.25,0.5,1114,python3,378.27,28.2,1227,chrome,177.04,29.9,1338,python3,61.54,2.9,1446,chrome,120.15,29.9
1775701709.44,15600.34,783.66,95.2,1002,spotify,261.67,11.2,1117,chrome,118.27,29.7,1231,java,232.39,2.1,1333,slack,63.21,29.2,1454,spotify,34.69,21.6
1775701711.44,15607.56,776.44,95.3,1005,node,441.13,12.7,1118,java,51.2,20.8,1231,docker,119.46,11.3,1334,node,75.36,18.9,1450,code,158.95,21.6
1775701713.44,15617.58,766.42,95.3,1008,node,562.97,9.1,1121,spotify,350.42,21.4,1227,node,261.63,2.0,1333,chrome,109.96,10.0,1444,postgres,17.16,23.4
1775701715.44,15619.4,764.6,95.3,1010,docker,74.01,12.1,1115,python3,356.67,23.9,1225,node,36.07,9.0,1343,python3,70.87,8.8,1454,docker,28.59,15.4
1775701717.44,15646.25,737.75,95.5,1007,docker,504.16,27.8,1115,python3,385.68,19.3,1224,code,25.43,3.1,1335,docker,179.81,16.3,1446,code,116.28,26.8
1775701719.44,15630.62,753.38,95.4,1000,docker,562.89,12.7,1112,node,78.91,20.6,1232,postgres,163.36,24.5,1342,java,143.58,29.2,1449,code,101.55,11.8
1775701721.44,15621.07,762.93,95.3,1005,slack,726.3,13.0,1119,java,86.09,23.1,1225,docker,144.55,20.9,1340,docker,30.6,26.5,1451,code,36.69,17.3
1775701723.44,15624.91,759.09,95.4,1010,spotify,640.8,14.8,1118,chrome,274.7,22.6,1229,chrome,17.03,5.1,1340,spotify,174.09,23.2,1448,postgres,60.53,13.3
1775701725.44,15639.74,744.26,95.5,1000,node,504.83,14.9,1121,chrome,182.52,23.5,1226,java,241.19,10.2,1342,postgres,150.84,2.6,1452,java,91.42,22.0
1775701727.44,15641.42,742.58,95.5,1008,docker,572.72,18.1,1114,python3,27.89,21.7,1224,python3,111.19,25.8,1339,slack,100.78,19.4,1447,docker,65.06,29.1
1775701729.44,15642.52,741.48,95.5,1005,docker,578.88,26.9,1116,node,26.6,4.3,1228,postgres,67.95,27.3,1334,node,36.68,5.2,1451,firefox,12.86,2.3
1775701731.44,15627.56,756.44,95.4,1003,firefox,598.19,0.1,1115,firefox,163.7,22.2,1232,docker,74.77,8.6,1342,python3,136.16,12.7,1446,python3,131.19,7.6
1775701733.44,15629.01,754.99,95.4,1010,slack,94.54,28.9,1111,chrome,79.18,9.5,1230,java,84.88,18.9,1343,spotify,57.37,18.1,1450,spotify,81.75,7.3
1775701735.44,15631.82,752.18,95.4,1010,node,616.89,18.4,1114,node,214.55,21.7,1230,docker,221.4,16.6,1336,slack,147.45,12.0,1453,slack,32.45,15.4
1775701737.44,15644.22,739.78,95.5,1008,code,733.29,11.4,1113,python3,118.55,1.1,1232,spotify,225.12,19.0,1336,docker,114.39,14.7,1454,firefox,29.96,17.4
1775701739.44,15644.04,739.96,95.5,1008,postgres,742.69,17.9,1111,node,373.59,27.9,1224,spotify,243.84,23.4,1338,chrome,113.97,13.9,1446,java,109.4,13.0
1775701741.44,15615.14,768.86,95.3,1007,slack,690.03,28.9,1121,node,287.96,14.5,1230,code,262.49,1.4,1343,spotify,94.6,27.2,1452,spotify,144.2,6.8
1775701743.44,15610.64,773.36,95.3,1007,postgres,82.18,12.7,1115,python3,170.47,1.7,1225,node,54.52,29.5,1340,docker,47.71,10.5,1452,slack,51.06,18.2
1775701745.44,15591.97,792.03,95.2,1002,spotify,275.86,12.0,1116,docker,93.43,14.0,1225,spotify,154.35,14.3,1335,java,136.35,15.7,1444,chrome,79.76,16.6
1775701747.44,15576.01,807.99,95.1,1003,slack,536.25,20.8,1119,chrome,35.13,18.7,1231,slack,123.85,27.0,1342,python3,159.52,29.3,1454,firefox,113.51,27.9
1775701749.44,15589.28,794.72,95.1,1007,node,308.56,18.2,1116,postgres,109.63,8.6,1227,node,264.52,25.2,1342,spotify,85.95,21.5,1451,docker,118.24,17.2
1775701751.44,15596.36,787.64,95.2,1002,python3,156.04,12.9,1117,code,308.58,9.7,1225,node,254.12,0.3,1340,chrome,37.96,23.3,1444,docker,136.36,24.1
1775701753.44,15619.28,764.72,95.3,1009,node,692.29,20.8,1116,code,119.55,7.2,1230,java,178.94,20.3,1334,java,109.2,26.2,1446,chrome,84.69,26.2
1775701755.44,15619.56,764.44,95.3,1009,code,763.2,11.0,1116,spotify,107.14,17.6,1232,python3,232.9,26.0,1337,firefox,79.24,13.1,1446,node,37.22,2.9
1775701757.44,15621.14,762.86,95.3,1001,node,516.43,23.2,1120,firefox,270.98,27.3,1228,spotify,166.59,6.3,1333,node,115.93,9.5,1453,firefox,98.09,1.2
1775701759.44,15884.0,500.0,96.9,1010,java,498.3,21.3,1111,java,333.33,6.3,1223,code,218.62,15.6,1340,postgres,20.19,24.2,1454,code,19.58,24.8
1775701761.44,15884.0,500.0,96.9,1008,python3,101.94,9.4,1119,docker,358.44,24.2,1231,spotify,206.09,26.7,1339,python3,107.25,28.9,1447,chrome,127.12,5.6
1775701763.44,15883.73,500.27,96.9,1001,slack,319.38,9.6,1111,slack,375.88,22.3,1231,code,54.11,12.3,1337,slack,78.85,30.0,1453,java,58.89,18.4
1775701765.44,15868.2,515.8,96.9,1009,node,457.71,28.2,1117,firefox,396.27,13.8,1231,python3,242.78,19.2,1333,firefox,60.03,13.7,1452,docker,15.54,12.0
1775701767.44,15864.56,519.44,96.8,1000,firefox,344.37,0.2,1121,postgres,127.08,11.7,1223,firefox,19.29,2.9,1343,node,184.43,1.6,1450,firefox,138.96,13.0
1775701769.44,15884.0,500.0,96.9,1009,chrome,675.82,25.6,1121,firefox,286.09,12.8,1229,slack,239.49,6.4,1340,spotify,143.66,7.5,1445,spotify,56.26,8.0
1775701771.44,15884.0,500.0,96.9,1009,chrome,578.71,9.8,1113,code,285.21,23.0,1231,java,218.67,0.5,1334,chrome,38.39,12.7,1448,docker,20.69,22.9
1775701773.44,15884.0,500.0,96.9,1001,code,105.7,19.0,1111,python3,188.82,12.5,1232,python3,75.31,13.5,1343,slack,32.95,6.6,1447,chrome,101.81,29.5
1775701775.44,15879.31,504.69,96.9,1005,python3,237.42,16.0,1111,node,140.76,6.5,1225,python3,145.41,7.9,1335,firefox,90.66,12.1,1452,java,72.09,15.9
1775701777.44,15881.18,502.82,96.9,1000,firefox,730.56,17.3,1116,node,229.18,9.8,1227,chrome,244.88,25.6,1337,node,140.86,29.6,1449,docker,91.07,16.8
1775701779.44,15845.72,538.28,96.7,1009,postgres,514.42,21.7,1112,postgres,354.97,29.4,1223,firefox,184.09,25.3,1334,postgres,63.33,12.2,1453,spotify,61.17,3.3
1775701781.44,15849.16,534.84,96.7,1006,python3,733.02,11.7,1119,slack,160.76,25.7,1227,firefox,75.4,26.2,1343,java,53.72,27.9,1451,java,75.03,18.1
1775701783.44,15852.24,531.76,96.8,1000,python3,547.03,8.3,1113,node,360.27,16.8,1228,python3,62.8,12.9,1337,slack,171.18,18.4,1445,slack,107.22,2.9
1775701785.44,15847.95,536.05,96.7,1005,slack,755.36,19.8,1114,node,57.51,10.8,1232,node,35.97,29.4,1338,java,33.82,3.3,1451,chrome,34.58,15.2
1775701787.44,15856.16,527.84,96.8,1007,spotify,641.54,13.4,1113,node,313.68,26.7,1223,docker,207.58,2.3,1339,slack,42.59,5.1,1452,slack,61.17,28.4
1775701789.44,15884.0,500.0,96.9,1003,firefox,572.16,20.4,1115,chrome,222.9,9.2,1226,chrome,232.98,5.9,1340,python3,120.26,12.6,1451,firefox,71.1,13.2
1775701791.44,15883.97,500.03,96.9,1000,java,143.53,26.9,1115,postgres,81.0,3.7,1230,chrome,166.0,7.8,1338,code,122.19,28.5,1446,postgres,25.67,27.7
1775701793.44,15870.42,513.58,96.9,1001,java,683.67,2.6,1118,chrome,359.03,19.5,1228,postgres,168.38,3.5,1337,firefox,52.31,7.4,1449,python3,13.01,24.6
1775701795.44,15871.37,512.63,96.9,1006,code,334.7,28.4,1112,firefox,355.41,6.8,1229,java,240.56,15.5,1333,spotify,29.12,8.0,1454,docker,86.02,0.5
1775701797.44,15880.99,503.01,96.9,1010,postgres,727.71,3.0,1120,firefox,61.99,17.5,1232,firefox,98.39,23.2,1341,docker,173.28,11.5,1444,docker,36.23,11.8
1775701799.44,15883.59,500.41,96.9,1008,chrome,451.32,7.2,1119,slack,356.84,11.5,1230,postgres,149.03,25.7,1335,node,134.78,0.7,1453,spotify,14.72,27.8
1775701801.44,15884.0,500.0,96.9,1000,node,66.42,0.2,1121,chrome,123.14,21.4,1223,spotify,170.34,15.3,1341,docker,55.77,1.6,1446,docker,105.72,11.3
1775701803.44,15862.95,521.05,96.8,1007,python3,174.75,23.5,1114,java,254.92,9.7,1226,node,53.2,19.5,1333,firefox,122.21,7.8,1447,firefox,41.63,25.3
1775701805.44,15878.22,505.78,96.9,1009,node,89.32,23.8,1116,node,385.52,16.9,1225,postgres,227.53,2.9,1343,firefox,164.25,17.6,1448,python3,73.12,19.0
1775701807.44,15884.0,500.0,96.9,1009,slack,516.61,13.8,1118,postgres,355.93,21.0,1223,postgres,180.35,7.3,1339,postgres,29.59,2.1,1453,code,115.18,13.0
1775701809.44,15865.44,518.56,96.8,1002,firefox,743.16,26.6,1113,java,40.27,12.4,1230,spotify,181.39,5.0,1341,postgres,50.68,25.5,1453,spotify,38.14,19.4
1775701811.44,15879.25,504.75,96.9,1005,slack,473.92,4.7,1112,docker,129.52,14.6,1224,spotify,84.36,13.4,1338,java,81.17,3.1,1452,slack,110.98,18.5
1775701813.44,15873.56,510.44,96.9,1006,java,310.29,13.6,1114,code,300.7,2.3,1224,code,78.01,19.3,1341,docker,79.33,6.3,1454,postgres,36.78,9.0
1775701815.44,15884.0,500.0,96.9,1005,postgres,556.92,22.7,1118,postgres,236.46,15.8,1232,node,171.27,26.6,1336,slack,142.46,10.9,1449,postgres,42.27,18.7
1775701817.44,15884.0,500.0,96.9,1002,code,313.98,14.7,1121,postgres,321.16,12.6,1222,java,254.88,21.7,1343,spotify,164.22,22.0,1446,postgres,80.53,28.9
1775701819.44,15884.0,500.0,96.9,1001,chrome,459.16,19.9,1112,chrome,325.31,24.6,1224,python3,239.21,21.5,1336,spotify,75.92,10.9,1446,code,139.02,12.5
1775701821.44,15878.2,505.8,96.9,1004,code,246.32,3.8,1113,java,332.06,18.8,1228,python3,45.11,7.9,1336,docker,32.45,19.4,1448,firefox,28.7,18.5
1775701823.44,15879.88,504.12,96.9,1007,slack,425.03,1.0,1112,code,264.58,22.8,1223,node,61.32,16.1,1335,node,182.44,21.2,1450,node,60.65,23.8
1775701825.44,15862.7,521.3,96.8,1009,node,114.92,26.3,1116,docker,56.07,13.6,1224,node,192.47,3.0,1337,firefox,75.98,13.6,1452,docker,75.56,23.3
1775701827.44,15613.01,770.99,95.3,1003,firefox,372.13,0.7,1121,spotify,112.27,18.7,1231,slack,125.06,18.2,1334,spotify,148.3,0.4,1452,java,84.32,17.1
1775701829.44,15600.1,783.9,95.2,1001,spotify,798.64,3.7,1121,spotify,133.9,29.1,1232,docker,84.88,3.5,1336,code,124.74,19.9,1444,python3,53.36,10.9
1775701831.44,15614.64,769.36,95.3,1005,slack,620.39,27.2,1118,node,149.96,6.1,1229,chrome,49.31,23.3,1342,spotify,87.84,28.9,1452,java,131.39,28.1
1775701833.44,15604.22,779.78,95.2,1001,java,171.17,2.0,1121,java,157.95,25.4,1223,postgres,191.86,7.6,1340,node,160.07,28.0,1449,postgres,122.36,2.3
1775701835.44,15620.18,763.82,95.3,1001,chrome,749.18,20.4,1121,python3,197.86,17.2,1222,slack,246.83,16.4,1342,firefox,115.25,18.3,1453,node,158.3,26.0
1775701837.44,15618.93,765.07,95.3,1009,postgres,626.86,5.0,1112,python3,154.61,26.1,1230,java,28.01,4.2,1333,spotify,180.38,3.2,1444,postgres,17.16,17.2
1775701839.44,15632.18,751.82,95.4,1009,spotify,136.58,3.7,1115,code,134.43,10.7,1222,slack,103.83,20.0,1336,postgres,102.35,8.2,1446,spotify,113.21,27.3
1775701841.44,15636.85,747.15,95.4,1006,postgres,389.18,9.6,1115,node,287.26,22.2,1224,postgres,101.81,18.0,1339,chrome,171.36,3.8,1444,slack,153.15,13.6
1775701843.44,15627.86,756.14,95.4,1005,node,746.82,21.0,1117,slack,269.25,22.5,1224,docker,215.04,28.4,1339,slack,173.03,0.6,1445,slack,107.13,3.1
1775701845.44,15645.22,738.78,95.5,1004,python3,634.51,16.1,1120,docker,25.6,0.2,1229,spotify,193.15,18.2,1343,node,79.62,27.4,1454,firefox,103.41,2.2
1775701847.44,15668.92,715.08,95.6,1001,docker,91.16,20.1,1116,node,114.72,18.0,1222,slack,113.99,9.3,1343,node,100.2,14.4,1449,slack,79.11,23.1
1775701849.44,15673.2,710.8,95.7,1005,node,230.09,0.7,1114,python3,151.25,11.5,1228,postgres,127.93,7.5,1334,node,185.74,7.1,1445,firefox,23.72,12.4
1775701851.44,15681.49,702.51,95.7,1008,postgres,168.41,12.4,1117,node,57.59,9.1,1225,chrome,164.92,25.0,1333,node,132.88,19.6,1448,spotify,27.62,2.3
1775701853.44,15692.98,691.02,95.8,1006,java,422.1,6.2,1115,java,355.63,21.2,1227,code,203.39,9.0,1335,python3,109.07,19.2,1447,python3,142.2,20.6
1775701855.44,15675.86,708.14,95.7,1005,python3,667.9,17.9,1120,spotify,104.4,7.7,1228,firefox,260.05,13.7,1341,node,199.72,6.6,1446,code,110.35,14.9
1775701857.44,15884.0,500.0,96.9,1001,python3,197.21,20.8,1121,code,146.3,1.2,1226,postgres,261.66,15.1,1333,docker,179.37,0.4,1450,node,31.26,19.0
1775701859.44,15884.0,500.0,96.9,1009,code,239.52,26.0,1121,firefox,72.01,28.5,1232,java,66.92,27.9,1337,python3,99.59,4.6,1445,python3,146.68,12.2
1775701861.44,15884.0,500.0,96.9,1007,java,432.25,28.3,1118,spotify,383.59,14.4,1226,java,136.5,25.7,1335,java,124.22,12.3,1447,chrome,143.85,2.7
1775701863.44,15878.72,505.28,96.9,1007,spotify,631.16,22.1,1119,python3,329.42,24.9,1222,python3,176.91,12.5,1340,code,125.57,11.5,1448,spotify,52.47,2.8
1775701865.44,15873.6,510.4,96.9,1001,java,604.26,23.9,1119,postgres,243.69,9.8,1224,java,23.98,12.6,1335,python3,194.5,13.8,1449,java,20.74,23.4
1775701867.44,15873.93,510.07,96.9,1006,java,102.45,28.1,1120,python3,257.74,5.7,1227,docker,148.62,1.4,1341,slack,75.31,26.6,1450,spotify,12.24,1.6
1775701869.44,15868.72,515.28,96.9,1007,code,108.76,1.5,1118,node,34.19,25.3,1224,node,234.98,18.8,1338,spotify,168.57,21.1,1445,python3,98.88,4.6
1775701871.44,15846.29,537.71,96.7,1002,node,84.28,6.1,1116,slack,81.29,6.7,1230,spotify,185.6,2.0,1334,node,129.96,29.8,1453,docker,124.46,14.1
1775701873.44,15853.75,530.25,96.8,1007,slack,793.45,11.7,1118,slack,333.11,7.4,1222,slack,195.24,5.5,1342,java,164.34,22.7,1450,firefox,25.61,7.7
1775701875.44,15837.97,546.03,96.7,1005,docker,253.06,0.7,1117,python3,332.52,11.5,1223,postgres,185.65,29.2,1341,postgres,164.28,18.4,1445,spotify,85.86,13.2
1775701877.44,15867.59,516.41,96.8,1000,chrome,438.29,7.1,1121,node,244.38,30.0,1223,spotify,193.03,3.5,1334,docker,123.29,7.5,1447,chrome,103.85,29.9
1775701879.44,15878.76,505.24,96.9,1004,spotify,769.61,1.6,1115,postgres,114.64,26.2,1229,code,223.11,17.7,1342,slack,178.78,28.9,1446,slack,52.15,28.5
1775701881.44,15878.0,506.0,96.9,1010,java,493.93,29.4,1117,python3,127.38,1.7,1230,firefox,262.1,3.4,1343,java,56.12,7.2,1445,node,83.5,29.4
1775701883.44,15884.0,500.0,96.9,1010,postgres,107.34,7.3,1117,python3,90.7,25.6,1227,spotify,83.6,21.6,1335,firefox,187.08,23.9,1447,slack,62.49,24.1
1775701885.44,15884.0,500.0,96.9,1006,postgres,640.53,8.3,1117,java,333.44,8.2,1229,code,222.44,5.1,1342,chrome,161.06,3.0,1444,python3,134.81,19.5
1775701887.44,15884.0,500.0,96.9,1010,firefox,563.86,25.2,1119,firefox,222.12,27.5,1222,code,87.98,1.4,1336,firefox,59.37,10.1,1453,java,86.41,15.3
1775701889.44,15884.0,500.0,96.9,1002,node,302.45,6.8,1112,java,210.69,11.5,1222,python3,129.91,11.9,1342,python3,99.34,26.9,1452,slack,51.2,14.1
1775701891.44,15884.0,500.0,96.9,1001,slack,107.53,18.5,1119,node,140.19,20.1,1229,chrome,103.69,2.7,1343,postgres,101.44,29.7,1454,slack,14.59,29.9
1775701893.44,15884.0,500.0,96.9,1004,slack,179.52,18.9,1112,postgres,301.74,0.6,1226,postgres,112.11,13.9,1343,spotify,68.13,23.9,1453,java,43.16,17.4
1775701895.44,15884.0,500.0,96.9,1000,code,493.06,12.6,1120,node,117.53,10.8,1222,postgres,42.66,10.9,1343,code,49.65,1.3,1444,docker,126.41,25.8
1775701897.44,15884.0,500.0,96.9,1010,java,467.27,8.0,1117,postgres,323.57,16.2,1224,chrome,249.45,15.7,1335,slack,70.54,15.7,1445,slack,25.84,11.7
1775701899.44,15884.0,500.0,96.9,1004,postgres,722.59,1.7,1116,docker,78.32,27.7,1229,docker,59.45,23.7,1342,java,172.52,19.5,1450,python3,13.84,29.2
1775701901.44,15884.0,500.0,96.9,1010,postgres,764.1,14.3,1113,node,50.6,18.7,1223,docker,30.64,24.1,1339,slack,185.31,7.3,1451,python3,24.98,16.4
1775701903.44,15884.0,500.0,96.9,1003,firefox,435.2,7.5,1121,chrome,327.51,9.1,1222,firefox,190.13,2.7,1335,java,72.06,28.8,1450,postgres,25.13,12.9
1775701905.44,15873.76,510.24,96.9,1001,code,666.63,4.2,1118,chrome,64.21,20.7,1222,firefox,173.17,23.0,1336,firefox,119.31,14.7,1453,python3,130.6,26.5
1775701907.44,15884.0,500.0,96.9,1005,python3,308.9,12.6,1116,chrome,291.78,27.5,1225,node,103.47,24.7,1343,slack,133.55,16.1,1452,java,19.84,12.9
1775701909.44,15884.0,500.0,96.9,1000,postgres,203.12,28.6,1113,spotify,251.09,20.0,1229,slack,110.08,3.9,1334,chrome,24.6,7.2,1453,slack,94.79,6.5
1775701911.44,15863.17,520.83,96.8,1000,node,417.49,24.4,1117,firefox,232.8,25.0,1232,spotify,182.01,0.5,1337,chrome,176.68,13.0,1444,python3,135.11,13.5
1775701913.44,15842.92,541.08,96.7,1009,firefox,507.94,4.3,1118,spotify,236.36,8.1,1225,java,167.83,2.0,1342,spotify,183.2,15.5,1447,slack,73.0,8.0
1775701915.44,15846.65,537.35,96.7,1002,java,490.06,28.5,1112,java,287.68,11.7,1229,docker,238.03,13.7,1340,firefox,47.23,12.3,1454,spotify,115.99,28.0
1775701917.44,15854.26,529.74,96.8,1004,slack,524.39,13.9,1119,slack,298.34,20.1,1226,code,189.21,7.7,1335,docker,153.55,14.2,1449,chrome,128.89,24.1
1775701919.44,15834.1,549.9,96.6,1000,firefox,372.47,8.0,1119,code,228.8,28.6,1230,slack,181.48,27.4,1340,slack,192.67,21.5,1444,code,43.86,17.2
1775701921.44,15845.0,539.0,96.7,1004,code,274.1,5.0,1112,node,128.68,18.7,1232,slack,231.28,6.4,1335,slack,136.95,27.9,1448,chrome,53.94,5.3
1775701923.44,15842.26,541.74,96.7,1003,firefox,680.51,27.8,1113,node,178.96,4.9,1225,node,28.52,19.8,1333,node,69.84,23.3,1448,java,108.3,8.5
1775701925.44,15876.06,507.94,96.9,1000,spotify,291.41,28.7,1117,slack,181.97,14.6,1232,node,30.98,27.1,1342,chrome,119.92,2.3,1453,spotify,106.15,29.1
1775701927.44,15855.96,528.04,96.8,1008,postgres,347.6,12.6,1118,chrome,248.76,11.2,1223,chrome,70.51,25.2,1339,python3,72.22,20.8,1446,code,18.51,29.9
1775701929.44,15855.27,528.73,96.8,1009,firefox,330.22,0.7,1111,postgres,136.68,2.2,1228,java,186.65,1.2,1338,docker,180.5,14.9,1450,python3,130.29,27.2
1775701931.44,15854.55,529.45,96.8,1007,firefox,455.51,5.4,1119,node,236.67,0.7,1225,docker,23.98,22.3,1343,docker,145.41,21.1,1444,docker,37.71,20.2
1775701933.44,15863.2,520.8,96.8,1003,python3,220.57,14.0,1118,firefox,182.67,14.3,1226,java,113.66,16.4,1336,python3,64.49,29.0,1448,slack,52.44,12.6
1775701935.44,15884.0,500.0,96.9,1008,chrome,715.63,13.2,1118,postgres,188.95,10.3,1227,docker,153.95,11.8,1337,firefox,28.95,20.9,1446,postgres,30.63,17.0
1775701937.44,15884.0,500.0,96.9,1010,slack,764.51,2.7,1116,python3,93.85,15.6,1225,firefox,43.63,16.5,1340,slack,86.24,7.8,1454,code,51.06,16.8
1775701939.44,15884.0,500.0,96.9,1004,docker,755.57,23.3,1120,docker,272.1,2.3,1222,node,33.5,16.1,1335,docker,103.71,17.1,1450,chrome,141.23,20.0
1775701941.44,15867.83,516.17,96.8,1004,python3,763.73,9.9,1111,firefox,201.5,29.0,1228,python3,52.73,2.1,1336,postgres,157.18,9.9,1452,java,138.63,23.2
1775701943.44,15869.24,514.76,96.9,1001,postgres,719.13,20.3,1114,slack,72.01,18.5,1232,docker,172.55,15.9,1339,slack,92.6,23.6,1454,postgres,75.51,12.3
1775701945.44,15884.0,500.0,96.9,1005,spotify,227.7,12.4,1111,code,398.4,24.4,1227,firefox,189.67,4.9,1339,postgres,27.1,4.0,1450,firefox,60.23,20.6
1775701947.44,15884.0,500.0,96.9,1007,slack,389.25,23.8,1114,firefox,68.03,16.3,1224,chrome,251.84,5.4,1340,code,27.98,19.6,1452,chrome,18.98,2.5
1775701949.44,15882.84,501.16,96.9,1008,postgres,382.13,20.6,1116,firefox,192.49,14.6,1226,node,54.09,5.4,1342,code,47.79,29.8,1445,slack,128.8,19.0
1775701951.44,15884.0,500.0,96.9,1004,spotify,438.15,10.7,1119,chrome,221.64,11.7,1230,docker,68.25,17.3,1340,firefox,108.21,22.7,1450,python3,81.13,27.0
1775701953.44,15884.0,500.0,96.9,1006,spotify,443.92,10.4,1119,spotify,297.35,18.1,1228,java,249.17,0.8,1337,docker,110.84,29.2,1450,python3,148.29,12.8
1775701955.44,15884.0,500.0,96.9,1008,slack,741.5,17.7,1118,python3,394.73,8.0,1226,java,243.65,29.1,1334,python3,148.98,20.5,1446,chrome,96.88,5.2
1775701957.44,15882.14,501.86,96.9,1008,code,564.08,4.3,1111,python3,384.09,2.2,1232,code,263.6,19.4,1341,firefox,27.17,11.5,1448,chrome,58.71,25.2
1775701959.44,15884.0,500.0,96.9,1002,node,416.42,0.0,1119,docker,211.81,11.2,1231,chrome,204.39,6.2,1335,java,17.48,7.3,1451,slack,122.04,7.2
1775701961.44,15852.57,531.43,96.8,1004,node,108.22,1.9,1114,python3,106.85,7.0,1232,firefox,219.42,7.3,1339,docker,56.77,22.4,1452,firefox,90.71,2.3
1775701963.44,15871.28,512.72,96.9,1005,spotify,769.82,12.6,1113,python3,126.79,2.8,1224,code,53.98,28.6,1338,slack,106.59,15.6,1453,python3,113.4,0.6
1775701965.44,15861.87,522.13,96.8,1005,docker,65.55,12.4,1111,docker,211.83,18.6,1232,python3,227.08,9.0,1338,postgres,150.52,28.5,1449,spotify,154.57,2.1
1775701967.44,15860.66,523.34,96.8,1006,slack,675.37,6.3,1121,chrome,73.94,4.7,1226,firefox,167.01,24.1,1336,spotify,189.82,29.0,1452,postgres,65.68,6.4
1775701969.44,15864.56,519.44,96.8,1005,slack,559.47,15.1,1118,python3,166.75,20.4,1229,firefox,25.28,5.6,1343,code,126.11,11.7,1446,code,121.89,5.2
1775701971.44,15867.92,516.08,96.9,1002,slack,765.79,16.4,1118,node,188.01,12.4,1232,postgres,158.94,14.8,1339,spotify,167.06,17.4,1453,chrome,119.22,20.5
1775701973.44,15884.0,500.0,96.9,1003,node,309.12,4.3,1120,firefox,320.58,5.2,1223,code,237.33,29.6,1340,chrome,141.21,28.8,1444,slack,140.8,5.4
1775701975.44,15884.0,500.0,96.9,1002,python3,81.89,17.6,1120,firefox,168.81,23.0,1230,spotify,148.75,8.7,1339,code,171.74,3.5,1444,code,52.9,25.9
1775701977.44,15884.0,500.0,96.9,1009,code,626.73,27.1,1114,spotify,41.49,11.8,1227,chrome,200.72,15.4,1343,slack,80.95,21.5,1444,python3,79.73,27.6
1775701979.44,15884.0,500.0,96.9,1005,chrome,165.3,9.2,1116,chrome,172.72,29.0,1225,python3,202.16,23.5,1333,firefox,41.47,27.2,1445,java,101.26,7.7
1775701981.44,15884.0,500.0,96.9,1008,java,334.17,11.9,1121,postgres,179.4,25.7,1223,postgres,58.12,15.2,1333,chrome,13.45,27.1,1444,code,41.76,28.2
1775701983.44,15861.33,522.67,96.8,1008,postgres,416.83,2.9,1118,node,215.37,5.3,1224,python3,97.95,21.7,1343,slack,141.84,6.7,1450,python3,106.33,4.2
1775701985.44,15884.0,500.0,96.9,1005,postgres,138.96,14.8,1116,docker,227.13,12.6,1228,code,27.24,19.5,1333,chrome,178.85,18.0,1445,slack,144.58,4.9
1775701987.44,15884.0,500.0,96.9,1003,spotify,211.43,28.6,1115,slack,274.27,2.6,1222,python3,115.36,17.7,1343,java,193.21,26.9,1445,firefox,155.52,10.4
1775701989.44,15875.05,508.95,96.9,1005,docker,629.24,13.8,1112,node,66.12,27.9,1225,slack,50.62,5.8,1333,slack,65.16,7.7,1452,firefox,12.48,20.0
1775701991.44,15884.0,500.0,96.9,1008,firefox,586.18,27.2,1115,code,230.94,9.3,1231,node,56.88,12.1,1337,firefox,97.54,2.0,1451,node,44.28,26.1
1775701993.44,15882.95,501.05,96.9,1000,firefox,270.89,21.7,1120,docker,56.09,14.2,1225,code,173.42,16.0,1339,python3,133.87,14.4,1449,java,137.4,27.7
1775701995.44,15880.12,503.88,96.9,1000,java,571.39,9.0,1119,java,256.09,11.6,1231,firefox,112.72,25.9,1334,code,166.22,25.8,1446,slack,96.58,25.9
1775701997.44,15869.98,514.02,96.9,1003,firefox,471.57,7.1,1120,docker,145.67,29.7,1228,node,44.89,7.9,1335,slack,130.53,12.2,1453,code,87.4,12.1
1775701999.44,15829.33,554.67,96.6,1006,slack,373.98,7.5,1116,postgres,324.47,28.8,1226,python3,59.8,12.5,1342,spotify,137.07,10.1,1449,slack,126.07,1.6
1775702001.44,15840.29,543.71,96.7,1008,docker,326.18,18.8,1114,postgres,304.18,18.5,1222,slack,146.1,25.3,1337,slack,184.03,7.2,1445,spotify,135.07,27.1
1775702003.44,15869.06,514.94,96.9,1007,docker,429.56,6.3,1111,docker,243.6,20.6,1225,python3,251.6,15.1,1341,code,84.9,14.2,1451,docker,109.82,3.6
1775702005.44,15871.6,512.4,96.9,1003,java,99.54,9.3,1118,postgres,64.56,18.8,1223,slack,84.67,15.9,1333,chrome,17.8,0.5,1445,node,45.82,25.0
1775702007.44,15877.89,506.11,96.9,1001,postgres,668.41,17.7,1115,chrome,54.88,21.8,1225,spotify,57.08,10.7,1343,slack,174.58,26.4,1453,python3,79.91,14.8
1775702009.44,15884.0,500.0,96.9,1004,firefox,333.06,15.5,1115,java,235.33,26.7,1227,slack,202.75,5.9,1339,firefox,128.94,13.3,1451,chrome,149.57,18.9
1775702011.44,15884.0,500.0,96.9,1007,code,502.44,20.9,1120,chrome,349.64,23.7,1225,slack,238.67,25.3,1339,firefox,91.64,17.0,1452,spotify,66.79,26.6
1775702013.44,15884.0,500.0,96.9,1006,spotify,682.94,26.2,1118,docker,277.77,20.3,1230,java,190.67,11.3,1340,postgres,186.19,22.0,1449,spotify,77.49,19.9
1775702015.44,15884.0,500.0,96.9,1007,docker,375.26,6.4,1121,slack,30.88,27.1,1227,chrome,199.76,12.3,1335,node,135.44,7.4,1451,node,135.68,6.7
1775702017.44,15884.0,500.0,96.9,1010,python3,375.5,16.9,1117,firefox,193.3,13.4,1232,slack,242.84,11.0,1339,chrome,151.98,22.7,1446,code,155.96,29.8
1775702019.44,15884.0,500.0,96.9,1003,node,52.27,10.0,1118,slack,243.92,24.0,1230,slack,238.48,29.5,1343,python3,122.83,24.5,1449,docker,69.75,22.7
1775702021.44,15884.0,500.0,96.9,1000,docker,498.84,17.5,1112,spotify,318.89,0.3,1224,node,187.91,19.5,1338,postgres,54.66,9.2,1453,code,94.44,14.8
1775702023.44,15884.0,500.0,96.9,1010,slack,778.68,8.6,1117,docker,71.52,21.1,1224,postgres,169.08,18.9,1342,java,57.43,6.1,1449,chrome,155.49,7.5
1775702025.44,15878.62,505.38,96.9,1006,docker,183.87,0.3,1120,java,86.48,19.9,1222,code,239.27,7.4,1334,firefox,176.48,11.9,1451,chrome,19.45,26.0
1775702027.44,15884.0,500.0,96.9,1007,code,55.44,23.6,1120,spotify,325.79,4.8,1222,docker,219.16,27.3,1342,slack,187.58,29.3,1446,python3,21.82,3.1
1775702029.44,15865.42,518.58,96.8,1004,java,131.74,27.7,1112,docker,114.22,2.7,1229,postgres,244.49,8.4,1338,firefox,68.76,2.6,1446,node,138.91,28.0
1775702031.44,15859.84,524.16,96.8,1006,postgres,609.5,2.6,1121,java,177.32,0.7,1225,java,66.62,15.4,1337,slack,87.43,0.6,1451,postgres,49.29,9.8
1775702033.44,15872.19,511.81,96.9,1009,code,359.92,6.9,1115,docker,32.38,11.8,1228,spotify,123.42,24.2,1343,docker,103.52,18.8,1447,postgres,19.68,23.9
1775702035.44,15866.22,517.78,96.8,1004,slack,752.38,8.2,1120,code,281.9,9.5,1227,chrome,159.35,20.1,1336,firefox,150.29,2.3,1452,postgres,15.89,26.6
1775702037.44,15884.0,500.0,96.9,1006,firefox,123.75,27.1,1113,docker,57.17,1.0,1231,spotify,42.59,5.2,1337,node,193.62,8.0,1451,chrome,119.93,16.8
1775702039.44,15878.1,505.9,96.9,1000,firefox,86.52,18.2,1117,node,114.68,20.3,1224,node,221.23,24.0,1335,firefox,121.72,6.6,1452,java,64.2,22.4
1775702041.44,15884.0,500.0,96.9,1004,spotify,607.45,4.2,1114,chrome,356.43,12.8,1225,slack,44.84,6.4,1343,spotify,44.37,10.9,1450,docker,95.58,14.8
1775702043.44,15884.0,500.0,96.9,1009,java,55.9,18.6,1112,code,202.13,18.4,1224,node,73.77,29.5,1338,spotify,35.54,21.9,1449,node,22.35,11.2
1775702045.44,15880.31,503.69,96.9,1002,postgres,786.21,20.9,1121,chrome,314.28,21.6,1222,spotify,80.09,8.0,1340,docker,29.39,25.0,1452,python3,89.78,18.3
1775702047.44,15884.0,500.0,96.9,1002,postgres,264.08,16.4,1112,java,97.97,3.9,1229,chrome,69.65,12.9,1343,postgres,133.22,20.9,1454,docker,141.72,4.2
1775702049.44,15883.55,500.45,96.9,1002,java,199.96,29.5,1119,node,172.28,22.4,1224,firefox,79.51,8.8,1335,slack,158.35,28.2,1452,postgres,81.52,18.3
1775702051.44,15875.0,509.0,96.9,1001,docker,368.19,6.4,1115,code,26.31,13.7,1226,chrome,113.34,9.7,1338,node,45.61,7.4,1446,postgres,54.84,8.1
1775702053.44,15866.13,517.87,96.8,1009,firefox,289.44,0.2,1119,spotify,193.59,9.5,1226,docker,50.74,16.3,1334,firefox,137.9,0.8,1450,java,36.69,23.8
1775702055.44,15884.0,500.0,96.9,1002,python3,69.71,5.9,1118,docker,395.83,7.8,1226,slack,248.17,5.0,1341,postgres,122.09,3.9,1445,firefox,35.78,15.6
1775702057.44,15884.0,500.0,96.9,1006,slack,150.13,1.5,1119,chrome,215.77,0.6,1229,slack,230.09,17.8,1341,python3,44.57,1.1,1446,firefox,36.54,3.5
1775702059.44,15844.28,539.72,96.7,1004,python3,196.65,10.4,1115,docker,236.84,6.3,1224,docker,233.0,17.4,1342,spotify,14.61,9.5,1444,chrome,129.29,27.4
1775702061.44,15855.8,528.2,96.8,1005,docker,479.13,23.7,1119,slack,117.86,23.7,1232,postgres,248.76,5.1,1333,node,45.91,5.1,1444,slack,10.67,19.5
1775702063.44,15875.19,508.81,96.9,1003,docker,629.15,3.1,1112,firefox,43.46,11.4,1227,python3,90.09,0.4,1341,slack,161.79,11.1,1453,python3,153.31,1.5
1775702065.44,15860.1,523.9,96.8,1010,slack,362.49,11.5,1111,chrome,386.4,17.5,1229,postgres,161.13,27.5,1334,docker,33.12,29.8,1444,node,70.86,25.0
1775702067.44,15884.0,500.0,96.9,1007,python3,572.67,18.4,1121,chrome,308.06,4.4,1231,spotify,123.18,8.4,1336,postgres,155.01,21.0,1453,docker,91.15,19.8
1775702069.44,15881.6,502.4,96.9,1010,python3,657.09,22.0,1120,firefox,277.43,27.7,1231,firefox,217.47,2.5,1342,postgres,94.87,26.1,1451,chrome,16.67,29.5
1775702071.44,15879.0,505.0,96.9,1010,chrome,224.14,5.7,1117,node,363.53,18.7,1223,docker,61.55,8.0,1338,code,82.41,16.0,1452,java,73.07,24.5
1775702073.44,15884.0,500.0,96.9,1007,chrome,331.54,1.9,1115,python3,346.85,29.9,1223,slack,206.63,18.6,1338,spotify,60.65,21.3,1445,spotify,32.19,21.3
1775702075.44,15884.0,500.0,96.9,1001,docker,203.97,11.8,1117,java,139.55,3.6,1225,code,71.17,13.5,1337,chrome,198.35,22.3,1445,spotify,92.02,26.7
1775702077.44,15884.0,500.0,96.9,1002,postgres,678.31,7.1,1117,firefox,314.9,29.0,1231,firefox,36.74,15.4,1343,slack,35.1,17.4,1452,firefox,138.81,2.0
1775702079.44,15884.0,500.0,96.9,1004,node,350.53,16.7,1111,node,126.14,18.1,1226,slack,255.52,6.1,1337,spotify,63.65,15.7,1453,code,15.02,0.2
1775702081.44,15872.64,511.36,96.9,1003,node,750.82,29.8,1114,code,174.09,17.7,1224,java,216.47,8.6,1336,chrome,96.3,0.1,1453,spotify,95.03,19.7
1775702083.44,15866.42,517.58,96.8,1001,chrome,331.63,3.3,1120,code,190.6,11.3,1223,chrome,217.79,29.8,1342,python3,168.06,0.8,1450,firefox,42.27,15.0
1775702085.44,15855.72,528.28,96.8,1009,node,113.82,10.9,1117,java,299.85,10.0,1231,node,80.61,13.9,1341,code,161.2,23.1,1450,slack,92.25,22.0
1775702087.44,15884.0,500.0,96.9,1010,slack,704.89,29.8,1121,node,90.94,2.4,1229,chrome,173.71,6.5,1340,slack,35.13,22.2,1446,node,154.72,5.2
1775702089.44,15876.17,507.83,96.9,1009,code,174.06,13.2,1117,code,356.01,25.5,1230,chrome,129.13,15.1,1337,postgres,36.28,11.7,1450,chrome,19.16,26.1
1775702091.44,15884.0,500.0,96.9,1005,spotify,382.82,12.3,1118,code,93.86,7.7,1227,slack,92.0,29.5,1342,firefox,28.95,11.7,1448,spotify,138.06,18.5
1775702093.44,15884.0,500.0,96.9,1000,spotify,767.63,10.0,1121,postgres,141.72,17.1,1224,firefox,52.84,3.3,1338,node,115.94,24.8,1451,node,129.12,29.3
1775702095.44,15884.0,500.0,96.9,1007,java,342.78,12.1,1116,python3,342.57,19.3,1224,chrome,258.51,7.2,1338,docker,122.98,14.8,1450,firefox,127.54,2.0
1775702097.44,15884.0,500.0,96.9,1007,slack,225.34,6.7,1111,spotify,183.07,15.3,1223,spotify,51.43,4.4,1334,java,90.34,6.2,1453,node,63.72,27.1
1775702099.44,15884.0,500.0,96.9,1010,docker,180.05,12.5,1116,slack,50.25,26.9,1224,java,41.31,10.1,1337,python3,167.2,27.6,1444,code,110.73,29.6
1775702101.44,15884.0,500.0,96.9,1002,chrome,88.65,9.7,1121,node,41.16,24.9,1228,docker,200.22,0.5,1340,code,114.6,23.1,1449,node,44.87,22.8
1775702103.44,15878.98,505.02,96.9,1008,node,292.81,12.4,1119,docker,152.31,20.6,1230,postgres,152.4,28.0,1336,node,83.51,16.9,1445,firefox,32.52,21.1
1775702105.44,15884.0,500.0,96.9,1001,java,338.0,19.5,1114,chrome,102.81,4.0,1223,java,206.21,16.6,1341,chrome,99.94,2.9,1446,code,134.77,24.7
1775702107.44,15879.34,504.66,96.9,1007,postgres,776.67,24.7,1112,python3,380.47,22.6,1223,python3,42.63,16.4,1336,postgres,15.35,19.5,1451,spotify,117.0,17.8
1775702109.44,15864.93,519.07,96.8,1007,java,602.65,27.8,1117,python3,153.93,12.3,1223,code,138.04,22.5,1333,node,69.7,11.0,1451,postgres,28.32,29.4
1775702111.44,15884.0,500.0,96.9,1009,python3,206.14,0.2,1113,python3,134.71,5.3,1225,docker,39.56,29.7,1337,node,197.76,19.9,1447,firefox,147.42,24.3
1775702113.44,15873.72,510.28,96.9,1001,code,287.55,28.8,1120,python3,190.72,25.3,1231,spotify,69.75,1.7,1340,java,130.73,3.8,1454,code,119.15,2.8
1775702115.44,15863.79,520.21,96.8,1003,code,80.08,1.2,1112,chrome,383.41,23.0,1228,chrome,28.68,9.9,1343,chrome,70.88,10.2,1450,java,90.23,12.0
1775702117.44,15863.55,520.45,96.8,1003,docker,564.23,5.4,1118,slack,111.29,17.2,1224,spotify,18.71,10.2,1336,python3,70.16,15.9,1452,chrome,83.76,29.9
1775702119.44,15867.59,516.41,96.8,1006,firefox,396.99,23.8,1116,postgres,105.0,10.6,1231,python3,155.2,3.0,1339,node,155.48,5.0,1454,postgres,61.37,7.1
1775702121.44,15850.11,533.89,96.7,1001,code,354.66,21.8,1115,docker,229.05,28.5,1230,python3,52.92,6.4,1337,postgres,131.44,23.9,1448,docker,128.35,20.0
1775702123.44,15857.3,526.7,96.8,1005,java,633.73,23.7,1115,postgres,388.99,2.4,1226,python3,46.18,11.0,1335,spotify,151.8,2.8,1446,java,117.69,14.4
1775702125.44,15863.84,520.16,96.8,1008,python3,380.51,23.6,1121,java,68.22,23.0,1225,spotify,104.57,7.9,1343,python3,180.56,21.7,1445,node,76.22,25.2
1775702127.44,15884.0,500.0,96.9,1007,docker,528.91,20.0,1111,spotify,385.95,13.8,1222,node,229.9,18.4,1336,postgres,87.56,11.9,1444,docker,61.55,28.4
1775702129.44,15884.0,500.0,96.9,1010,spotify,763.89,16.5,1113,slack,375.57,16.9,1223,slack,226.81,6.3,1338,chrome,95.45,18.7,1448,slack,105.78,9.7
1775702131.44,15884.0,500.0,96.9,1008,code,309.29,20.5,1115,java,74.92,29.1,1227,java,209.06,19.0,1335,code,100.53,28.2,1450,python3,111.24,26.3
1775702133.44,15884.0,500.0,96.9,1004,postgres,703.81,12.3,1116,code,291.05,25.8,1231,spotify,129.76,6.1,1333,code,68.01,11.5,1447,node,91.61,9.6
1775702135.44,15884.0,500.0,96.9,1001,python3,541.58,4.2,1120,slack,267.64,15.1,1230,code,67.79,3.8,1333,firefox,176.75,7.4,1452,spotify,88.06,21.4
1775702137.44,15884.0,500.0,96.9,1002,chrome,173.69,28.6,1115,code,328.53,12.8,1231,docker,28.07,24.0,1343,java,175.77,6.0,1452,python3,92.9,11.3
1775702139.44,15884.0,500.0,96.9,1010,chrome,549.67,18.0,1121,docker,207.9,9.8,1226,spotify,181.32,5.6,1343,spotify,78.13,0.5,1445,python3,23.61,10.9
1775702141.44,15884.0,500.0,96.9,1010,node,373.74,7.8,1117,spotify,108.49,1.8,1229,firefox,245.6,9.0,1333,node,130.59,8.0,1446,python3,27.93,18.6
1775702143.44,15882.97,501.03,96.9,1007,python3,64.11,25.8,1116,firefox,392.76,4.9,1228,slack,226.62,26.4,1338,firefox,12.65,11.6,1453,postgres,129.77,0.4
1775702145.44,15884.0,500.0,96.9,1002,python3,788.98,15.1,1120,spotify,99.74,28.6,1224,slack,175.23,16.8,1339,java,107.27,15.9,1445,chrome,69.99,20.4
1775702147.44,15879.72,504.28,96.9,1002,slack,308.36,28.7,1114,chrome,142.75,19.8,1228,code,253.81,26.0,1334,java,167.93,28.0,1447,docker,12.68,19.1
1775702149.44,15869.46,514.54,96.9,1010,firefox,89.71,19.5,1115,chrome,357.45,13.3,1231,node,167.19,13.3,1341,slack,170.9,1.4,1448,slack,65.42,3.0
1775702151.44,15871.1,512.9,96.9,1005,postgres,177.99,24.7,1119,docker,221.02,19.0,1226,code,208.59,15.0,1334,postgres,13.69,15.4,1452,docker,83.19,17.3
1775702153.44,15857.1,526.9,96.8,1009,spotify,672.57,4.0,1112,node,196.04,23.0,1222,code,116.16,15.7,1343,chrome,70.28,14.3,1450,node,44.46,23.4
1775702155.44,15879.86,504.14,96.9,1004,docker,630.85,17.9,1115,code,363.92,19.6,1231,python3,208.46,26.7,1337,python3,100.11,28.3,1450,docker,133.21,13.7
1775702157.44,15884.0,500.0,96.9,1006,java,622.49,13.2,1116,java,102.24,13.3,1228,postgres,75.8,2.0,1334,code,192.01,24.2,1449,spotify,131.63,29.7
1775702159.44,15884.0,500.0,96.9,1007,code,372.71,14.8,1118,slack,86.48,12.2,1225,postgres,199.69,6.1,1338,code,14.39,25.6,1444,python3,108.7,24.1
1775702161.44,15875.88,508.12,96.9,1010,code,252.4,1.6,1112,python3,42.04,2.4,1229,postgres,133.52,21.0,1334,firefox,141.23,17.1,1445,spotify,140.47,8.2
1775702163.44,15873.7,510.3,96.9,1000,python3,604.2,5.2,1116,slack,82.79,25.7,1229,chrome,143.9,0.8,1340,chrome,122.12,13.8,1454,firefox,77.29,22.0
1775702165.44,15864.61,519.39,96.8,1004,docker,95.57,5.2,1120,code,260.98,24.7,1232,postgres,116.29,13.1,1343,python3,185.35,0.0,1446,spotify,78.87,3.9
1775702167.44,15872.59,511.41,96.9,1001,slack,535.96,29.3,1119,java,378.25,7.2,1226,postgres,104.27,17.5,1338,chrome,115.43,17.1,1454,chrome,113.23,28.6
1775702169.44,15871.38,512.62,96.9,1000,python3,467.84,8.4,1113,docker,219.07,12.6,1224,java,154.71,27.2,1337,spotify,180.65,3.3,1454,postgres,131.14,13.7
1775702171.44,15859.71,524.29,96.8,1005,code,309.66,26.9,1121,spotify,87.53,26.8,1222,java,21.93,16.2,1335,node,140.65,4.4,1454,chrome,12.07,19.1
1775702173.44,15845.58,538.42,96.7,1008,python3,519.4,12.7,1121,firefox,100.95,18.3,1224,python3,254.81,3.6,1341,slack,31.91,18.7,1447,firefox,132.94,24.6
1775702175.44,15836.52,547.48,96.7,1002,node,174.81,4.3,1115,postgres,76.82,2.1,1228,chrome,145.6,16.7,1343,code,60.18,16.3,1454,spotify,50.65,28.1
1775702177.44,15848.98,535.02,96.7,1002,python3,426.58,21.8,1117,java,69.8,17.5,1229,code,28.02,21.2,1341,java,49.4,28.1,1445,node,106.48,13.4
1775702179.44,15869.63,514.37,96.9,1010,python3,110.52,7.8,1121,firefox,334.53,7.7,1224,python3,136.19,21.4,1337,slack,182.77,27.6,1454,spotify,158.64,24.1
1775702181.44,15872.17,511.83,96.9,1010,docker,200.48,6.6,1115,slack,347.38,10.9,1222,slack,69.67,29.3,1337,node,39.7,1.5,1444,java,108.81,24.9
1775702183.44,15864.51,519.49,96.8,1010,docker,415.63,28.6,1121,java,206.12,10.9,1230,firefox,162.06,13.3,1340,code,148.85,27.4,1449,docker,136.07,6.8
1775702185.44,15860.51,523.49,96.8,1009,chrome,188.26,16.0,1120,postgres,318.0,1.7,1228,spotify,199.52,20.4,1340,java,155.39,28.6,1446,docker,150.87,26.6
1775702187.44,15871.01,512.99,96.9,1000,docker,504.2,12.0,1115,slack,38.49,17.2,1231,firefox,56.23,7.9,1335,docker,73.95,3.5,1451,node,144.69,13.4
1775702189.44,15884.0,500.0,96.9,1000,code,134.25,9.6,1116,firefox,285.08,13.6,1226,docker,78.62,3.4,1339,docker,146.65,26.0,1448,spotify,128.43,23.7
1775702191.44,15884.0,500.0,96.9,1007,code,575.74,14.6,1118,slack,361.07,22.2,1230,chrome,75.43,24.3,1337,spotify,171.64,6.6,1454,chrome,156.74,0.3
1775702193.44,15884.0,500.0,96.9,1001,firefox,580.14,23.7,1111,node,256.39,5.8,1225,slack,252.47,28.1,1336,firefox,63.03,3.2,1447,docker,120.35,3.3
1775702195.44,15884.0,500.0,96.9,1000,postgres,463.12,15.4,1119,code,314.18,16.2,1227,spotify,228.61,17.0,1336,python3,142.66,19.3,1446,docker,88.78,18.7
1775702197.44,15884.0,500.0,96.9,1009,slack,347.08,26.2,1112,chrome,182.33,0.9,1228,docker,157.12,27.3,1333,node,114.28,25.5,1453,code,147.0,22.6
1775702199.44,15884.0,500.0,96.9,1007,java,573.89,28.5,1117,postgres,127.21,8.2,1223,code,153.09,2.5,1334,firefox,61.76,5.0,1446,firefox,60.14,13.8
1775702201.44,15884.0,500.0,96.9,1007,python3,303.1,9.0,1114,chrome,74.21,19.2,1229,python3,137.87,27.2,1338,python3,33.99,10.3,1446,docker,126.79,21.9
1775702203.44,15884.0,500.0,96.9,1003,code,698.96,21.0,1114,postgres,50.42,11.6,1225,slack,56.34,13.9,1338,spotify,94.84,14.0,1451,code,108.02,15.3
1775702205.44,15884.0,500.0,96.9,1006,firefox,528.81,13.2,1111,spotify,167.87,16.1,1226,slack,255.28,23.4,1342,slack,104.33,12.8,1448,java,128.3,18.4
1775702207.44,15884.0,500.0,96.9,1007,node,342.19,0.6,1114,spotify,25.76,27.6,1230,code,38.01,0.4,1333,docker,171.81,14.1,1447,code,158.8,15.6
1775702209.44,15884.0,500.0,96.9,1001,spotify,455.0,20.4,1111,node,366.83,5.6,1222,slack,38.78,6.0,1342,python3,42.67,29.2,1448,postgres,141.05,8.0
1775702211.44,15882.18,501.82,96.9,1004,postgres,734.14,28.4,1118,slack,367.62,21.3,1224,postgres,87.34,13.1,1343,docker,185.41,2.3,1448,chrome,71.21,11.8
1775702213.44,15868.55,515.45,96.9,1000,java,140.46,14.2,1120,slack,350.71,5.7,1228,code,222.21,3.9,1342,node,183.5,16.3,1452,docker,94.56,18.0
1775702215.44,15882.33,501.67,96.9,1002,code,756.93,26.9,1114,firefox,324.26,28.9,1230,code,108.0,14.3,1333,python3,192.51,11.7,1446,firefox,123.39,22.1
1775702217.44,15875.84,508.16,96.9,1008,postgres,267.96,14.6,1113,slack,93.85,27.4,1226,chrome,197.65,3.0,1335,firefox,178.58,4.0,1444,postgres,46.84,1.4
1775702219.44,15870.84,513.16,96.9,1008,code,165.11,14.4,1120,java,271.94,12.9,1232,docker,144.93,0.8,1334,docker,44.28,22.4,1444,spotify,101.41,26.3
1775702221.44,15865.89,518.11,96.8,1010,slack,759.28,7.7,1112,postgres,301.29,3.1,1231,java,140.33,18.4,1334,slack,66.98,9.8,1453,python3,10.43,21.7
1775702223.44,15867.95,516.05,96.9,1006,firefox,237.3,15.4,1112,spotify,123.39,11.2,1228,slack,89.17,20.5,1343,spotify,171.4,20.8,1444,code,17.05,13.9
1775702225.44,15881.54,502.46,96.9,1009,docker,173.44,25.9,1116,docker,319.52,19.8,1227,chrome,48.86,5.2,1342,node,180.2,24.4,1454,python3,142.92,5.5
1775702227.44,15868.41,515.59,96.9,1004,spotify,656.86,27.9,1121,chrome,117.73,0.4,1231,firefox,153.13,9.9,1339,docker,193.77,4.5,1453,java,76.26,14.5
1775702229.44,15870.31,513.69,96.9,1006,node,457.61,12.0,1113,java,308.04,18.6,1226,chrome,168.89,17.4,1333,docker,51.62,21.6,1446,spotify,154.43,3.3
1775702231.44,15873.47,510.53,96.9,1003,java,101.69,19.0,1116,postgres,119.06,20.4,1224,spotify,36.63,28.3,1338,java,74.91,20.0,1449,slack,52.12,9.0
1775702233.44,15884.0,500.0,96.9,1003,firefox,584.84,1.0,1113,python3,339.03,7.0,1227,code,37.17,14.6,1337,slack,131.51,5.7,1453,node,148.84,22.1
1775702235.44,15883.64,500.36,96.9,1000,docker,54.48,28.4,1115,node,151.48,20.9,1229,firefox,168.22,2.4,1335,java,186.74,2.0,1444,slack,111.0,7.9
1775702237.44,15857.51,526.49,96.8,1007,spotify,780.1,3.1,1113,java,150.9,15.8,1231,spotify,138.25,29.9,1341,firefox,48.97,14.2,1453,docker,159.14,28.0
1775702239.44,15879.11,504.89,96.9,1006,slack,526.21,18.7,1116,code,64.33,16.5,1230,slack,128.01,19.3,1340,node,160.85,2.5,1454,docker,159.12,22.9
1775702241.44,15875.67,508.33,96.9,1007,chrome,347.62,15.6,1121,firefox,301.61,16.6,1230,node,94.68,23.7,1339,postgres,153.65,21.6,1446,docker,115.9,9.2
1775702243.44,15884.0,500.0,96.9,1005,java,322.91,14.2,1111,code,373.9,10.3,1228,python3,114.1,26.6,1342,spotify,113.33,16.2,1449,python3,77.59,24.2
1775702245.44,15884.0,500.0,96.9,1001,java,589.29,23.1,1117,chrome,174.9,20.6,1232,postgres,157.7,6.0,1335,node,103.41,9.9,1452,node,87.29,6.0
1775702247.44,15884.0,500.0,96.9,1001,postgres,486.08,19.5,1116,postgres,216.71,27.9,1232,python3,142.09,28.1,1343,python3,152.25,28.2,1450,java,75.22,6.2
1775702249.44,15868.65,515.35,96.9,1009,chrome,66.08,25.3,1112,chrome,39.72,6.2,1224,java,116.46,25.5,1340,slack,14.95,21.5,1450,postgres,56.27,18.7
1775702251.44,15869.66,514.34,96.9,1006,python3,765.04,20.8,1117,firefox,26.32,25.9,1231,postgres,250.12,4.9,1333,code,41.4,24.4,1453,code,64.23,6.0
1775702253.44,15874.57,509.43,96.9,1007,code,769.22,13.9,1117,java,365.52,11.3,1226,python3,168.18,23.6,1336,slack,17.17,24.6,1444,docker,142.41,1.3
1775702255.44,15884.0,500.0,96.9,1004,postgres,347.18,16.2,1115,slack,366.31,8.0,1223,docker,202.51,0.3,1341,node,30.34,4.0,1447,node,27.29,9.6
1775702257.44,15880.06,503.94,96.9,1007,postgres,103.63,0.9,1121,node,194.7,3.1,1223,java,86.72,22.0,1339,java,111.55,17.3,1446,node,101.43,13.6
1775702259.44,15870.13,513.87,96.9,1010,python3,383.94,11.8,1113,slack,133.7,18.7,1228,node,238.44,11.0,1338,chrome,25.25,2.0,1453,spotify,131.35,7.9
1775702261.44,15860.54,523.46,96.8,1005,spotify,323.99,28.3,1112,spotify,170.36,8.1,1229,chrome,100.85,28.9,1337,postgres,80.16,19.9,1453,code,48.97,4.4
1775702263.44,15547.73,836.27,94.9,1003,slack,458.96,14.3,1121,docker,52.31,25.1,1232,java,22.21,8.6,1335,code,38.97,27.5,1444,chrome,52.95,16.2
1775702265.44,15537.81,846.19,94.8,1008,postgres,463.42,9.4,1113,firefox,279.14,9.9,1228,slack,112.61,4.3,1335,spotify,22.84,22.4,1449,postgres,52.48,2.8
1775702267.44,15529.91,854.09,94.8,1006,docker,211.11,22.0,1120,node,286.75,24.3,1228,spotify,225.53,14.0,1333,java,59.6,15.5,1451,python3,117.24,10.0
1775702269.44,15505.15,878.85,94.6,1008,spotify,550.19,19.8,1116,code,198.29,10.9,1224,chrome,92.71,14.5,1333,postgres,110.2,20.9,1454,docker,68.61,13.9
1775702271.44,15502.09,881.91,94.6,1005,node,459.62,13.8,1115,node,234.44,4.7,1228,python3,233.19,10.1,1339,node,69.51,6.3,1447,python3,144.31,7.0
1775702273.44,15514.65,869.35,94.7,1007,firefox,745.58,28.5,1114,slack,46.07,18.1,1227,postgres,241.46,2.6,1338,python3,24.07,17.5,1445,chrome,132.11,3.6
1775702275.44,15515.77,868.23,94.7,1004,node,213.36,10.9,1111,spotify,227.28,24.5,1231,node,221.65,1.2,1342,java,143.16,1.6,1452,docker,141.57,12.1
1775702277.44,15511.92,872.08,94.7,1004,python3,172.07,5.6,1118,docker,171.31,10.6,1227,firefox,189.95,25.2,1337,postgres,194.17,17.4,1451,docker,61.19,2.6
1775702279.44,15530.54,853.46,94.8,1002,java,668.54,9.4,1115,python3,346.79,22.9,1224,code,122.76,1.7,1338,python3,48.29,23.8,1448,spotify,92.13,2.3
1775702281.44,15525.59,858.41,94.8,1010,firefox,392.41,15.0,1120,node,70.08,7.6,1226,spotify,78.01,11.5,1336,java,39.98,6.9,1445,docker,60.69,10.5
1775702283.44,15550.63,833.37,94.9,1010,postgres,734.66,29.5,1121,java,106.64,26.2,1228,firefox,260.79,10.7,1335,docker,177.96,12.9,1449,postgres,148.57,18.9
1775702285.44,15521.48,862.52,94.7,1005,slack,477.49,6.6,1111,node,292.17,22.6,1227,slack,249.4,27.6,1343,postgres,132.04,3.8,1453,slack,138.13,6.0
1775702287.44,15547.7,836.3,94.9,1009,chrome,394.99,0.7,1117,code,62.18,21.5,1227,firefox,217.48,1.3,1337,spotify,129.8,3.7,1452,java,129.28,18.2
1775702289.44,15543.38,840.62,94.9,1000,code,416.0,22.0,1118,python3,247.26,27.1,1223,python3,237.22,15.2,1343,code,79.27,12.2,1454,postgres,37.92,11.7
1775702291.44,15549.02,834.98,94.9,1001,code,352.84,23.0,1118,java,253.79,10.3,1225,firefox,207.62,25.6,1341,python3,150.21,23.3,1453,postgres,116.55,2.5
1775702293.44,15547.58,836.42,94.9,1001,chrome,755.53,20.9,1114,python3,152.53,13.5,1231,python3,46.77,5.4,1333,node,173.86,15.3,1453,chrome,58.69,21.4
1775702295.44,15525.49,858.51,94.8,1001,docker,153.26,28.4,1111,postgres,340.16,11.9,1223,code,147.92,11.6,1340,chrome,134.74,17.0,1451,slack,150.94,6.3
1775702297.44,15539.37,844.63,94.8,1003,code,460.42,6.7,1112,python3,159.63,27.1,1222,spotify,161.71,5.8,1334,node,79.6,25.4,1444,firefox,51.74,0.2
1775702299.44,15541.83,842.17,94.9,1007,code,537.32,25.1,1117,python3,261.23,8.1,1228,slack,189.15,5.7,1337,firefox,182.12,28.3,1453,postgres,92.92,0.2
1775702301.44,15534.75,849.25,94.8,1008,postgres,597.06,10.4,1119,postgres,148.47,9.0,1224,python3,57.07,21.6,1339,chrome,36.81,16.6,1444,java,123.63,26.2
1775702303.44,15537.13,846.87,94.8,1009,node,613.36,21.9,1115,postgres,363.35,10.5,1223,spotify,26.23,13.2,1337,python3,24.75,25.0,1452,node,12.23,6.3
1775702305.44,15536.25,847.75,94.8,1010,slack,242.15,10.0,1116,postgres,94.49,6.9,1225,firefox,69.35,7.7,1340,python3,195.81,29.6,1450,slack,102.8,15.3
1775702307.44,15546.91,837.09,94.9,1003,python3,170.99,10.0,1114,firefox,34.85,28.7,1224,docker,250.19,7.8,1339,spotify,13.87,6.9,1448,docker,141.15,6.6
1775702309.44,15545.63,838.37,94.9,1010,docker,596.21,4.2,1113,code,343.48,26.7,1232,python3,261.39,27.2,1333,postgres,14.79,4.5,1454,postgres,29.93,27.9
1775702311.44,15546.69,837.31,94.9,1008,docker,530.44,16.6,1116,node,159.59,1.0,1222,python3,40.91,19.9,1339,node,114.32,12.1,1450,spotify,51.97,22.7
1775702313.44,15536.06,847.94,94.8,1004,spotify,103.18,17.3,1119,firefox,344.51,3.4,1225,postgres,90.11,9.5,1338,node,143.05,17.9,1451,docker,38.48,25.6
1775702315.44,15544.33,839.67,94.9,1002,slack,206.74,15.1,1119,slack,271.5,3.3,1228,java,74.06,24.4,1335,slack,164.46,18.1,1445,firefox,48.94,3.4
1775702317.44,15532.55,851.45,94.8,1005,postgres,550.15,3.4,1121,postgres,356.44,28.3,1228,firefox,177.42,29.6,1339,firefox,30.43,5.4,1450,docker,112.64,24.1
1775702319.44,15532.44,851.56,94.8,1000,docker,317.35,6.8,1112,node,217.56,7.8,1227,java,57.73,17.0,1336,postgres,137.51,9.8,1449,code,60.2,16.0
1775702321.44,15554.01,829.99,94.9,1004,docker,350.84,10.3,1117,docker,178.11,22.2,1227,java,37.61,8.2,1341,node,55.65,27.6,1448,code,56.84,14.6
1775702323.44,15585.35,798.65,95.1,1003,slack,490.31,11.1,1113,spotify,62.85,8.6,1231,node,248.1,28.7,1338,python3,127.46,15.6,1447,code,124.08,2.4
1775702325.44,15569.03,814.97,95.0,1004,docker,443.13,13.1,1119,docker,99.78,0.1,1223,slack,38.33,2.9,1342,postgres,59.57,3.4,1452,python3,69.08,18.1
1775702327.44,15583.67,800.33,95.1,1008,docker,564.89,21.4,1116,node,295.03,16.7,1229,postgres,254.76,0.6,1337,code,120.81,17.5,1453,spotify,54.88,26.6
1775702329.44,15567.3,816.7,95.0,1001,docker,266.49,11.7,1115,python3,78.2,13.3,1222,postgres,106.14,29.6,1335,slack,139.94,25.6,1452,spotify,106.53,27.3
1775702331.44,15555.33,828.67,94.9,1001,chrome,607.47,10.4,1121,postgres,108.92,2.6,1231,code,25.93,9.3,1342,python3,60.35,1.1,1445,python3,91.31,10.8
1775702333.44,15546.36,837.64,94.9,1007,python3,350.26,26.2,1112,firefox,44.72,2.1,1230,java,126.03,25.2,1337,python3,150.75,10.8,1454,docker,99.82,29.2
1775702335.44,15530.1,853.9,94.8,1006,postgres,162.28,19.6,1113,node,344.6,17.1,1230,postgres,218.75,15.1,1340,java,190.25,19.9,1452,java,52.39,23.0
1775702337.44,15496.19,887.81,94.6,1002,node,261.29,11.4,1116,spotify,360.62,6.1,1229,chrome,193.18,4.4,1335,node,75.14,11.7,1447,java,23.37,7.4
1775702339.44,15492.83,891.17,94.6,1008,docker,93.33,9.6,1112,java,85.64,18.6,1226,docker,199.87,27.5,1341,docker,193.23,22.2,1444,spotify,74.59,12.4
1775702341.44,15491.39,892.61,94.6,1008,firefox,353.7,1.3,1117,java,213.65,16.6,1228,docker,261.56,13.2,1342,firefox,55.78,4.1,1453,docker,124.93,24.0
1775702343.44,15511.49,872.51,94.7,1010,java,749.11,26.2,1120,spotify,103.2,11.3,1222,node,212.83,27.8,1339,code,131.07,21.6,1454,postgres,157.64,26.0
1775702345.44,15525.26,858.74,94.8,1007,slack,56.41,6.6,1112,docker,52.29,13.0,1230,slack,22.0,8.5,1339,code,141.93,1.2,1450,firefox,55.37,11.3
1775702347.44,15505.06,878.94,94.6,1006,node,343.06,29.3,1119,code,103.32,18.6,1232,python3,237.8,6.3,1333,postgres,194.01,5.5,1444,node,83.81,22.5
1775702349.44,15524.2,859.8,94.8,1010,slack,384.48,28.1,1114,docker,296.14,27.5,1223,python3,74.6,10.1,1340,spotify,164.72,22.3,1451,docker,116.25,10.4
1775702351.44,15692.44,691.56,95.8,1002,spotify,674.67,18.6,1120,python3,358.0,2.0,1225,docker,20.29,8.6,1340,postgres,146.28,19.9,1449,chrome,148.6,28.1
1775702353.44,15687.46,696.54,95.7,1003,spotify,166.56,4.0,1117,spotify,183.45,9.4,1225,slack,226.71,23.2,1341,node,28.92,16.5,1444,node,150.95,16.9
1775702355.44,15668.46,715.54,95.6,1007,node,758.23,12.1,1115,chrome,131.45,20.2,1223,spotify,88.8,10.9,1339,code,182.41,21.6,1452,code,85.77,19.4
1775702357.44,15692.22,691.78,95.8,1002,spotify,188.29,27.9,1112,spotify,208.91,15.1,1227,slack,264.16,6.3,1343,python3,20.36,27.2,1444,slack,99.88,15.5
1775702359.44,15426.15,957.85,94.2,1002,python3,540.43,26.5,1121,docker,137.5,22.2,1230,node,216.9,2.7,1337,postgres,35.68,15.3,1452,node,56.06,28.2
1775702361.44,15426.68,957.32,94.2,1009,postgres,119.08,14.9,1116,slack,123.6,22.5,1222,python3,70.45,3.9,1343,node,27.8,18.1,1449,docker,146.92,17.9
1775702363.44,15440.88,943.12,94.2,1003,spotify,383.48,17.3,1113,node,388.52,27.0,1222,python3,262.44,9.0,1338,chrome,72.88,20.6,1447,code,18.4,11.3
1775702365.44,15457.14,926.86,94.3,1008,docker,644.96,14.0,1117,slack,254.12,2.6,1229,java,175.1,13.1,1335,spotify,191.96,3.8,1444,postgres,35.52,17.6
1775702367.44,15481.67,902.33,94.5,1010,code,93.53,2.8,1115,code,42.61,0.9,1224,firefox,246.89,19.1,1336,chrome,85.04,2.9,1451,java,93.63,25.3
1775702369.44,15478.76,905.24,94.5,1008,slack,69.61,1.3,1120,java,378.11,24.7,1226,java,157.64,11.2,1333,slack,68.86,19.3,1449,code,81.21,27.5
1775702371.44,15486.0,898.0,94.5,1000,postgres,409.53,25.2,1119,docker,234.59,24.7,1227,python3,113.3,4.8,1341,postgres,67.92,7.0,1454,node,58.24,19.6
1775702373.44,15501.19,882.81,94.6,1007,chrome,71.07,7.2,1114,firefox,228.52,5.9,1222,java,60.15,9.3,1334,firefox,101.26,1.6,1452,slack,40.25,15.2
1775702375.44,15484.31,899.69,94.5,1001,java,124.94,6.7,1115,node,328.24,9.1,1223,slack,159.75,25.2,1338,firefox,97.36,8.6,1450,postgres,118.51,5.9
1775702377.44,15884.0,500.0,96.9,1000,firefox,460.64,2.4,1112,firefox,273.49,29.6,1225,firefox,17.47,26.2,1335,spotify,41.0,28.5,1452,chrome,120.06,17.9
1775702379.44,15884.0,500.0,96.9,1009,postgres,630.22,13.3,1114,node,105.15,5.3,1231,node,190.96,11.4,1338,firefox,88.06,16.5,1454,chrome,138.33,26.7
1775702381.44,15884.0,500.0,96.9,1004,docker,765.22,20.2,1120,python3,193.72,11.1,1225,python3,255.57,22.3,1339,firefox,26.75,5.7,1449,spotify,24.91,13.0
1775702383.44,15884.0,500.0,96.9,1004,chrome,596.71,17.7,1119,node,127.95,0.2,1229,code,217.06,19.6,1343,chrome,31.25,0.9,1447,code,138.17,13.2
1775702385.44,15884.0,500.0,96.9,1002,code,326.06,6.6,1114,spotify,319.81,25.9,1227,node,42.1,29.5,1335,slack,82.93,23.9,1454,python3,48.31,0.7
1775702387.44,15884.0,500.0,96.9,1000,python3,284.59,5.9,1116,slack,56.36,6.8,1222,chrome,62.93,16.8,1337,chrome,195.53,15.9,1451,firefox,157.13,14.6
1775702389.44,15877.49,506.51,96.9,1005,code,521.21,28.1,1111,python3,326.72,9.3,1223,postgres,163.02,26.1,1341,postgres,26.12,21.7,1448,postgres,83.68,19.5
1775702391.44,15854.92,529.08,96.8,1009,java,509.09,25.2,1114,spotify,276.9,24.6,1222,firefox,108.84,2.4,1338,docker,13.55,7.5,1449,node,120.52,6.9
1775702393.44,15852.54,531.46,96.8,1009,slack,738.34,24.9,1117,slack,201.42,8.7,1225,docker,243.3,6.2,1337,chrome,39.27,0.6,1444,chrome,91.74,23.7
1775702395.44,15863.99,520.01,96.8,1001,code,137.12,9.0,1118,firefox,165.14,17.1,1230,java,58.72,25.6,1336,postgres,107.37,22.2,1448,node,150.86,10.0
1775702397.44,15860.7,523.3,96.8,1005,firefox,65.79,15.4,1114,slack,79.56,19.1,1230,code,247.73,2.4,1340,code,121.48,9.8,1452,slack,138.48,0.9
1775702399.44,15872.16,511.84,96.9,1002,docker,141.53,11.4,1116,firefox,135.33,16.0,1228,slack,220.87,6.4,1343,slack,95.73,1.6,1446,node,88.79,22.9
1775702401.44,15872.77,511.23,96.9,1002,docker,775.25,8.8,1113,java,157.21,16.5,1231,python3,82.24,16.8,1333,python3,56.68,21.8,1445,chrome,86.16,15.1
1775702403.44,15855.95,528.05,96.8,1000,firefox,609.71,23.6,1115,node,272.27,15.7,1224,docker,73.02,19.1,1337,spotify,21.15,17.2,1454,postgres,84.6,2.7
1775702405.44,15878.47,505.53,96.9,1001,node,670.08,4.3,1111,java,81.17,2.2,1226,java,40.4,6.5,1337,docker,47.96,21.7,1451,chrome,35.32,23.0
1775702407.44,15854.48,529.52,96.8,1006,node,268.09,16.5,1115,code,345.53,19.4,1229,docker,182.71,29.8,1333,docker,184.11,16.9,1446,node,102.85,12.9
1775702409.44,15842.98,541.02,96.7,1004,code,495.07,15.4,1113,docker,129.29,19.7,1226,firefox,119.54,25.7,1342,spotify,40.66,11.1,1451,java,140.6,29.5
1775702411.44,15857.52,526.48,96.8,1003,java,266.35,23.2,1116,node,210.8,5.4,1226,java,77.66,15.0,1343,chrome,126.45,9.9,1447,chrome,48.6,23.1
1775702413.44,15883.35,500.65,96.9,1001,chrome,182.84,10.8,1116,docker,130.51,7.9,1226,spotify,66.69,11.8,1336,firefox,189.81,3.0,1444,slack,47.07,1.4
1775702415.44,15861.2,522.8,96.8,1007,postgres,635.38,18.5,1121,spotify,101.32,27.3,1231,java,86.57,24.2,1342,node,80.72,18.6,1449,java,34.57,3.2
1775702417.44,15857.65,526.35,96.8,1006,docker,683.92,28.6,1119,spotify,335.28,26.8,1228,docker,32.04,6.3,1334,spotify,29.8,11.6,1447,python3,128.8,3.6
1775702419.44,15865.57,518.43,96.8,1007,firefox,492.28,24.3,1115,postgres,207.45,22.1,1222,postgres,102.07,26.8,1340,java,122.9,28.4,1453,code,114.4,4.1
1775702421.44,15844.48,539.52,96.7,1010,chrome,614.96,6.6,1111,docker,246.07,28.4,1224,node,193.83,19.2,1341,spotify,176.63,14.2,1451,node,109.65,10.9
1775702423.44,15860.56,523.44,96.8,1001,code,427.71,13.6,1112,java,78.24,19.3,1231,slack,136.0,6.6,1343,code,186.63,10.6,1454,spotify,79.34,9.0
1775702425.44,15863.81,520.19,96.8,1000,spotify,270.62,18.5,1115,docker,309.11,22.9,1231,python3,163.02,25.6,1339,code,85.24,12.3,1446,spotify,151.76,16.3
1775702427.44,15848.91,535.09,96.7,1009,java,454.76,26.5,1114,java,299.63,14.7,1228,node,172.54,11.6,1338,python3,101.58,12.1,1444,docker,64.19,0.3
1775702429.44,15868.33,515.67,96.9,1008,node,635.62,17.2,1112,code,197.29,27.5,1230,python3,17.78,29.6,1343,docker,124.48,29.6,1451,spotify,108.5,21.8
1775702431.44,15869.67,514.33,96.9,1008,python3,330.26,21.2,1117,java,122.86,26.6,1230,chrome,49.44,27.7,1333,python3,44.54,28.9,1454,postgres,54.13,11.6
1775702433.44,15884.0,500.0,96.9,1005,slack,374.67,12.3,1113,java,158.07,14.9,1222,postgres,243.4,16.3,1341,node,49.46,17.1,1447,slack,49.76,18.7
1775702435.44,15884.0,500.0,96.9,1006,spotify,108.26,12.2,1115,spotify,234.18,13.4,1226,python3,127.73,25.1,1342,slack,191.57,28.5,1454,docker,13.87,24.4
1775702437.44,15876.86,507.14,96.9,1006,postgres,686.07,11.7,1116,python3,245.2,12.4,1231,postgres,242.21,3.3,1342,code,144.06,12.3,1444,docker,44.85,21.4
1775702439.44,15884.0,500.0,96.9,1001,docker,476.81,14.1,1117,chrome,44.64,4.8,1222,node,188.9,12.9,1335,node,108.43,4.1,1449,firefox,37.1,0.9
1775702441.44,15880.85,503.15,96.9,1006,python3,525.03,3.3,1111,python3,160.39,30.0,1232,chrome,160.92,3.2,1336,spotify,160.07,10.0,1449,python3,59.4,9.4
1775702443.44,15884.0,500.0,96.9,1006,spotify,470.37,12.7,1120,firefox,34.79,18.0,1224,java,53.55,27.8,1340,firefox,139.33,14.7,1444,node,116.75,3.0
1775702445.44,15873.76,510.24,96.9,1002,slack,425.3,11.0,1119,spotify,258.22,13.6,1231,spotify,219.99,0.6,1342,spotify,149.21,16.4,1452,spotify,29.29,23.6
1775702447.44,15846.36,537.64,96.7,1004,spotify,94.13,2.9,1112,node,272.34,7.6,1230,spotify,30.16,28.8,1341,slack,100.07,9.4,1444,node,99.82,4.3
1775702449.44,15855.16,528.84,96.8,1005,node,771.23,16.2,1118,firefox,53.44,20.8,1231,firefox,69.73,22.8,1335,spotify,97.16,28.6,1447,spotify,121.59,13.9
1775702451.44,15830.0,554.0,96.6,1003,slack,52.41,0.9,1112,postgres,275.39,24.4,1224,java,198.87,19.4,1342,postgres,131.69,3.7,1444,postgres,124.85,28.3
1775702453.44,15843.77,540.23,96.7,1010,slack,784.11,10.9,1117,python3,286.12,20.8,1225,postgres,157.12,15.7,1342,node,68.44,5.0,1445,code,144.88,13.1
1775702455.44,15811.94,572.06,96.5,1007,node,176.73,9.5,1121,postgres,65.88,26.5,1223,docker,248.97,25.9,1335,postgres,54.9,3.5,1453,docker,95.86,4.6
1775702457.44,15839.24,544.76,96.7,1007,postgres,86.38,9.8,1114,chrome,39.66,10.0,1228,slack,263.08,3.7,1340,python3,104.26,8.1,1450,spotify,135.47,14.7
1775702459.44,15836.15,547.85,96.7,1002,java,195.45,21.3,1121,code,326.49,25.0,1222,slack,253.41,22.6,1335,python3,127.5,6.1,1453,python3,31.69,22.9
1775702461.44,15840.76,543.24,96.7,1000,node,536.23,15.4,1111,docker,86.64,9.0,1222,java,51.55,13.7,1337,firefox,35.65,17.2,1445,spotify,76.24,20.5
1775702463.44,15857.03,526.97,96.8,1005,slack,337.73,18.7,1114,code,167.28,26.2,1232,python3,134.88,12.8,1337,slack,186.19,24.5,1449,java,156.52,22.4
1775702465.44,15876.36,507.64,96.9,1009,firefox,747.43,23.5,1113,code,64.53,20.9,1231,firefox,69.68,11.9,1334,firefox,84.19,11.7,1452,firefox,102.01,22.6
1775702467.44,15884.0,500.0,96.9,1002,spotify,160.56,16.1,1119,code,28.22,5.1,1225,slack,174.13,9.7,1335,postgres,97.06,12.0,1449,postgres,154.75,1.3
1775702469.44,15870.84,513.16,96.9,1009,slack,691.85,28.5,1121,chrome,170.12,1.5,1225,spotify,212.73,14.3,1341,slack,192.52,17.4,1448,spotify,106.07,16.3
1775702471.44,15870.81,513.19,96.9,1000,java,79.08,23.7,1120,chrome,239.16,11.0,1226,chrome,103.01,19.3,1334,spotify,111.2,18.5,1446,chrome,129.27,14.9
1775702473.44,15866.02,517.98,96.8,1001,firefox,222.37,4.9,1120,node,102.54,28.6,1229,docker,31.82,4.2,1340,spotify,38.13,7.0,1448,code,115.79,4.3
1775702475.44,15866.12,517.88,96.8,1010,code,640.56,4.3,1114,node,77.46,10.7,1230,slack,212.06,23.1,1333,postgres,154.61,12.7,1451,postgres,36.6,2.9
1775702477.44,15862.72,521.28,96.8,1005,postgres,538.53,9.3,1119,firefox,30.77,20.3,1228,code,21.24,20.7,1339,slack,30.05,0.1,1445,node,143.5,14.5
1775702479.44,15856.32,527.68,96.8,1003,chrome,755.29,19.0,1116,code,289.58,19.0,1228,chrome,128.38,26.0,1335,chrome,70.19,7.3,1446,postgres,11.36,9.1
1775702481.44,15865.08,518.92,96.8,1006,node,725.02,22.7,1114,java,51.01,10.1,1222,code,55.76,0.5,1336,code,183.54,15.9,1450,slack,140.76,12.8
1775702483.44,15866.24,517.76,96.8,1006,spotify,775.28,24.5,1121,node,168.55,6.2,1224,chrome,158.82,15.7,1334,java,107.64,10.6,1445,spotify,144.79,19.8
1775702485.44,15884.0,500.0,96.9,1001,postgres,335.3,27.8,1118,chrome,319.01,21.2,1229,node,239.17,3.9,1339,docker,113.41,6.9,1448,java,52.03,10.0
1775702487.44,15884.0,500.0,96.9,1002,node,156.02,7.9,1114,spotify,179.09,17.1,1232,postgres,260.29,20.1,1343,docker,52.43,4.5,1451,python3,48.36,26.5
1775702489.44,15881.95,502.05,96.9,1003,python3,279.33,0.2,1117,code,218.88,20.6,1232,postgres,117.72,10.7,1342,python3,183.4,7.6,1449,chrome,148.6,21.6
1775702491.44,15873.18,510.82,96.9,1008,python3,336.77,27.2,1117,spotify,60.54,8.3,1225,slack,185.47,2.1,1338,slack,187.02,5.6,1450,python3,22.51,13.3
1775702493.44,15868.53,515.47,96.9,1002,postgres,131.42,4.4,1121,java,143.16,4.6,1223,java,30.37,12.1,1336,chrome,177.25,0.8,1446,postgres,79.46,11.8
1775702495.44,15869.23,514.77,96.9,1005,node,103.83,6.5,1118,slack,103.66,8.5,1228,java,214.97,18.1,1336,docker,101.08,14.4,1446,postgres,125.78,5.3
1775702497.44,15868.45,515.55,96.9,1002,slack,550.33,19.2,1112,python3,307.77,15.1,1228,code,56.53,25.0,1342,spotify,174.99,16.6,1451,spotify,95.09,25.3
1775702499.44,15884.0,500.0,96.9,1008,code,487.12,20.8,1111,java,290.06,3.7,1229,firefox,117.09,2.7,1333,postgres,183.68,16.8,1451,node,31.48,23.7
1775702501.44,15884.0,500.0,96.9,1006,python3,256.93,2.2,1117,firefox,368.51,18.5,1232,slack,201.46,26.8,1334,python3,17.3,7.9,1449,python3,85.35,21.9
1775702503.44,15877.07,506.93,96.9,1004,docker,624.69,0.2,1117,spotify,165.75,4.2,1222,python3,182.52,5.8,1335,docker,198.56,12.0,1447,slack,20.82,24.4
1775702505.44,15863.98,520.02,96.8,1003,firefox,270.97,6.8,1121,code,86.01,29.5,1226,firefox,152.9,17.0,1339,node,145.23,10.6,1453,firefox,30.69,24.5
1775702507.44,15860.55,523.45,96.8,1000,postgres,670.74,23.7,1111,java,265.99,22.9,1222,firefox,155.71,1.3,1338,spotify,41.82,7.8,1453,slack,22.78,29.8
1775702509.44,15852.54,531.46,96.8,1007,chrome,176.42,3.2,1119,java,175.89,19.9,1222,python3,221.17,18.3,1335,slack,177.25,2.8,1453,slack,100.89,27.4
1775702511.44,15844.42,539.58,96.7,1009,code,669.97,14.5,1112,firefox,396.69,20.3,1230,node,258.22,24.1,1334,firefox,57.74,6.6,1450,java,124.28,25.5
1775702513.44,15837.45,546.55,96.7,1003,chrome,224.59,19.3,1117,docker,230.22,23.3,1227,java,125.23,29.0,1334,code,156.4,28.0,1450,slack,106.77,26.8
1775702515.44,15856.17,527.83,96.8,1006,postgres,553.82,11.1,1119,docker,343.5,12.5,1223,docker,249.82,4.7,1342,java,172.48,26.0,1448,docker,44.13,13.6
1775702517.44,15877.07,506.93,96.9,1002,docker,201.73,3.4,1120,spotify,185.25,23.7,1231,postgres,115.48,11.2,1335,code,101.6,26.2,1454,java,57.15,17.5
1775702519.44,15865.54,518.46,96.8,1003,slack,367.79,8.9,1115,node,283.23,0.7,1228,slack,85.07,24.8,1338,docker,179.53,10.6,1449,docker,39.55,25.9
1775702521.44,15856.77,527.23,96.8,1007,python3,447.06,10.3,1117,code,95.54,0.6,1232,node,230.84,23.5,1339,node,124.03,2.7,1454,spotify,52.61,18.1
1775702523.44,15869.8,514.2,96.9,1009,docker,344.95,13.9,1117,firefox,243.75,12.3,1229,code,149.97,25.2,1343,docker,79.32,6.8,1444,spotify,74.84,29.6
1775702525.44,15850.52,533.48,96.7,1005,code,115.28,14.6,1117,node,333.16,8.5,1226,chrome,119.78,4.6,1333,spotify,31.49,11.5,1446,java,102.24,18.6
1775702527.44,15840.73,543.27,96.7,1007,slack,572.54,25.0,1114,node,90.66,24.3,1228,node,260.45,6.0,1342,java,161.88,5.2,1447,java,97.24,28.4
1775702529.44,15841.42,542.58,96.7,1009,docker,168.46,13.8,1116,java,244.33,19.2,1229,chrome,34.89,18.6,1341,node,191.01,23.0,1448,firefox,53.9,26.4
1775702531.44,15809.88,574.12,96.5,1007,code,313.4,0.0,1121,java,155.22,5.0,1227,node,29.19,7.8,1338,docker,142.8,15.3,1450,slack,139.4,10.1
1775702533.44,15813.24,570.76,96.5,1000,chrome,626.95,27.8,1116,spotify,363.38,19.4,1226,code,90.89,4.1,1333,code,107.67,28.2,1447,postgres,151.8,0.0
1775702535.44,15820.87,563.13,96.6,1008,docker,685.98,5.2,1118,chrome,130.22,21.7,1228,slack,265.25,19.3,1333,slack,35.16,14.7,1450,python3,28.66,28.7
1775702537.44,15812.25,571.75,96.5,1005,slack,219.47,26.5,1116,spotify,253.45,0.1,1232,code,118.26,12.5,1341,code,168.44,12.7,1450,python3,35.06,28.8
1775702539.44,15812.92,571.08,96.5,1000,slack,332.12,1.9,1111,python3,62.68,25.7,1227,chrome,235.04,27.8,1336,spotify,120.05,14.5,1447,postgres,89.45,2.2
1775702541.44,15812.52,571.48,96.5,1002,postgres,572.19,9.1,1118,spotify,283.93,9.1,1225,postgres,94.58,23.9,1343,docker,166.76,11.3,1450,code,134.67,18.0
1775702543.44,15813.96,570.04,96.5,1003,spotify,751.99,18.6,1111,code,368.87,28.5,1231,docker,219.16,2.5,1336,python3,163.05,11.8,1452,chrome,156.04,13.8
1775702545.44,15801.4,582.6,96.4,1010,code,597.05,18.6,1119,slack,105.24,20.4,1231,chrome,84.31,18.8,1334,java,137.26,14.1,1446,spotify,138.98,18.0
1775702547.44,15812.94,571.06,96.5,1000,code,769.12,11.0,1111,firefox,85.03,6.8,1223,slack,126.29,11.8,1339,docker,185.5,5.6,1445,python3,86.59,27.7
1775702549.44,15809.41,574.59,96.5,1001,chrome,121.95,20.3,1116,spotify,396.36,18.9,1224,python3,61.99,17.6,1337,postgres,160.92,7.9,1450,java,148.95,27.2
1775702551.44,15786.11,597.89,96.4,1002,python3,150.71,26.3,1118,java,287.86,8.3,1230,java,33.13,5.6,1341,python3,77.84,26.4,1453,code,54.19,5.3
1775702553.44,15792.43,591.57,96.4,1006,chrome,634.93,2.3,1113,chrome,222.69,1.1,1228,code,218.62,13.6,1341,chrome,111.18,27.6,1447,firefox,43.59,15.5
1775702555.44,15795.47,588.53,96.4,1002,postgres,166.23,1.8,1116,docker,47.19,6.7,1227,spotify,208.27,17.4,1338,docker,17.33,21.8,1451,spotify,33.57,0.1
1775702557.44,15794.0,590.0,96.4,1008,code,722.53,26.7,1112,docker,78.77,2.6,1225,docker,29.47,21.1,1334,java,104.22,11.6,1451,python3,132.6,1.6
1775702559.44,15809.57,574.43,96.5,1000,python3,363.37,2.9,1119,node,29.97,6.2,1224,chrome,207.72,28.9,1342,code,69.47,6.8,1445,spotify,45.67,24.2
1775702561.44,15832.45,551.55,96.6,1003,code,557.99,21.2,1119,spotify,87.82,1.6,1225,code,74.26,13.9,1342,slack,109.9,24.5,1452,docker,149.47,2.2
1775702563.44,15814.91,569.09,96.5,1000,postgres,155.53,7.0,1118,java,214.12,0.7,1231,chrome,20.18,28.2,1343,docker,128.12,8.5,1451,docker,120.57,18.2
1775702565.44,15789.09,594.91,96.4,1009,spotify,790.38,5.6,1119,firefox,344.34,28.5,1225,code,232.07,13.8,1343,postgres,59.42,20.2,1449,code,129.27,10.8
1775702567.44,15794.87,589.13,96.4,1003,node,245.15,1.2,1116,slack,269.72,28.6,1227,code,18.99,15.7,1335,code,95.7,29.9,1452,docker,51.02,9.8
1775702569.44,15812.34,571.66,96.5,1009,java,265.56,24.7,1111,slack,304.55,20.4,1227,postgres,141.52,14.9,1340,firefox,56.78,15.3,1452,code,121.7,23.8
1775702571.44,15821.82,562.18,96.6,1002,postgres,403.68,2.4,1112,chrome,342.68,19.9,1223,java,54.46,29.2,1341,spotify,175.68,14.4,1448,java,97.1,29.6
1775702573.44,15837.67,546.33,96.7,1005,code,341.25,18.5,1120,chrome,210.06,19.0,1226,firefox,45.66,20.7,1337,spotify,176.07,7.2,1444,java,114.21,12.8
1775702575.44,15847.6,536.4,96.7,1000,code,409.09,8.2,1119,postgres,86.48,9.6,1226,java,227.49,27.7,1334,spotify,53.38,11.5,1454,postgres,133.75,14.6
1775702577.44,15853.47,530.53,96.8,1003,firefox,450.1,16.9,1114,python3,297.2,28.9,1227,spotify,248.62,21.7,1338,code,56.7,6.8,1450,spotify,65.91,8.1
1775702579.44,15871.82,512.18,96.9,1006,spotify,214.54,10.7,1117,spotify,211.11,15.5,1225,docker,219.75,14.2,1335,chrome,70.25,27.7,1451,code,85.31,16.5
1775702581.44,15869.0,515.0,96.9,1009,java,287.26,8.5,1116,firefox,300.17,23.7,1224,slack,81.87,26.2,1337,docker,93.61,17.9,1448,firefox,114.06,27.9
1775702583.44,15884.0,500.0,96.9,1008,spotify,493.7,9.0,1116,node,85.57,5.7,1231,node,18.03,18.8,1341,chrome,26.27,19.4,1452,docker,36.23,19.5
1775702585.44,15861.57,522.43,96.8,1000,chrome,657.73,29.0,1121,firefox,192.79,24.8,1232,node,150.9,20.0,1339,chrome,26.79,24.6,1445,spotify,26.2,25.6
1775702587.44,15851.17,532.83,96.7,1006,postgres,782.04,20.7,1120,firefox,379.66,1.0,1227,code,144.68,9.3,1337,docker,182.81,7.2,1444,node,131.12,15.4
1775702589.44,15831.11,552.89,96.6,1003,python3,173.76,15.8,1116,java,346.48,27.3,1225,java,118.57,25.5,1343,chrome,191.41,26.3,1447,firefox,32.02,27.0
1775702591.44,15827.06,556.94,96.6,1009,python3,799.8,3.2,1119,python3,384.19,17.2,1225,chrome,219.84,9.7,1333,python3,97.51,18.3,1449,slack,23.13,13.8
1775702593.44,15839.79,544.21,96.7,1006,python3,232.41,27.1,1111,spotify,120.84,17.3,1229,java,253.96,15.8,1337,node,61.46,19.3,1448,firefox,85.9,18.3
1775702595.44,15824.8,559.2,96.6,1007,node,236.22,28.1,1111,node,298.2,8.2,1223,java,183.57,24.4,1335,node,65.83,19.6,1449,node,121.73,24.9
1775702597.44,15856.95,527.05,96.8,1001,spotify,266.09,22.6,1112,code,76.02,10.3,1222,docker,182.61,15.1,1341,docker,150.08,8.8,1448,java,62.19,24.8
1775702599.44,15852.72,531.28,96.8,1007,chrome,523.76,23.0,1114,docker,98.18,27.8,1227,code,80.47,11.2,1336,firefox,78.41,7.9,1446,python3,32.85,16.1
1775702601.44,15848.0,536.0,96.7,1000,spotify,415.22,23.5,1120,chrome,240.83,27.4,1223,python3,111.82,18.2,1338,slack,30.9,3.0,1445,slack,127.93,11.1
1775702603.44,15831.45,552.55,96.6,1000,postgres,765.23,29.9,1117,firefox,188.02,16.6,1228,spotify,108.9,20.1,1342,firefox,182.38,22.3,1453,docker,153.63,10.8
1775702605.44,15803.25,580.75,96.5,1000,chrome,787.71,22.6,1116,python3,92.03,0.8,1226,chrome,173.89,10.7,1340,java,43.44,21.5,1448,python3,13.49,4.4
1775702607.44,15816.11,567.89,96.5,1002,chrome,494.07,6.7,1113,python3,34.17,27.7,1226,code,184.97,16.4,1338,docker,97.92,15.4,1447,postgres,26.56,21.5
1775702609.44,15823.85,560.15,96.6,1003,firefox,419.77,19.1,1117,code,212.93,14.0,1231,docker,145.17,25.4,1338,node,152.01,26.1,1449,python3,58.14,9.6
1775702611.44,15821.21,562.79,96.6,1010,spotify,477.91,3.6,1115,code,388.53,7.4,1222,postgres,76.64,14.8,1337,node,12.93,16.2,1448,slack,123.52,21.9
1775702613.44,15810.19,573.81,96.5,1004,python3,322.09,24.2,1111,spotify,350.0,11.5,1225,node,211.97,10.0,1340,spotify,140.54,3.0,1449,chrome,89.38,0.0
1775702615.44,15814.89,569.11,96.5,1008,postgres,299.24,10.4,1121,firefox,361.38,19.8,1224,spotify,113.91,7.2,1333,postgres,101.4,21.8,1444,spotify,92.92,28.4
1775702617.44,15805.59,578.41,96.5,1008,node,257.34,30.0,1113,docker,160.9,7.9,1229,chrome,47.79,8.3,1342,firefox,16.36,18.9,1450,spotify,46.7,16.3
1775702619.44,15811.69,572.31,96.5,1001,code,71.62,10.4,1120,slack,40.44,18.8,1232,postgres,113.91,11.8,1336,postgres,131.51,6.4,1453,java,71.62,13.1
1775702621.44,15822.62,561.38,96.6,1000,firefox,606.83,14.8,1114,spotify,39.97,10.8,1232,postgres,64.68,30.0,1336,node,27.62,29.6,1447,code,114.71,20.6
1775702623.44,15816.16,567.84,96.5,1001,chrome,212.67,14.7,1114,slack,34.79,1.0,1229,docker,212.29,16.8,1341,code,173.54,20.7,1452,docker,147.56,20.8
1775702625.44,15802.77,581.23,96.5,1004,node,667.13,28.1,1117,firefox,37.18,16.3,1225,slack,33.17,5.4,1335,postgres,126.19,1.3,1448,chrome,63.99,6.0
1775702627.44,15809.6,574.4,96.5,1009,slack,501.0,8.0,1121,node,218.22,8.5,1231,firefox,220.62,25.7,1335,firefox,147.81,0.4,1449,node,109.92,11.1
1775702629.44,15805.97,578.03,96.5,1002,node,76.47,0.3,1120,python3,167.36,16.1,1228,chrome,227.96,14.7,1341,firefox,73.12,10.9,1449,chrome,61.84,18.8
1775702631.44,15820.54,563.46,96.6,1007,java,751.72,2.8,1113,java,321.75,4.2,1226,node,119.64,14.3,1333,postgres,130.52,21.0,1445,chrome,85.19,1.6
1775702633.44,15836.3,547.7,96.7,1001,node,745.29,19.7,1118,postgres,341.79,29.9,1231,firefox,252.66,8.0,1338,python3,104.69,22.3,1445,docker,83.25,17.5
1775702635.44,15821.64,562.36,96.6,1003,docker,181.18,10.7,1116,java,109.0,6.3,1225,postgres,64.54,9.2,1341,spotify,26.41,1.8,1444,chrome,35.27,5.3
1775702637.44,15825.98,558.02,96.6,1000,java,771.13,29.7,1113,firefox,276.18,11.1,1229,slack,134.75,8.9,1334,python3,149.73,9.3,1448,python3,24.02,29.2
1775702639.44,15822.34,561.66,96.6,1004,python3,108.34,21.3,1115,chrome,272.26,26.6,1229,slack,197.58,25.5,1343,code,50.49,14.4,1450,code,104.59,15.7
1775702641.44,15816.16,567.84,96.5,1009,spotify,532.52,19.0,1117,node,283.73,20.6,1224,docker,236.62,9.3,1337,firefox,133.5,23.7,1444,spotify,79.84,26.2
1775702643.44,15834.69,549.31,96.6,1009,slack,407.45,6.7,1119,python3,289.14,25.2,1231,slack,106.74,4.7,1333,postgres,127.82,18.8,1447,postgres,55.91,9.2
1775702645.44,15848.23,535.77,96.7,1004,docker,243.12,13.0,1116,spotify,70.46,3.0,1222,code,253.91,11.2,1335,code,196.0,18.8,1445,firefox,142.48,17.5
1775702647.44,15820.2,563.8,96.6,1002,node,369.23,29.2,1119,slack,179.42,1.0,1232,slack,261.42,7.0,1336,firefox,31.46,7.4,1453,firefox,116.55,5.2
1775702649.44,15815.84,568.16,96.5,1000,node,109.98,12.1,1121,code,45.97,25.0,1223,node,224.33,8.3,1333,docker,47.75,15.3,1448,code,51.61,28.5
1775702651.44,15795.86,588.14,96.4,1004,firefox,560.46,29.8,1116,code,399.55,13.2,1225,node,17.93,12.2,1337,slack,97.92,11.1,1452,code,153.76,11.1
1775702653.44,15780.7,603.3,96.3,1005,firefox,526.99,27.9,1118,python3,318.68,11.6,1224,code,208.76,13.0,1334,docker,175.3,9.1,1451,python3,141.99,5.2
1775702655.44,15773.91,610.09,96.3,1004,firefox,200.33,3.0,1117,firefox,55.5,8.5,1226,code,153.48,0.5,1338,postgres,172.95,0.8,1449,node,87.66,24.2
1775702657.44,15795.23,588.77,96.4,1007,spotify,348.41,3.2,1120,spotify,38.99,18.9,1229,spotify,152.15,17.7,1338,spotify,142.89,6.8,1445,slack,142.68,0.7
1775702659.44,15796.38,587.62,96.4,1007,slack,605.82,10.0,1115,spotify,373.96,3.6,1229,code,122.57,9.6,1340,chrome,139.16,15.8,1450,java,83.84,24.9
1775702661.44,15788.3,595.7,96.4,1003,slack,795.2,24.9,1113,slack,162.22,18.4,1222,code,234.14,10.1,1337,code,137.46,28.2,1450,slack,127.77,16.7
1775702663.44,15785.91,598.09,96.3,1010,code,110.36,20.4,1118,slack,208.72,8.2,1222,slack,210.33,3.5,1337,spotify,180.39,25.9,1451,firefox,78.7,3.0
1775702665.44,15803.8,580.2,96.5,1001,node,620.57,8.6,1113,java,235.07,18.4,1232,java,163.62,10.3,1334,node,164.97,19.1,1453,firefox,79.6,1.4
1775702667.44,15797.25,586.75,96.4,1005,code,519.23,5.1,1115,chrome,90.31,15.6,1229,slack,170.21,28.7,1333,node,113.23,27.1,1451,java,152.11,1.5
1775702669.44,15811.54,572.46,96.5,1006,python3,728.25,28.8,1113,firefox,317.75,17.0,1227,node,127.21,5.0,1333,spotify,115.58,10.8,1446,docker,29.41,24.1
1775702671.44,15811.01,572.99,96.5,1006,docker,326.45,8.2,1120,chrome,161.43,17.3,1225,chrome,76.79,9.7,1336,docker,157.87,11.2,1444,slack,125.2,15.5
1775702673.44,15825.39,558.61,96.6,1008,code,691.48,27.7,1111,postgres,378.68,20.7,1229,python3,162.63,4.1,1342,code,183.14,28.1,1450,node,77.8,18.5
1775702675.44,15824.98,559.02,96.6,1004,docker,159.62,5.0,1119,slack,233.76,5.1,1225,spotify,127.34,27.6,1340,chrome,156.33,28.2,1451,docker,15.85,2.1
1775702677.44,15808.46,575.54,96.5,1004,postgres,236.54,1.3,1113,spotify,240.07,24.3,1223,chrome,240.5,29.9,1340,postgres,165.66,1.1,1446,firefox,133.44,20.0
1775702679.44,15780.07,603.93,96.3,1009,slack,211.43,20.8,1119,code,379.02,1.8,1226,node,24.0,13.7,1337,slack,159.2,19.3,1444,firefox,122.01,9.2
1775702681.44,15808.84,575.16,96.5,1010,firefox,564.16,18.0,1117,slack,163.29,16.6,1231,docker,86.7,16.5,1337,java,135.4,7.7,1446,python3,38.49,23.7
1775702683.44,15812.68,571.32,96.5,1002,firefox,56.24,12.2,1118,code,374.37,29.9,1229,postgres,51.34,10.9,1341,slack,180.85,9.0,1444,java,75.32,2.5
1775702685.44,15819.94,564.06,96.6,1000,code,167.73,19.1,1112,slack,64.41,20.7,1222,docker,115.97,22.2,1333,spotify,188.33,12.0,1454,python3,71.31,5.4
1775702687.44,15830.26,553.74,96.6,1002,chrome,167.36,11.4,1112,postgres,50.41,1.0,1231,python3,86.98,6.4,1342,firefox,152.57,29.8,1444,firefox,129.61,25.8
1775702689.44,15825.75,558.25,96.6,1001,docker,179.66,8.3,1118,python3,326.42,20.2,1223,slack,232.03,17.1,1333,java,183.96,9.3,1450,python3,12.6,13.3
1775702691.44,15813.15,570.85,96.5,1007,code,482.57,2.3,1117,docker,99.99,20.9,1232,code,80.23,28.6,1334,postgres,17.14,19.7,1445,node,154.84,19.9
1775702693.44,15532.51,851.49,94.8,1008,node,686.57,8.8,1118,code,343.95,6.6,1226,python3,91.08,1.7,1343,postgres,137.28,17.1,1446,python3,57.18,13.4
1775702695.44,15513.39,870.61,94.7,1004,chrome,645.25,8.4,1119,spotify,160.02,4.9,1223,postgres,72.19,8.4,1338,java,70.2,27.5,1447,spotify,82.16,24.4
1775702697.44,15518.79,865.21,94.7,1003,node,315.4,28.5,1116,spotify,254.66,14.3,1226,spotify,133.56,26.8,1340,firefox,90.98,11.4,1450,docker,66.57,28.1
1775702699.44,15519.59,864.41,94.7,1001,node,277.04,15.3,1117,spotify,311.65,23.5,1226,chrome,69.79,9.1,1335,python3,33.24,29.8,1448,firefox,39.94,4.1
1775702701.44,15508.42,875.58,94.7,1001,postgres,349.33,0.4,1115,spotify,217.63,9.5,1231,chrome,225.83,10.0,1341,code,155.82,28.7,1447,java,64.86,22.9
1775702703.44,15485.84,898.16,94.5,1009,code,452.7,6.8,1117,firefox,101.69,13.7,1222,chrome,96.87,29.7,1336,postgres,29.61,16.3,1451,firefox,15.38,27.1
1775702705.44,15474.1,909.9,94.4,1004,firefox,134.2,27.3,1115,chrome,72.17,21.0,1226,python3,258.83,4.5,1333,slack,74.86,9.6,1447,code,31.74,22.7
1775702707.44,15492.3,891.7,94.6,1009,firefox,481.01,25.4,1116,spotify,315.75,27.4,1223,spotify,190.29,3.3,1339,firefox,73.0,24.0,1450,chrome,27.71,2.6
1775702709.44,15475.78,908.22,94.5,1010,node,163.36,10.7,1119,node,173.84,26.3,1226,spotify,46.95,17.4,1334,java,75.86,9.3,1452,code,141.21,3.0
1775702711.44,15454.51,929.49,94.3,1006,slack,423.99,5.3,1112,code,210.11,14.3,1224,code,110.39,16.4,1337,firefox,20.3,6.1,1449,spotify,99.83,27.8
1775702713.44,15455.21,928.79,94.3,1001,python3,282.73,7.7,1121,java,167.34,11.6,1231,code,256.67,27.7,1339,python3,27.18,6.8,1448,postgres,12.17,11.5
1775702715.44,15464.1,919.9,94.4,1006,code,571.66,0.3,1119,postgres,248.49,8.4,1229,firefox,71.63,6.0,1333,chrome,102.41,15.5,1447,node,65.42,6.3
1775702717.44,15450.37,933.63,94.3,1007,firefox,133.29,0.9,1111,docker,273.7,11.6,1230,python3,100.69,9.8,1341,node,107.42,16.8,1450,code,31.13,26.8
1775702719.44,15414.68,969.32,94.1,1007,spotify,51.6,10.1,1118,node,40.72,22.1,1222,docker,233.1,17.0,1343,slack,71.33,29.3,1447,java,73.91,13.3
1775702721.44,15441.41,942.59,94.2,1002,slack,347.4,6.1,1120,docker,150.26,14.7,1223,code,62.06,8.6,1338,spotify,167.18,22.3,1453,node,95.51,4.8
1775702723.44,15459.98,924.02,94.4,1002,slack,715.16,3.6,1116,java,162.98,18.7,1228,chrome,90.14,5.3,1343,docker,65.3,13.8,1444,java,52.09,2.4
1775702725.44,15460.12,923.88,94.4,1009,python3,251.1,22.4,1113,node,358.88,23.2,1228,slack,145.93,6.5,1342,node,123.23,6.7,1453,java,13.98,21.0
1775702727.44,15476.72,907.28,94.5,1002,node,515.14,18.0,1120,postgres,201.35,20.9,1230,docker,86.32,23.7,1338,java,146.87,21.3,1444,node,109.56,19.5
1775702729.44,15485.64,898.36,94.5,1005,spotify,187.23,17.9,1120,postgres,372.3,3.4,1232,python3,168.2,12.4,1338,postgres,109.94,29.6,1446,docker,84.32,17.0
1775702731.44,15468.71,915.29,94.4,1010,code,517.79,17.6,1112,node,174.72,9.3,1229,docker,56.86,2.9,1341,slack,199.51,25.9,1444,code,129.6,13.4
1775702733.44,15461.42,922.58,94.4,1009,java,132.7,19.5,1116,slack,345.97,4.0,1232,slack,81.27,7.9,1335,docker,194.92,19.2,1452,chrome,49.69,9.8
1775702735.44,15442.3,941.7,94.3,1008,spotify,474.06,3.5,1112,docker,363.49,22.6,1232,postgres,219.37,27.9,1339,node,85.91,3.7,1452,node,127.53,14.1
1775702737.44,15439.81,944.19,94.2,1001,python3,322.08,11.3,1119,python3,66.61,28.7,1222,node,261.28,29.5,1341,code,158.85,29.2,1453,docker,157.98,18.6
1775702739.44,15442.91,941.09,94.3,1010,java,525.49,21.1,1116,python3,124.24,11.0,1230,spotify,133.14,7.0,1338,spotify,24.39,27.7,1454,spotify,86.92,15.5
1775702741.44,15428.21,955.79,94.2,1002,spotify,379.16,23.6,1113,firefox,261.51,23.8,1226,firefox,156.74,9.6,1338,postgres,38.01,25.2,1449,postgres,119.31,15.1
1775702743.44,15459.01,924.99,94.4,1009,code,189.36,15.1,1121,spotify,175.8,7.1,1232,firefox,185.71,20.6,1340,chrome,170.72,12.9,1447,python3,40.92,0.1
1775702745.44,15463.6,920.4,94.4,1005,docker,646.18,5.7,1120,firefox,268.42,3.6,1228,python3,34.31,10.4,1339,docker,63.12,16.7,1450,node,84.52,24.5
1775702747.44,15465.36,918.64,94.4,1003,java,344.88,28.7,1119,java,275.43,1.6,1228,slack,130.41,3.5,1340,firefox,187.8,7.7,1444,firefox,43.96,22.9
1775702749.44,15445.64,938.36,94.3,1002,slack,435.68,14.1,1112,docker,83.83,8.2,1228,chrome,19.28,26.3,1334,chrome,155.48,26.0,1452,python3,130.63,13.5
1775702751.44,15440.8,943.2,94.2,1007,code,491.65,8.1,1120,docker,121.75,0.5,1222,spotify,135.85,12.8,1343,postgres,21.94,29.0,1451,code,106.02,20.4
1775702753.44,15441.34,942.66,94.2,1005,firefox,186.79,26.4,1121,chrome,321.66,28.4,1230,python3,30.12,10.9,1334,code,55.46,0.9,1452,node,99.18,5.7
1775702755.44,15452.47,931.53,94.3,1009,firefox,526.66,25.2,1112,firefox,326.43,4.4,1225,postgres,98.52,23.1,1341,spotify,91.74,20.6,1451,code,145.62,25.8
1775702757.44,15414.43,969.57,94.1,1000,slack,706.32,11.5,1111,java,44.87,10.3,1222,java,89.11,10.6,1334,slack,55.46,16.6,1448,chrome,134.16,22.4
1775702759.44,15416.03,967.97,94.1,1000,docker,515.22,8.2,1119,spotify,357.99,24.5,1227,node,41.98,5.7,1335,postgres,93.73,10.5,1454,firefox,33.45,8.7
1775702761.44,15413.48,970.52,94.1,1008,code,153.75,22.0,1120,python3,352.41,11.5,1230,node,98.65,19.1,1340,node,113.15,25.5,1454,spotify,71.5,15.0
1775702763.44,15406.93,977.07,94.0,1006,spotify,251.28,22.7,1119,postgres,189.65,28.8,1225,code,171.54,14.7,1343,spotify,92.93,17.0,1446,node,99.16,7.6
1775702765.44,15404.62,979.38,94.0,1004,spotify,213.25,13.9,1119,postgres,148.33,25.7,1230,postgres,79.28,19.5,1333,python3,164.2,7.0,1451,docker,27.18,29.9
1775702767.44,15430.52,953.48,94.2,1005,chrome,540.2,20.3,1113,slack,183.22,25.2,1223,slack,79.15,12.3,1342,code,18.42,2.2,1452,spotify,90.95,20.9
1775702769.44,15429.96,954.04,94.2,1004,docker,52.45,19.6,1115,postgres,286.74,7.6,1227,node,210.34,25.3,1335,firefox,88.61,4.0,1445,spotify,112.04,10.0
1775702771.44,15411.81,972.19,94.1,1009,postgres,321.7,20.6,1113,java,157.6,22.7,1232,python3,34.38,10.2,1334,postgres,163.54,5.2,1444,chrome,11.03,30.0
1775702773.44,15393.06,990.94,94.0,1006,postgres,608.56,3.2,1114,docker,361.21,5.0,1224,slack,108.84,28.3,1339,spotify,193.37,20.5,1445,postgres,94.55,10.7
1775702775.44,15387.1,996.9,93.9,1000,docker,200.61,13.9,1112,spotify,278.22,18.2,1222,node,128.55,14.1,1336,code,30.76,23.8,1449,node,127.38,29.5
1775702777.44,15372.08,1011.92,93.8,1008,firefox,135.74,29.8,1121,code,259.66,17.2,1222,chrome,140.39,27.7,1339,docker,37.69,17.6,1453,slack,90.46,2.4
1775702779.44,15401.0,983.0,94.0,1001,chrome,379.42,25.7,1121,chrome,146.56,29.4,1231,firefox,239.67,16.1,1343,docker,198.89,1.4,1446,firefox,43.5,13.1
1775702781.44,15380.05,1003.95,93.9,1003,python3,680.05,26.6,1120,java,168.29,27.0,1229,chrome,60.67,19.0,1336,docker,169.84,6.3,1444,firefox,78.36,29.3
1775702783.44,15382.78,1001.22,93.9,1006,python3,502.25,20.2,1117,slack,261.49,20.6,1229,node,82.94,15.7,1333,postgres,44.4,16.3,1454,postgres,53.59,24.7
1775702785.44,15367.12,1016.88,93.8,1008,slack,480.77,28.1,1120,spotify,318.75,7.2,1224,code,172.54,20.1,1336,node,150.08,27.6,1448,python3,24.24,18.1
1775702787.44,15350.41,1033.59,93.7,1008,firefox,362.22,26.1,1111,postgres,142.07,5.1,1222,postgres,187.91,22.7,1343,postgres,199.43,2.9,1447,code,73.72,19.8
1775702789.44,15346.4,1037.6,93.7,1007,chrome,89.86,6.6,1118,spotify,30.95,29.3,1229,postgres,216.13,3.5,1333,java,163.17,20.2,1444,firefox,140.82,22.7
1775702791.44,15330.57,1053.43,93.6,1005,java,495.12,0.2,1113,slack,274.99,2.9,1229,chrome,141.87,15.2,1333,docker,164.4,8.3,1444,docker,59.43,0.5
1775702793.44,15330.44,1053.56,93.6,1002,java,675.94,12.7,1117,docker,109.64,18.6,1230,java,260.11,2.7,1338,chrome,20.9,11.1,1452,firefox,123.83,17.3
1775702795.44,15293.55,1090.45,93.3,1005,code,377.51,14.9,1120,python3,384.67,4.3,1223,spotify,255.42,9.6,1339,code,103.08,15.4,1451,chrome,109.89,12.9
1775702797.44,15293.69,1090.31,93.3,1000,code,628.83,7.7,1121,firefox,377.82,13.9,1225,node,50.19,9.8,1334,spotify,144.62,6.3,1452,code,44.22,25.3
1775702799.44,15315.59,1068.41,93.5,1003,java,708.93,29.4,1121,java,237.67,20.0,1225,spotify,232.49,7.2,1338,slack,160.26,2.4,1452,docker,113.93,5.0
1775702801.44,15311.86,1072.14,93.5,1001,chrome,376.07,20.6,1112,spotify,155.33,15.2,1223,java,39.56,18.4,1335,spotify,143.04,12.9,1447,java,158.63,23.2
1775702803.44,15322.48,1061.52,93.5,1001,slack,103.79,14.4,1116,chrome,385.26,24.4,1226,node,112.86,2.2,1338,code,65.92,22.7,1454,java,141.25,28.9
1775702805.44,15355.06,1028.94,93.7,1001,firefox,660.88,4.8,1113,code,322.85,23.7,1231,node,214.27,6.4,1340,node,15.72,20.5,1444,node,107.48,24.5
1775702807.44,15335.13,1048.87,93.6,1009,firefox,760.42,6.8,1118,firefox,188.37,22.3,1232,postgres,177.53,0.6,1342,postgres,81.86,0.9,1446,firefox,101.35,8.2
1775702809.44,15351.33,1032.67,93.7,1001,node,784.94,28.2,1120,slack,349.18,29.2,1227,firefox,55.61,27.5,1338,firefox,66.94,26.0,1448,python3,35.36,10.2
1775702811.44,15350.68,1033.32,93.7,1001,node,614.28,22.1,1113,firefox,355.37,15.8,1228,code,75.47,22.0,1343,node,14.52,12.8,1454,node,26.18,3.7
1775702813.44,15343.11,1040.89,93.6,1006,docker,587.73,18.6,1119,python3,303.42,3.7,1225,firefox,198.19,5.3,1335,code,165.05,2.3,1452,spotify,14.49,17.2
1775702815.44,15332.43,1051.57,93.6,1008,docker,488.56,6.4,1114,node,42.52,19.6,1223,node,145.73,19.5,1334,spotify,117.92,29.8,1450,chrome,34.26,25.8
1775702817.44,15338.98,1045.02,93.6,1010,slack,526.88,16.4,1115,node,101.47,9.5,1232,slack,122.08,29.5,1336,firefox,107.28,16.8,1449,slack,88.7,23.2
1775702819.44,15321.54,1062.46,93.5,1009,java,425.18,13.7,1119,docker,238.33,5.4,1226,java,81.98,4.8,1336,firefox,187.82,15.9,1454,java,50.77,8.2
1775702821.44,15306.92,1077.08,93.4,1007,chrome,710.53,17.3,1118,firefox,120.87,4.3,1224,postgres,155.27,16.6,1334,postgres,99.43,16.2,1452,node,133.73,5.7
1775702823.44,15271.74,1112.26,93.2,1005,spotify,343.73,22.9,1117,java,278.93,21.6,1223,postgres,30.18,7.4,1337,slack,171.93,26.6,1448,firefox,46.25,13.6
1775702825.44,15282.13,1101.87,93.3,1006,node,213.38,10.3,1118,chrome,215.05,2.1,1229,firefox,261.78,26.5,1339,java,163.48,28.6,1448,postgres,108.99,11.7
1775702827.44,15254.39,1129.61,93.1,1009,chrome,443.46,18.2,1116,docker,71.08,14.5,1228,code,40.64,26.1,1335,python3,136.01,24.8,1449,spotify,72.67,11.3
1775702829.44,15244.98,1139.02,93.0,1009,firefox,67.17,20.2,1115,node,188.09,24.1,1226,slack,145.21,29.5,1341,java,147.48,2.0,1445,docker,52.63,13.2
1775702831.44,15254.49,1129.51,93.1,1002,java,538.54,23.9,1120,chrome,263.25,27.3,1231,docker,252.44,28.6,1343,chrome,53.89,10.7,1453,chrome,79.77,8.2
1775702833.44,15219.14,1164.86,92.9,1000,spotify,580.15,13.7,1116,firefox,151.46,0.9,1232,node,68.32,24.5,1337,node,152.44,29.5,1451,python3,156.27,14.6
1775702835.44,15231.76,1152.24,93.0,1003,code,425.74,15.2,1114,postgres,32.59,4.4,1223,chrome,47.25,22.4,1338,python3,83.96,27.1,1447,code,16.9,21.1
1775702837.44,15237.7,1146.3,93.0,1007,slack,565.69,8.4,1113,chrome,164.42,8.7,1222,code,39.24,12.6,1341,python3,100.61,12.0,1448,chrome,21.94,15.3
1775702839.44,15208.09,1175.91,92.8,1007,postgres,131.05,27.3,1119,python3,198.69,19.4,1223,node,204.18,17.7,1341,python3,151.27,16.8,1446,docker,72.24,6.6
1775702841.44,15211.68,1172.32,92.8,1001,slack,648.39,24.2,1117,slack,309.64,9.5,1226,docker,257.97,25.1,1337,firefox,98.91,9.3,1451,python3,77.25,28.2
1775702843.44,15229.8,1154.2,93.0,1003,code,706.91,19.5,1120,slack,34.7,2.2,1225,node,122.66,15.4,1343,python3,148.25,9.9,1448,python3,134.61,13.2
1775702845.44,15211.34,1172.66,92.8,1000,postgres,558.5,7.5,1116,slack,225.01,12.4,1225,java,84.17,4.5,1338,spotify,153.51,27.6,1444,java,46.35,26.7
1775702847.44,15199.21,1184.79,92.8,1005,postgres,589.76,15.0,1111,chrome,131.03,2.0,1222,spotify,160.87,17.7,1341,slack,75.09,12.2,1444,code,111.83,12.2
1775702849.44,15178.6,1205.4,92.6,1003,spotify,474.66,5.6,1119,node,170.73,21.4,1229,spotify,146.43,1.2,1342,docker,150.5,28.1,1453,python3,131.97,15.0
1775702851.44,15188.0,1196.0,92.7,1003,node,440.25,26.4,1112,node,176.43,3.9,1222,slack,202.48,2.5,1338,python3,146.65,21.2,1448,java,82.27,26.2
1775702853.44,15200.33,1183.67,92.8,1002,python3,751.74,27.5,1116,chrome,162.05,19.5,1229,slack,232.79,24.9,1337,slack,176.13,25.3,1444,firefox,96.72,7.9
1775702855.44,14917.45,1466.55,91.0,1009,python3,218.35,23.9,1114,docker,349.6,2.8,1226,python3,229.36,8.5,1343,slack,136.14,1.8,1445,node,146.55,13.8
1775702857.44,14935.19,1448.81,91.2,1004,chrome,636.84,23.8,1117,spotify,313.74,9.5,1225,slack,188.44,10.1,1343,docker,71.53,28.2,1446,python3,11.79,4.1
1775702859.44,14922.93,1461.07,91.1,1009,slack,525.07,1.4,1117,chrome,91.49,5.5,1226,docker,179.65,6.9,1343,code,56.9,25.4,1447,docker,90.17,26.6
1775702861.44,15313.71,1070.29,93.5,1004,python3,479.26,6.9,1116,firefox,162.33,13.2,1231,node,60.48,30.0,1333,chrome,141.65,21.9,1446,python3,130.19,9.0
1775702863.44,15319.0,1065.0,93.5,1001,node,79.64,11.5,1112,chrome,216.91,9.5,1229,chrome,86.52,17.4,1339,postgres,12.84,22.6,1450,postgres,156.55,11.2
1775702865.44,15341.81,1042.19,93.6,1004,code,218.26,21.4,1113,spotify,164.76,2.3,1224,node,61.39,26.3,1335,code,53.24,17.3,1454,python3,148.95,16.2
1775702867.44,15360.17,1023.83,93.8,1001,postgres,785.79,14.8,1116,chrome,89.52,3.0,1226,spotify,37.87,25.4,1333,code,124.95,25.4,1449,node,112.38,28.9
1775702869.44,15379.24,1004.76,93.9,1010,python3,659.8,25.7,1121,slack,58.3,8.8,1232,node,175.65,25.2,1343,spotify,133.94,20.6,1445,spotify,138.74,14.0
1775702871.44,15377.7,1006.3,93.9,1001,docker,354.93,0.6,1112,spotify,330.63,22.4,1223,code,103.61,24.1,1336,code,165.1,20.7,1444,code,110.15,3.3
1775702873.44,15407.69,976.31,94.0,1008,slack,152.88,0.8,1115,firefox,167.66,4.4,1232,chrome,174.11,18.5,1336,python3,144.79,5.7,1449,python3,107.22,20.0
1775702875.44,15389.89,994.11,93.9,1002,firefox,789.63,21.9,1113,chrome,303.73,19.1,1228,firefox,119.67,21.9,1342,code,177.57,12.8,1445,python3,79.59,24.2
1775702877.44,15398.31,985.69,94.0,1003,chrome,311.12,17.3,1113,firefox,324.18,7.4,1224,postgres,209.74,17.5,1333,docker,137.68,0.5,1452,java,139.99,15.3
1775702879.44,15388.5,995.5,93.9,1001,spotify,187.2,27.9,1111,python3,332.21,4.2,1227,postgres,27.94,0.4,1339,code,92.86,11.7,1452,postgres,57.95,1.8
1775702881.44,15380.2,1003.8,93.9,1008,postgres,438.77,18.7,1111,java,29.93,10.0,1232,spotify,152.52,21.2,1341,code,65.6,14.2,1444,firefox,109.56,13.0
1775702883.44,15393.07,990.93,94.0,1001,docker,159.19,3.7,1117,spotify,217.46,9.4,1225,node,84.32,30.0,1336,node,114.58,24.5,1444,spotify,105.53,12.5
1775702885.44,15374.32,1009.68,93.8,1002,chrome,427.54,20.6,1111,firefox,175.04,10.1,1230,chrome,262.21,7.7,1333,firefox,113.21,10.7,1449,spotify,132.14,2.4
1775702887.44,15377.86,1006.14,93.9,1003,spotify,627.9,28.3,1115,postgres,307.13,29.9,1232,postgres,233.38,21.1,1342,python3,154.05,0.5,1449,postgres,58.03,8.1
1775702889.44,15368.64,1015.36,93.8,1001,docker,716.58,17.1,1115,spotify,135.22,8.1,1224,python3,226.58,7.1,1342,spotify,75.32,15.0,1451,postgres,33.29,28.5
1775702891.44,15361.3,1022.7,93.8,1006,node,52.63,8.3,1116,firefox,33.72,29.0,1226,docker,149.53,20.2,1337,code,177.8,5.9,1452,python3,85.94,27.5
1775702893.44,15383.57,1000.43,93.9,1002,firefox,126.72,3.1,1119,spotify,297.94,8.5,1224,node,262.51,28.8,1339,java,81.72,26.9,1449,java,43.41,18.9
1775702895.44,15270.92,1113.08,93.2,1004,node,201.88,17.4,1111,code,155.65,24.7,1222,docker,183.24,18.9,1338,java,118.8,25.5,1448,java,156.36,27.3
1775702897.44,15282.97,1101.03,93.3,1008,node,591.43,25.0,1117,python3,163.21,14.2,1229,postgres,191.69,19.7,1334,java,185.06,10.9,1454,java,122.69,27.1
1775702899.44,15281.12,1102.88,93.3,1003,node,337.13,10.2,1117,code,192.86,2.5,1228,spotify,222.57,13.8,1339,spotify,54.78,26.6,1446,postgres,143.73,19.3
1775702901.44,15289.18,1094.82,93.3,1002,slack,731.41,2.5,1117,python3,292.46,6.2,1229,spotify,209.16,13.3,1343,postgres,25.48,22.1,1447,node,72.21,28.2
1775702903.44,15282.89,1101.11,93.3,1008,java,408.4,23.2,1111,firefox,105.52,22.4,1227,chrome,67.89,27.9,1334,java,138.59,24.2,1454,firefox,148.09,18.3
1775702905.44,15297.18,1086.82,93.4,1006,code,433.44,9.4,1115,slack,320.66,14.8,1222,slack,183.79,11.1,1340,java,69.85,24.0,1444,node,137.79,26.3
1775702907.44,15281.72,1102.28,93.3,1004,python3,453.02,12.9,1113,python3,212.25,27.5,1232,python3,38.46,6.7,1339,firefox,196.23,12.6,1447,spotify,18.38,27.4
1775702909.44,15280.79,1103.21,93.3,1010,docker,618.32,27.8,1121,node,180.07,21.4,1228,code,252.31,13.8,1339,java,78.62,24.1,1451,code,72.5,0.8
1775702911.44,15274.65,1109.35,93.2,1010,python3,663.27,7.7,1120,postgres,330.42,10.2,1229,python3,83.33,7.9,1334,docker,93.22,16.1,1446,java,24.45,24.0
1775702913.44,15270.72,1113.28,93.2,1010,docker,434.62,2.1,1119,node,101.37,19.1,1222,docker,265.39,6.6,1336,code,78.26,22.9,1451,chrome,61.03,24.7
1775702915.44,15266.44,1117.56,93.2,1000,slack,635.81,2.6,1119,node,228.66,11.6,1228,spotify,117.32,5.5,1342,slack,190.67,10.9,1453,code,19.53,25.3
1775702917.44,15283.43,1100.57,93.3,1005,slack,338.68,16.7,1121,chrome,374.96,1.6,1226,postgres,41.08,11.7,1339,java,131.74,29.6,1445,node,129.94,11.9
1775702919.44,15283.31,1100.69,93.3,1003,spotify,751.71,2.6,1111,postgres,319.4,23.6,1230,slack,246.14,9.4,1343,docker,180.27,29.9,1454,spotify,88.42,21.3
1775702921.44,15266.56,1117.44,93.2,1000,python3,275.08,17.7,1119,docker,49.99,6.5,1231,spotify,206.23,13.8,1336,firefox,138.02,22.7,1448,postgres,60.5,27.5
1775702923.44,15282.97,1101.03,93.3,1009,chrome,306.44,22.0,1114,chrome,385.58,17.7,1231,firefox,49.72,2.2,1337,firefox,161.23,13.4,1452,python3,134.5,11.0
1775702925.44,15271.2,1112.8,93.2,1001,python3,437.65,2.5,1114,docker,256.49,13.1,1223,docker,77.25,22.6,1336,slack,168.98,11.9,1454,node,69.17,22.9
1775702927.44,15257.31,1126.69,93.1,1010,chrome,645.0,9.9,1111,node,126.43,3.6,1228,python3,169.02,6.0,1338,java,47.04,25.6,1448,node,45.89,28.8
1775702929.44,15772.2,611.8,96.3,1007,postgres,512.71,24.6,1114,slack,184.31,11.4,1224,slack,169.5,23.0,1343,slack,96.7,4.3,1448,firefox,70.21,24.0
1775702931.44,15784.58,599.42,96.3,1001,chrome,402.81,19.2,1111,docker,36.14,23.0,1232,spotify,113.08,16.5,1339,docker,69.88,6.8,1449,spotify,125.27,8.3
1775702933.44,15816.13,567.87,96.5,1010,code,755.17,10.9,1121,java,102.51,11.7,1228,code,20.99,20.9,1334,node,140.97,6.4,1446,node,13.23,26.7
1775702935.44,15804.26,579.74,96.5,1004,docker,221.58,29.6,1119,code,179.15,29.4,1225,firefox,23.83,21.7,1337,python3,20.73,4.4,1453,firefox,119.56,22.4
1775702937.44,15800.59,583.41,96.4,1001,code,544.41,15.8,1119,node,244.27,2.2,1223,postgres,214.08,19.0,1340,slack,77.41,13.5,1447,postgres,68.01,28.1
1775702939.44,15811.13,572.87,96.5,1006,slack,146.53,6.2,1111,docker,103.29,0.4,1230,docker,215.42,8.7,1339,postgres,56.04,19.9,1444,slack,87.73,5.0
1775702941.44,15807.61,576.39,96.5,1005,firefox,240.29,16.7,1116,slack,227.25,14.4,1226,python3,41.04,17.4,1336,slack,20.9,23.3,1454,docker,136.29,17.7
1775702943.44,15802.52,581.48,96.5,1009,slack,224.29,26.3,1119,java,333.42,27.3,1222,docker,108.57,21.4,1336,spotify,55.5,21.1,1453,slack,140.61,23.0
1775702945.44,15482.24,901.76,94.5,1004,python3,409.31,17.7,1114,spotify,392.63,22.5,1227,postgres,200.82,25.7,1343,spotify,179.42,9.0,1447,node,127.33,15.4
1775702947.44,15488.09,895.91,94.5,1005,node,747.37,12.3,1115,docker,321.29,18.9,1228,docker,142.37,7.7,1340,slack,24.09,18.9,1448,postgres,62.2,3.9
1775702949.44,15494.83,889.17,94.6,1004,slack,54.99,13.4,1116,spotify,89.84,19.5,1231,node,41.11,21.4,1338,slack,179.15,11.7,1452,java,131.13,21.9
1775702951.44,15508.91,875.09,94.7,1004,code,338.13,22.0,1112,postgres,63.89,15.0,1230,docker,207.4,28.9,1343,code,18.11,12.0,1447,python3,71.73,5.3
1775702953.44,15505.35,878.65,94.6,1005,docker,457.13,12.4,1114,firefox,205.21,11.5,1228,docker,242.05,12.8,1333,node,185.17,26.0,1445,python3,51.59,16.9
1775702955.44,15513.91,870.09,94.7,1007,spotify,483.48,15.2,1115,postgres,283.51,3.0,1232,firefox,33.25,17.8,1341,node,141.97,14.4,1450,python3,128.44,27.5
1775702957.44,15521.93,862.07,94.7,1003,docker,132.2,11.2,1117,chrome,390.46,5.9,1231,slack,21.75,13.4,1336,python3,185.75,23.6,1446,python3,50.9,21.0
1775702959.44,15502.7,881.3,94.6,1008,code,126.96,4.0,1120,java,369.62,18.4,1229,code,142.55,2.1,1337,docker,95.29,25.0,1450,node,27.45,9.5
1775702961.44,15518.84,865.16,94.7,1010,docker,433.58,11.8,1112,code,219.43,17.2,1231,python3,156.3,20.6,1337,postgres,19.37,3.9,1454,chrome,110.22,26.6
1775702963.44,15513.71,870.29,94.7,1008,spotify,398.42,19.0,1114,firefox,267.09,1.8,1230,firefox,210.41,16.5,1335,chrome,68.66,22.8,1454,postgres,148.54,5.4
1775702965.44,15477.65,906.35,94.5,1005,node,612.53,12.3,1119,slack,53.57,29.1,1232,node,205.41,24.8,1343,postgres,165.56,29.6,1447,node,83.26,5.6
1775702967.44,15476.79,907.21,94.5,1004,chrome,440.34,18.0,1115,postgres,132.46,17.1,1222,python3,22.64,8.9,1340,node,79.35,17.4,1453,python3,23.96,14.3
1775702969.44,15467.12,916.88,94.4,1008,python3,472.7,13.0,1113,chrome,321.12,9.4,1232,slack,128.51,1.1,1342,chrome,83.13,29.7,1450,firefox,32.83,29.8
1775702971.44,15451.46,932.54,94.3,1002,firefox,354.12,7.6,1114,docker,180.57,4.6,1231,python3,197.46,27.5,1339,java,185.66,7.8,1450,java,127.38,1.6
1775702973.44,15464.39,919.61,94.4,1000,spotify,729.43,29.3,1116,firefox,206.34,29.1,1225,slack,236.77,28.6,1335,firefox,157.86,13.6,1448,node,78.84,29.3
1775702975.44,15499.63,884.37,94.6,1010,slack,312.84,28.0,1121,java,256.66,20.6,1229,slack,36.89,16.8,1338,slack,155.24,10.8,1453,code,89.27,27.1
1775702977.44,15510.83,873.17,94.7,1008,docker,100.75,10.9,1112,firefox,346.76,29.6,1224,code,19.06,1.5,1333,postgres,181.96,21.2,1445,spotify,123.25,1.3
1775702979.44,15524.55,859.45,94.8,1008,firefox,652.63,1.2,1111,node,362.95,27.6,1230,java,265.21,26.3,1337,java,171.26,17.7,1444,python3,128.54,13.8
1775702981.44,15519.83,864.17,94.7,1007,java,153.4,7.1,1115,docker,26.55,2.8,1224,java,188.02,22.4,1339,python3,199.66,3.9,1450,spotify,34.36,7.0
1775702983.44,15528.04,855.96,94.8,1003,postgres,156.1,3.1,1119,docker,188.93,0.9,1231,slack,115.16,3.9,1341,code,27.7,0.5,1445,spotify,68.59,15.6
1775702985.44,15519.27,864.73,94.7,1008,python3,555.19,7.5,1115,docker,221.86,15.7,1230,python3,90.92,20.6,1334,spotify,110.13,16.0,1447,node,95.21,23.6
1775702987.44,15529.89,854.11,94.8,1008,slack,168.31,22.9,1120,python3,288.85,25.3,1227,postgres,39.84,6.1,1341,docker,21.79,27.7,1448,postgres,14.03,27.8
1775702989.44,15521.52,862.48,94.7,1001,node,365.76,25.0,1111,docker,37.83,25.5,1232,postgres,162.63,28.5,1337,code,14.86,14.1,1445,docker,132.75,13.8
1775702991.44,15503.53,880.47,94.6,1005,node,566.35,27.5,1111,postgres,337.59,28.6,1226,firefox,141.19,8.5,1340,firefox,55.67,6.4,1447,python3,145.41,25.5
1775702993.44,15490.05,893.95,94.5,1004,postgres,477.06,14.3,1112,python3,369.03,11.3,1231,firefox,250.59,8.7,1343,node,90.56,4.9,1444,chrome,96.97,23.3
1775702995.44,15459.87,924.13,94.4,1008,firefox,226.8,9.4,1111,python3,250.56,27.3,1230,spotify,105.33,15.2,1342,docker,16.64,13.1,1448,chrome,21.49,29.7
1775702997.44,15438.87,945.13,94.2,1002,java,677.47,27.2,1117,spotify,72.38,11.9,1222,firefox,196.7,17.1,1342,node,33.44,27.2,1448,postgres,126.52,18.3
1775702999.44,15437.64,946.36,94.2,1005,code,300.08,8.2,1111,java,310.51,7.3,1227,java,175.05,29.9,1340,chrome,179.56,2.3,1454,firefox,15.94,29.7
1775703001.44,15421.65,962.35,94.1,1010,firefox,233.47,4.5,1112,docker,206.1,22.4,1222,slack,170.47,15.7,1340,spotify,95.27,19.7,1445,code,64.38,25.8
1775703003.44,15409.6,974.4,94.1,1001,java,274.22,22.4,1121,spotify,223.27,15.6,1225,java,227.73,25.1,1333,chrome,123.71,7.6,1445,slack,92.23,16.5
1775703005.44,15420.01,963.99,94.1,1007,firefox,417.16,2.9,1121,slack,230.06,24.7,1232,node,29.66,13.2,1338,docker,167.9,12.2,1454,code,66.93,25.8
1775703007.44,15432.49,951.51,94.2,1003,chrome,77.76,25.4,1114,python3,86.54,12.2,1228,python3,22.05,19.5,1340,python3,128.02,15.0,1450,code,98.83,9.2
1775703009.44,15456.39,927.61,94.3,1010,python3,497.54,6.0,1119,chrome,91.24,9.4,1231,python3,224.99,23.0,1333,node,26.47,3.2,1446,python3,121.51,9.5
1775703011.44,15469.14,914.86,94.4,1007,docker,180.95,28.7,1121,python3,154.36,15.9,1228,node,261.44,15.9,1335,node,15.75,20.7,1446,firefox,30.76,1.5
1775703013.44,15473.03,910.97,94.4,1003,chrome,410.12,15.7,1119,chrome,375.39,2.3,1224,python3,38.49,7.9,1336,java,78.16,3.8,1445,chrome,21.62,13.3
1775703015.44,15473.74,910.26,94.4,1000,firefox,577.91,1.0,1120,code,50.06,18.9,1229,code,97.06,0.8,1338,code,28.12,20.8,1449,chrome,109.62,9.1
1775703017.44,15476.26,907.74,94.5,1001,code,782.24,27.2,1118,firefox,47.49,15.6,1228,docker,217.19,5.9,1333,spotify,103.44,16.7,1451,spotify,98.41,8.5
1775703019.44,15481.94,902.06,94.5,1001,spotify,119.94,8.3,1112,postgres,70.85,11.4,1230,slack,215.03,3.6,1340,firefox,153.47,1.9,1453,firefox,93.33,23.8
1775703021.44,15473.12,910.88,94.4,1002,docker,301.77,6.8,1117,python3,137.94,26.0,1231,spotify,202.49,10.6,1336,node,188.99,19.8,1448,docker,60.64,24.2
1775703023.44,15494.15,889.85,94.6,1001,docker,462.99,10.7,1117,node,369.53,11.3,1226,chrome,263.06,28.1,1343,firefox,111.4,9.9,1452,code,25.05,11.1
1775703025.44,15486.13,897.87,94.5,1007,firefox,404.27,29.9,1117,python3,394.91,13.9,1222,java,42.52,1.0,1335,chrome,59.35,14.2,1449,node,94.28,15.9
1775703027.44,15486.05,897.95,94.5,1009,docker,452.27,0.3,1118,slack,169.05,3.5,1228,spotify,16.83,24.6,1338,node,61.37,14.0,1449,chrome,121.97,8.9
1775703029.44,15472.57,911.43,94.4,1009,postgres,260.53,22.4,1113,java,174.57,12.4,1225,spotify,240.12,2.9,1341,code,146.48,6.8,1447,node,51.89,21.0
1775703031.44,15468.73,915.27,94.4,1001,firefox,736.99,27.1,1120,spotify,84.7,13.8,1232,docker,38.92,11.1,1342,spotify,193.23,19.4,1445,java,13.5,2.4
1775703033.44,15475.56,908.44,94.5,1010,docker,426.17,2.0,1119,docker,271.91,23.6,1232,slack,176.93,17.4,1342,node,23.46,1.7,1451,docker,31.12,9.6
1775703035.44,15480.34,903.66,94.5,1000,spotify,530.92,25.7,1113,firefox,34.73,29.9,1226,java,192.86,20.0,1333,firefox,178.19,26.0,1450,slack,95.06,28.1
1775703037.44,15500.38,883.62,94.6,1008,slack,626.23,17.9,1114,docker,264.33,7.9,1229,chrome,82.44,3.5,1333,python3,199.95,24.7,1450,code,84.37,30.0
1775703039.44,15481.89,902.11,94.5,1010,docker,620.92,1.0,1111,firefox,362.74,24.3,1225,chrome,45.64,17.7,1338,code,171.49,15.8,1450,postgres,77.22,7.8
1775703041.44,15461.75,922.25,94.4,1003,docker,777.68,22.6,1115,postgres,339.56,3.6,1227,java,106.21,6.5,1340,code,73.15,22.1,1444,chrome,82.63,16.6
1775703043.44,15478.31,905.69,94.5,1006,slack,158.55,1.7,1113,chrome,79.17,29.4,1223,firefox,218.44,12.1,1335,chrome,103.21,27.7,1450,docker,95.88,21.4
1775703045.44,15453.65,930.35,94.3,1006,spotify,638.94,13.5,1116,chrome,327.62,13.1,1231,docker,77.84,10.3,1341,docker,163.01,19.3,1453,postgres,98.42,4.4
1775703047.44,15452.67,931.33,94.3,1010,firefox,131.29,0.2,1121,slack,54.41,14.8,1225,code,265.66,9.9,1340,code,182.45,1.8,1447,java,73.79,3.3
1775703049.44,15464.71,919.29,94.4,1008,node,652.6,25.0,1111,java,50.39,21.1,1223,python3,254.68,10.2,1333,docker,77.04,8.0,1447,spotify,27.5,20.1
1775703051.44,15461.29,922.71,94.4,1006,postgres,762.75,23.5,1114,postgres,374.16,8.2,1225,postgres,32.02,26.6,1341,firefox,141.46,25.5,1453,spotify,154.0,1.7
1775703053.44,15452.29,931.71,94.3,1010,node,285.09,17.5,1114,slack,50.7,12.7,1230,node,57.05,0.3,1336,slack,150.12,11.8,1448,node,76.74,3.2
1775703055.44,15452.14,931.86,94.3,1009,spotify,184.04,18.3,1121,python3,75.03,17.2,1229,java,39.19,18.3,1343,node,70.68,16.0,1451,java,16.54,6.7
1775703057.44,15470.85,913.15,94.4,1005,node,109.5,3.7,1116,docker,64.83,28.3,1228,firefox,50.28,26.0,1334,chrome,87.96,7.8,1450,java,63.6,12.5
1775703059.44,15471.68,912.32,94.4,1002,spotify,112.91,1.9,1118,postgres,243.66,13.5,1228,postgres,107.45,14.9,1334,python3,166.89,21.1,1448,spotify,92.84,25.5
1775703061.44,15440.74,943.26,94.2,1010,python3,140.91,7.4,1112,spotify,56.13,17.5,1228,slack,246.05,24.1,1333,python3,160.16,15.1,1453,docker,74.95,21.7
1775703063.44,15451.64,932.36,94.3,1001,code,211.52,11.0,1121,node,95.84,12.4,1231,postgres,221.45,8.6,1335,docker,117.6,12.8,1451,postgres,54.46,5.6
1775703065.44,15462.52,921.48,94.4,1005,firefox,253.47,22.8,1117,slack,119.89,4.7,1229,java,27.29,2.1,1335,slack,29.89,15.0,1451,code,67.78,17.6
1775703067.44,15456.85,927.15,94.3,1004,postgres,188.96,28.4,1114,spotify,166.94,28.2,1224,postgres,139.92,27.1,1337,python3,122.17,19.7,1449,firefox,150.94,21.7
1775703069.44,15449.26,934.74,94.3,1000,docker,223.96,28.9,1117,slack,40.98,1.3,1230,python3,84.16,7.4,1343,spotify,101.37,13.1,1451,firefox,39.71,28.2
1775703071.44,15488.12,895.88,94.5,1009,code,463.24,21.0,1116,spotify,240.12,10.9,1230,postgres,252.01,17.5,1343,postgres,108.64,8.3,1448,code,20.01,15.9
1775703073.44,15496.89,887.11,94.6,1000,java,130.3,12.7,1114,slack,322.56,14.7,1230,code,24.0,20.7,1336,docker,171.8,27.9,1451,python3,20.57,11.2
1775703075.44,15495.03,888.97,94.6,1001,java,236.12,1.4,1115,java,132.13,15.2,1227,spotify,21.74,3.4,1338,python3,166.35,1.8,1444,code,78.14,10.9
1775703077.44,15486.98,897.02,94.5,1004,code,163.48,14.2,1118,chrome,53.39,23.8,1227,node,65.06,26.4,1340,spotify,186.2,19.9,1447,spotify,35.26,3.7
1775703079.44,15506.23,877.77,94.6,1010,code,600.32,2.4,1119,docker,129.24,19.6,1222,chrome,212.36,7.6,1335,java,43.35,27.1,1454,postgres,41.8,28.8
1775703081.44,15496.21,887.79,94.6,1003,firefox,332.76,29.0,1120,postgres,127.54,4.4,1229,python3,231.12,4.7,1339,postgres,187.29,4.5,1447,node,42.89,22.4
1775703083.44,15481.55,902.45,94.5,1010,node,185.17,4.5,1118,firefox,165.8,15.0,1227,slack,70.2,20.5,1343,code,166.23,6.6,1453,slack,130.27,20.9
1775703085.44,15477.23,906.77,94.5,1002,postgres,598.68,25.9,1113,postgres,66.04,25.5,1231,java,261.96,10.7,1342,docker,81.97,4.1,1452,node,32.34,22.8
1775703087.44,15457.14,926.86,94.3,1004,spotify,460.42,24.5,1120,python3,254.13,12.2,1229,slack,108.6,2.5,1338,firefox,63.06,22.1,1448,postgres,51.01,9.2
1775703089.44,15459.41,924.59,94.4,1007,python3,371.27,5.6,1114,node,390.57,7.6,1225,node,137.96,10.6,1340,node,104.86,10.2,1447,spotify,39.38,27.0
1775703091.44,15437.42,946.58,94.2,1006,firefox,211.69,4.4,1117,postgres,154.88,11.4,1231,java,127.87,10.6,1340,chrome,78.94,3.2,1451,code,64.25,19.4
1775703093.44,15429.1,954.9,94.2,1003,firefox,346.6,23.2,1121,firefox,151.29,3.7,1227,slack,92.94,22.8,1333,node,149.13,2.5,1447,docker,38.88,19.9
1775703095.44,15418.21,965.79,94.1,1010,python3,149.22,2.5,1118,node,386.42,16.2,1224,python3,174.35,23.2,1333,java,113.55,18.9,1452,java,73.18,0.0
1775703097.44,15395.19,988.81,94.0,1008,slack,355.66,6.9,1120,spotify,216.11,13.6,1228,slack,253.37,17.3,1342,spotify,155.23,17.2,1445,code,155.52,3.9
1775703099.44,15395.55,988.45,94.0,1010,node,444.52,5.7,1111,spotify,116.81,28.0,1227,node,48.79,21.6,1342,postgres,171.53,22.3,1447,python3,18.28,27.8
1775703101.44,15406.77,977.23,94.0,1005,node,201.17,7.1,1117,spotify,51.54,2.9,1230,java,111.71,26.5,1334,code,76.05,29.8,1450,postgres,134.33,23.3
1775703103.44,15384.52,999.48,93.9,1005,spotify,706.21,5.8,1117,firefox,372.67,17.8,1230,python3,124.8,0.6,1341,chrome,13.17,13.7,1447,python3,34.04,1.2
1775703105.44,15400.64,983.36,94.0,1010,node,734.5,2.4,1115,spotify,197.32,3.5,1222,firefox,69.83,15.5,1343,spotify,54.06,22.9,1453,chrome,56.65,26.4
1775703107.44,15399.92,984.08,94.0,1002,node,603.23,3.7,1111,code,32.82,29.1,1229,python3,203.19,25.2,1342,node,146.08,5.1,1446,code,15.88,29.0
1775703109.44,15397.78,986.22,94.0,1009,docker,655.88,9.1,1118,chrome,130.57,20.2,1224,chrome,162.07,20.2,1340,java,170.72,12.8,1447,code,155.76,1.5
1775703111.44,15393.97,990.03,94.0,1001,spotify,595.47,23.7,1121,postgres,77.35,27.4,1228,firefox,202.55,7.2,1340,code,60.98,25.9,1446,firefox,11.94,28.3
1775703113.44,15395.47,988.53,94.0,1007,firefox,79.65,19.9,1115,postgres,217.97,2.5,1232,postgres,203.42,26.3,1336,java,14.2,29.7,1450,code,75.44,15.4
1775703115.44,15384.07,999.93,93.9,1006,node,601.94,27.8,1114,docker,85.99,25.2,1232,firefox,136.93,16.4,1341,node,88.04,18.0,1451,chrome,25.34,6.4
1775703117.44,15362.76,1021.24,93.8,1005,docker,466.39,3.8,1121,node,374.63,7.0,1227,slack,124.01,6.4,1335,python3,55.19,8.8,1446,python3,72.67,2.3
1775703119.44,15358.93,1025.07,93.7,1002,node,720.55,10.9,1117,firefox,308.1,13.6,1222,java,43.67,19.1,1338,code,103.62,7.1,1446,code,14.21,9.3
1775703121.44,15375.29,1008.71,93.8,1003,spotify,70.01,21.2,1117,spotify,179.47,11.7,1230,chrome,208.08,4.5,1339,slack,101.65,22.3,1449,code,104.47,3.1
1775703123.44,15372.46,1011.54,93.8,1006,code,160.53,14.7,1121,java,370.41,29.5,1227,spotify,130.7,12.8,1339,spotify,42.05,13.0,1453,chrome,37.45,28.6
1775703125.44,15335.03,1048.97,93.6,1004,slack,187.46,21.4,1116,docker,167.14,8.8,1229,slack,266.01,1.2,1334,node,104.44,11.6,1447,firefox,148.88,25.9
1775703127.44,15338.79,1045.21,93.6,1008,code,225.9,3.9,1115,python3,353.95,1.4,1226,java,203.61,6.8,1338,python3,24.97,14.8,1444,firefox,131.47,24.8
1775703129.44,15354.27,1029.73,93.7,1000,chrome,158.77,22.4,1114,chrome,125.68,6.0,1229,docker,157.8,0.5,1333,code,36.91,2.7,1449,node,37.07,15.1
1775703131.44,15372.0,1012.0,93.8,1009,firefox,327.87,0.3,1117,python3,207.07,16.7,1222,java,66.64,17.9,1338,postgres,64.19,16.3,1450,java,77.49,21.9
1775703133.44,15364.6,1019.4,93.8,1010,chrome,548.93,29.3,1117,firefox,48.55,10.4,1224,java,96.47,26.0,1340,node,102.96,8.2,1454,code,127.9,3.6
1775703135.44,15401.28,982.72,94.0,1007,slack,419.59,1.8,1111,chrome,237.81,10.2,1227,chrome,118.38,17.9,1338,docker,87.21,20.0,1452,code,37.93,26.6
1775703137.44,15416.74,967.26,94.1,1010,node,372.63,28.9,1113,chrome,102.45,29.3,1222,python3,176.16,1.2,1340,chrome,96.06,14.1,1450,java,134.09,1.3
1775703139.44,15382.87,1001.13,93.9,1010,docker,376.55,13.5,1120,chrome,125.71,11.5,1228,chrome,27.75,10.1,1336,code,121.99,8.4,1447,postgres,50.24,21.3
1775703141.44,15400.44,983.56,94.0,1002,slack,379.01,21.0,1113,java,270.99,4.2,1227,firefox,246.35,13.4,1337,code,128.74,7.8,1449,chrome,88.2,28.6
1775703143.44,15407.12,976.88,94.0,1003,java,224.7,0.4,1121,code,291.08,11.4,1223,java,158.1,3.7,1336,node,83.32,8.7,1446,slack,14.66,20.0
1775703145.44,15414.08,969.92,94.1,1005,slack,121.49,9.1,1115,java,366.43,23.7,1224,slack,119.19,3.4,1342,code,80.31,14.0,1454,chrome,104.51,20.7
1775703147.44,15434.65,949.35,94.2,1007,spotify,783.6,0.9,1111,slack,391.52,3.0,1227,docker,230.61,11.8,1335,spotify,112.06,5.0,1446,postgres,146.94,17.5
1775703149.44,15430.64,953.36,94.2,1007,firefox,506.53,24.5,1111,chrome,315.72,19.8,1224,code,186.52,22.3,1342,docker,184.67,22.6,1450,postgres,129.45,13.3
1775703151.44,15423.04,960.96,94.1,1006,chrome,111.55,10.2,1112,python3,141.4,12.4,1227,java,266.06,10.4,1335,firefox,24.96,23.8,1446,slack,118.73,0.9
1775703153.44,15415.43,968.57,94.1,1002,python3,659.76,27.6,1121,postgres,212.18,11.5,1229,slack,102.62,3.7,1339,slack,26.31,8.2,1452,chrome,106.2,8.0
1775703155.44,15418.01,965.99,94.1,1010,slack,770.87,24.6,1121,python3,374.66,13.5,1224,spotify,40.06,3.1,1334,code,37.61,29.1,1453,chrome,156.7,10.4
1775703157.44,15391.46,992.54,93.9,1003,java,524.92,21.6,1113,java,261.31,23.0,1225,code,210.14,29.7,1337,spotify,60.36,0.8,1452,code,117.94,4.8
1775703159.44,15388.83,995.17,93.9,1002,code,768.12,19.9,1119,firefox,86.39,5.0,1231,node,47.07,2.0,1335,node,27.37,10.9,1448,docker,132.66,17.5
1775703161.44,15363.38,1020.62,93.8,1009,spotify,626.18,19.9,1121,node,54.31,25.9,1224,chrome,111.36,1.1,1336,spotify,76.64,23.8,1447,python3,145.68,8.3
1775703163.44,15368.25,1015.75,93.8,1002,spotify,548.43,16.9,1119,docker,286.09,27.6,1226,node,35.84,13.1,1342,code,61.77,29.7,1451,java,134.97,5.4
1775703165.44,15372.28,1011.72,93.8,1001,slack,471.11,14.6,1117,spotify,304.66,16.3,1224,spotify,53.61,8.1,1334,code,83.26,25.3,1444,code,126.43,16.2
1775703167.44,15400.02,983.98,94.0,1003,python3,736.65,3.1,1120,docker,356.14,18.8,1232,chrome,130.32,4.5,1341,slack,128.92,0.6,1450,firefox,106.45,19.9
1775703169.44,15369.9,1014.1,93.8,1000,chrome,648.53,13.1,1118,code,179.52,13.6,1229,docker,96.04,20.3,1342,firefox,61.08,6.3,1445,java,24.1,2.2
1775703171.44,15381.59,1002.41,93.9,1004,python3,539.01,3.5,1116,spotify,92.6,27.9,1222,chrome,236.39,20.3,1337,spotify,39.65,27.1,1448,java,129.59,16.5
1775703173.44,15358.56,1025.44,93.7,1001,code,451.62,13.9,1111,code,336.61,25.4,1224,chrome,249.29,23.9,1336,docker,115.92,21.0,1450,firefox,63.85,27.0
1775703175.44,15360.43,1023.57,93.8,1005,firefox,411.9,17.0,1114,postgres,50.95,6.9,1228,firefox,34.62,11.5,1340,node,134.13,4.5,1451,python3,61.68,17.7
1775703177.44,15354.73,1029.27,93.7,1003,code,167.33,3.5,1116,code,273.5,1.4,1231,spotify,259.5,3.2,1342,spotify,111.32,29.5,1448,slack,149.0,13.0
1775703179.44,15337.65,1046.35,93.6,1000,node,712.05,27.2,1111,docker,199.45,20.6,1222,spotify,39.73,1.7,1343,postgres,147.11,25.2,1453,node,86.71,18.2
1775703181.44,15309.32,1074.68,93.4,1005,node,294.29,8.3,1117,slack,373.18,18.6,1228,python3,223.45,26.7,1343,chrome,14.2,26.0,1447,java,39.5,23.4
1775703183.44,15285.66,1098.34,93.3,1007,chrome,438.6,9.9,1119,chrome,377.7,23.7,1229,slack,73.25,23.1,1341,python3,89.46,8.7,1448,java,49.64,23.3
1775703185.44,15274.54,1109.46,93.2,1000,chrome,750.24,29.7,1117,slack,253.41,13.3,1224,docker,96.44,28.0,1337,slack,124.13,1.9,1449,firefox,29.71,2.9
1775703187.44,15283.46,1100.54,93.3,1009,docker,475.62,8.3,1115,chrome,49.64,27.6,1227,slack,178.32,24.6,1339,slack,174.1,8.5,1453,python3,76.69,4.8
1775703189.44,15279.99,1104.01,93.3,1002,postgres,71.91,25.6,1114,chrome,391.04,22.0,1223,python3,57.19,29.1,1342,postgres,48.98,13.2,1449,chrome,26.06,4.5
1775703191.44,15306.72,1077.28,93.4,1004,code,281.45,3.9,1120,chrome,48.15,17.1,1222,code,127.13,14.5,1337,spotify,131.38,2.9,1446,slack,40.39,8.9
1775703193.44,15686.02,697.98,95.7,1007,chrome,562.24,5.3,1115,spotify,48.97,22.6,1231,spotify,72.48,9.0,1340,slack,156.4,13.9,1446,spotify,153.36,8.2
1775703195.44,15688.59,695.41,95.8,1003,chrome,571.18,13.9,1112,docker,341.2,5.3,1232,spotify,191.85,28.3,1340,spotify,159.78,21.4,1444,java,121.1,19.5
1775703197.44,15700.49,683.51,95.8,1003,postgres,324.31,13.3,1117,node,278.47,11.0,1229,node,40.95,2.6,1336,firefox,66.56,18.4,1449,slack,67.39,8.2
1775703199.44,15693.46,690.54,95.8,1004,postgres,799.79,3.6,1113,slack,66.41,22.4,1228,code,67.4,15.0,1336,node,195.88,21.7,1453,chrome,116.27,29.4
1775703201.44,15709.19,674.81,95.9,1010,docker,781.12,1.0,1113,postgres,329.97,15.9,1222,code,145.11,18.7,1342,docker,31.69,28.0,1453,chrome,91.11,7.6
1775703203.44,15707.26,676.74,95.9,1002,docker,388.75,3.2,1116,python3,210.03,21.1,1229,node,258.83,12.8,1336,python3,19.16,1.7,1450,node,126.21,25.2
1775703205.44,15708.07,675.93,95.9,1009,docker,472.25,28.1,1112,code,320.99,6.4,1229,node,264.35,11.6,1342,java,98.29,3.3,1451,spotify,153.41,12.9
1775703207.44,15714.34,669.66,95.9,1001,java,179.88,11.4,1112,postgres,49.04,23.9,1224,java,182.67,10.9,1340,chrome,22.69,6.5,1446,code,159.79,4.1
1775703209.44,15733.61,650.39,96.0,1001,spotify,650.32,26.7,1111,spotify,341.4,22.6,1229,node,43.98,12.9,1336,postgres,193.18,18.6,1452,postgres,31.68,14.6
1775703211.44,15741.94,642.06,96.1,1007,slack,683.11,0.3,1115,slack,155.72,29.4,1223,python3,20.99,3.2,1339,slack,165.66,26.3,1451,chrome,25.96,8.0
1775703213.44,15721.7,662.3,96.0,1005,slack,536.07,28.8,1113,docker,233.04,2.9,1224,firefox,165.65,7.0,1342,spotify,26.88,14.7,1454,spotify,42.09,15.0
1775703215.44,15683.0,701.0,95.7,1001,firefox,100.76,27.3,1113,java,49.96,0.2,1223,python3,148.53,4.5,1340,firefox,83.29,27.3,1447,spotify,95.02,16.8
1775703217.44,15684.64,699.36,95.7,1003,python3,366.17,25.4,1115,python3,188.37,12.5,1229,docker,69.6,2.6,1335,node,76.31,4.1,1454,spotify,111.09,7.2
1775703219.44,15699.21,684.79,95.8,1001,java,156.35,21.8,1117,java,122.28,15.9,1226,slack,125.23,19.2,1339,postgres,198.06,3.5,1445,chrome,70.13,11.8
1775703221.44,15701.1,682.9,95.8,1002,spotify,277.77,3.5,1116,java,27.4,17.8,1223,postgres,215.61,0.4,1341,code,23.48,12.9,1449,spotify,134.93,10.9
1775703223.44,15856.61,527.39,96.8,1006,node,561.63,4.4,1113,node,203.06,0.6,1232,postgres,69.06,28.6,1339,chrome,194.96,14.5,1448,java,151.62,27.7
1775703225.44,15853.16,530.84,96.8,1007,firefox,496.27,29.5,1116,slack,206.25,20.9,1224,node,204.64,14.1,1334,chrome,153.07,11.3,1444,chrome,71.89,28.3
1775703227.44,15855.73,528.27,96.8,1007,spotify,288.66,3.9,1111,slack,210.79,8.2,1223,firefox,205.62,19.7,1343,firefox,197.92,0.5,1449,docker,155.77,7.8
1775703229.44,15834.76,549.24,96.6,1001,postgres,466.2,3.6,1117,postgres,87.32,8.3,1222,postgres,208.25,12.0,1337,firefox,27.36,30.0,1450,chrome,17.57,5.3
1775703231.44,15822.45,561.55,96.6,1005,java,419.73,17.9,1113,java,165.79,9.1,1226,code,239.17,23.6,1343,code,171.72,15.7,1444,slack,101.55,28.4
1775703233.44,15804.53,579.47,96.5,1004,java,509.71,19.7,1112,code,342.89,6.7,1232,java,151.24,22.5,1340,postgres,197.46,5.1,1446,slack,81.01,14.6
1775703235.44,15820.74,563.26,96.6,1007,code,454.11,16.9,1121,code,110.3,18.1,1226,chrome,151.63,15.2,1339,python3,146.2,15.6,1447,firefox,119.2,9.8
1775703237.44,15806.2,577.8,96.5,1001,spotify,112.41,5.5,1112,python3,150.8,19.7,1227,node,254.08,6.4,1335,postgres,34.87,25.9,1450,java,114.53,28.7
1775703239.44,15805.19,578.81,96.5,1005,java,359.31,22.8,1111,spotify,26.32,4.6,1230,firefox,215.5,2.1,1334,code,131.82,0.9,1449,chrome,33.21,11.3
1775703241.44,15827.59,556.41,96.6,1002,docker,787.32,20.7,1121,code,267.11,1.9,1222,postgres,246.02,4.1,1341,slack,100.95,8.7,1450,slack,151.19,0.6
1775703243.44,15840.91,543.09,96.7,1010,postgres,746.19,20.8,1113,java,35.38,21.1,1223,slack,256.32,24.9,1339,postgres,198.7,26.0,1451,python3,132.26,16.8
1775703245.44,15845.65,538.35,96.7,1008,java,759.25,12.5,1119,chrome,90.71,9.5,1226,slack,102.52,29.7,1342,spotify,96.36,24.7,1446,java,62.0,24.2
1775703247.44,15848.81,535.19,96.7,1005,java,154.63,21.0,1115,node,354.76,24.0,1231,chrome,194.31,27.0,1334,code,92.39,21.4,1453,java,36.7,20.6
1775703249.44,15834.16,549.84,96.6,1006,code,196.07,2.8,1112,chrome,363.51,0.2,1229,postgres,173.57,25.5,1343,python3,35.76,4.5,1444,spotify,72.91,18.4
1775703251.44,15826.4,557.6,96.6,1000,docker,400.08,20.5,1118,code,160.68,23.6,1227,java,51.23,20.7,1342,postgres,105.64,9.3,1450,spotify,19.44,8.5
1775703253.44,15814.64,569.36,96.5,1010,chrome,484.67,3.6,1119,chrome,244.91,17.9,1222,firefox,110.69,25.6,1335,java,169.96,25.2,1446,firefox,119.98,1.6
1775703255.44,15827.51,556.49,96.6,1000,slack,401.1,1.0,1114,chrome,343.1,4.9,1228,docker,247.87,12.6,1342,java,116.32,16.6,1451,chrome,73.74,8.8
1775703257.44,15829.74,554.26,96.6,1001,chrome,402.39,4.7,1120,spotify,300.15,14.9,1224,postgres,209.14,15.8,1338,code,76.49,18.9,1444,node,48.73,29.6
1775703259.44,15829.03,554.97,96.6,1001,chrome,89.64,19.6,1116,docker,386.75,1.2,1230,node,179.79,28.9,1343,postgres,169.54,29.3,1447,docker,52.66,11.2
1775703261.44,15812.84,571.16,96.5,1009,spotify,694.54,20.7,1113,slack,174.62,6.2,1231,node,79.61,20.2,1334,firefox,38.17,12.6,1445,java,63.06,1.5
1775703263.44,15816.91,567.09,96.5,1003,chrome,308.95,1.8,1117,spotify,184.65,3.0,1230,python3,112.96,26.1,1335,docker,38.98,12.2,1447,spotify,47.16,1.9
1775703265.44,15817.47,566.53,96.5,1001,code,405.61,3.5,1116,node,185.89,14.7,1223,docker,215.06,28.4,1334,code,76.66,3.1,1453,python3,132.89,22.4
1775703267.44,15807.08,576.92,96.5,1009,spotify,421.47,14.1,1120,spotify,164.07,3.0,1223,chrome,216.08,18.9,1342,slack,92.82,16.2,1450,node,59.94,8.8
1775703269.44,15805.95,578.05,96.5,1006,docker,276.29,7.5,1118,chrome,252.79,7.6,1224,python3,108.46,6.3,1338,code,94.0,28.6,1445,python3,19.54,18.6
1775703271.44,15805.12,578.88,96.5,1003,slack,742.46,9.3,1115,chrome,116.82,14.3,1226,code,102.32,13.0,1335,python3,80.74,17.0,1446,docker,21.1,18.7
1775703273.44,15804.71,579.29,96.5,1001,postgres,555.57,11.5,1120,docker,215.59,5.7,1224,slack,238.34,9.7,1341,code,154.57,22.9,1445,java,75.08,1.7
1775703275.44,15801.93,582.07,96.4,1000,spotify,467.98,27.2,1117,slack,300.3,1.3,1229,python3,35.71,11.0,1334,slack,174.02,19.4,1451,postgres,48.85,1.3
1775703277.44,15810.13,573.87,96.5,1010,python3,145.28,21.4,1117,postgres,243.67,5.6,1224,docker,57.98,19.0,1343,firefox,176.27,26.4,1447,slack,96.7,6.3
1775703279.44,15811.93,572.07,96.5,1009,spotify,290.47,21.3,1114,python3,343.18,6.0,1229,docker,178.07,23.3,1335,java,154.77,1.9,1448,slack,48.33,22.8
1775703281.44,15819.68,564.32,96.6,1002,java,79.97,10.3,1119,firefox,359.99,10.5,1230,firefox,262.91,17.7,1343,slack,118.66,27.4,1447,postgres,80.76,20.5
1775703283.44,15827.03,556.97,96.6,1009,firefox,639.21,29.1,1116,node,289.09,22.8,1223,code,205.02,23.9,1334,node,176.86,24.2,1447,python3,120.48,27.6
1775703285.44,15830.26,553.74,96.6,1010,docker,364.68,10.7,1112,spotify,195.85,25.2,1223,chrome,53.67,19.1,1342,slack,131.75,7.5,1445,python3,75.56,28.0
1775703287.44,15823.63,560.37,96.6,1000,chrome,727.16,8.5,1120,slack,230.72,19.6,1229,code,241.59,10.7,1341,postgres,19.46,23.5,1452,chrome,18.59,28.0
1775703289.44,15809.86,574.14,96.5,1003,spotify,236.1,29.5,1113,python3,353.52,7.2,1225,spotify,260.62,11.5,1339,spotify,78.03,17.0,1448,java,149.01,20.9
1775703291.44,15814.66,569.34,96.5,1002,chrome,322.04,15.7,1119,firefox,44.28,27.1,1224,firefox,132.48,2.6,1335,spotify,140.36,26.1,1451,python3,72.29,3.9
1775703293.44,15825.38,558.62,96.6,1006,java,159.77,29.5,1113,firefox,320.95,14.6,1223,python3,209.87,0.4,1341,postgres,21.08,11.0,1452,slack,34.13,4.4
1775703295.44,15854.14,529.86,96.8,1005,spotify,512.75,26.5,1118,slack,354.13,15.2,1230,docker,67.98,1.6,1338,node,113.77,27.3,1450,docker,78.34,0.4
1775703297.44,15858.14,525.86,96.8,1009,java,752.86,24.7,1119,chrome,101.09,13.3,1223,spotify,247.95,17.3,1343,java,151.5,24.8,1445,python3,38.97,10.1
1775703299.44,15871.58,512.42,96.9,1003,spotify,253.85,26.9,1118,chrome,371.77,6.6,1222,java,54.6,4.2,1338,node,86.83,9.3,1448,slack,138.09,23.8
1775703301.44,15849.34,534.66,96.7,1004,code,425.93,6.8,1119,chrome,228.15,24.7,1230,chrome,163.2,5.8,1333,docker,124.7,8.6,1452,code,81.37,10.7
1775703303.44,15854.67,529.33,96.8,1005,node,500.55,2.0,1113,firefox,145.58,27.5,1222,chrome,206.45,5.8,1341,spotify,141.67,14.0,1447,docker,140.37,1.5
1775703305.44,15869.8,514.2,96.9,1003,python3,712.52,3.4,1121,firefox,353.09,15.0,1225,java,68.72,5.9,1342,python3,108.3,10.3,1450,docker,156.67,6.7
1775703307.44,15884.0,500.0,96.9,1008,spotify,448.16,7.0,1117,python3,300.91,20.6,1223,docker,199.74,9.5,1339,chrome,141.43,8.8,1451,code,90.16,15.3
1775703309.44,15884.0,500.0,96.9,1005,code,684.64,7.0,1120,code,357.2,8.3,1231,java,128.68,6.0,1333,docker,59.92,24.0,1452,java,120.99,16.2
1775703311.44,15883.31,500.69,96.9,1001,chrome,723.77,22.4,1119,code,89.42,13.7,1231,postgres,171.59,14.1,1338,firefox,191.5,26.8,1452,slack,29.58,26.8
1775703313.44,15884.0,500.0,96.9,1001,postgres,766.49,3.6,1116,java,342.54,7.1,1225,slack,227.08,20.2,1334,java,106.02,17.4,1444,node,77.84,27.6
1775703315.44,15884.0,500.0,96.9,1000,spotify,547.24,3.6,1120,firefox,390.07,5.9,1229,postgres,98.47,4.4,1342,chrome,131.53,5.9,1453,python3,106.02,28.7
1775703317.44,15884.0,500.0,96.9,1003,spotify,561.5,24.8,1113,java,115.79,21.8,1225,chrome,140.84,25.7,1336,docker,24.93,19.3,1448,python3,119.11,8.3
1775703319.44,15869.78,514.22,96.9,1010,firefox,534.65,14.7,1119,code,341.71,5.0,1225,code,187.86,29.4,1336,chrome,113.63,18.4,1446,firefox,70.4,26.8
1775703321.44,15872.92,511.08,96.9,1001,firefox,207.39,1.5,1119,chrome,328.08,1.7,1229,java,34.69,26.8,1341,code,44.14,20.7,1452,spotify,47.48,4.0
1775703323.44,15873.52,510.48,96.9,1002,python3,618.56,6.2,1121,code,305.42,20.4,1230,code,248.11,5.3,1334,postgres,191.25,14.3,1449,java,60.79,24.9
1775703325.44,15862.54,521.46,96.8,1006,node,698.76,1.7,1113,code,131.43,2.5,1222,java,179.44,3.7,1337,code,196.46,22.4,1450,postgres,58.24,28.5
1775703327.44,15861.25,522.75,96.8,1009,postgres,617.39,20.8,1115,postgres,159.75,11.3,1231,postgres,220.24,10.0,1340,chrome,129.61,6.5,1452,docker,101.21,15.5
1775703329.44,15862.31,521.69,96.8,1003,java,781.09,13.2,1111,spotify,231.72,24.6,1225,postgres,263.16,10.6,1334,docker,23.75,5.8,1449,slack,90.03,2.7
1775703331.44,15884.0,500.0,96.9,1005,python3,248.07,17.3,1114,chrome,353.17,15.2,1223,node,19.95,3.1,1334,slack,110.52,0.8,1445,code,115.43,5.4
1775703333.44,15884.0,500.0,96.9,1010,chrome,368.84,3.6,1113,spotify,316.57,11.7,1226,java,231.7,17.8,1340,slack,17.23,8.5,1447,code,75.36,7.0
1775703335.44,15865.02,518.98,96.8,1004,slack,226.55,10.9,1115,spotify,36.07,10.2,1226,docker,37.51,13.3,1338,firefox,89.37,15.6,1450,postgres,45.35,4.5
1775703337.44,15861.42,522.58,96.8,1008,code,293.97,16.0,1120,java,25.73,18.5,1232,python3,113.65,7.5,1333,spotify,40.57,4.7,1448,slack,30.25,0.6
1775703339.44,15873.85,510.15,96.9,1001,docker,625.36,16.2,1111,code,272.01,24.6,1229,node,202.15,20.8,1335,postgres,160.46,3.0,1454,python3,61.24,28.5
1775703341.44,15884.0,500.0,96.9,1006,docker,709.77,7.0,1111,node,63.68,11.6,1229,python3,226.39,3.1,1341,slack,81.82,26.0,1448,chrome,78.56,23.8
1775703343.44,15880.01,503.99,96.9,1000,slack,315.97,13.4,1114,postgres,172.93,29.1,1230,java,193.55,10.2,1341,spotify,101.33,2.8,1449,postgres,148.58,26.7
1775703345.44,15884.0,500.0,96.9,1005,firefox,406.72,26.3,1113,chrome,357.49,26.4,1227,node,120.42,16.5,1341,spotify,22.29,17.3,1448,node,57.02,21.4
1775703347.44,15884.0,500.0,96.9,1002,chrome,126.75,14.1,1117,docker,286.02,4.9,1231,postgres,247.68,29.4,1334,code,81.92,18.9,1453,code,32.46,14.8
1775703349.44,15884.0,500.0,96.9,1000,java,534.18,23.0,1113,docker,71.88,28.7,1226,docker,249.48,24.8,1342,java,100.73,10.9,1451,code,74.76,7.0
1775703351.44,15884.0,500.0,96.9,1002,java,557.09,20.2,1116,firefox,284.37,13.3,1227,docker,118.61,19.9,1334,code,43.0,25.6,1444,chrome,140.52,12.6
1775703353.44,15875.89,508.11,96.9,1010,postgres,65.31,23.9,1115,node,260.18,17.9,1230,docker,56.13,19.9,1333,docker,135.02,10.8,1447,node,62.8,19.6
1775703355.44,15884.0,500.0,96.9,1008,postgres,237.98,27.1,1113,node,283.11,16.3,1222,code,202.64,1.9,1339,node,103.77,28.2,1445,slack,74.68,24.3
1775703357.44,15884.0,500.0,96.9,1005,postgres,193.21,18.8,1118,code,75.12,16.8,1222,node,206.14,7.9,1333,firefox,116.13,15.9,1444,postgres,140.31,22.1
1775703359.44,15864.02,519.98,96.8,1001,slack,538.89,6.6,1114,node,147.5,17.0,1227,chrome,170.51,28.9,1336,node,69.63,0.8,1449,spotify,124.06,22.5
1775703361.44,15843.87,540.13,96.7,1003,node,775.18,6.3,1121,slack,207.5,20.1,1225,firefox,203.01,1.8,1341,python3,127.35,24.9,1453,slack,100.34,10.2
1775703363.44,15810.01,573.99,96.5,1008,slack,59.04,28.3,1116,code,156.25,12.3,1226,java,91.92,25.4,1335,docker,49.8,1.1,1447,java,53.96,1.1
1775703365.44,15813.28,570.72,96.5,1010,chrome,776.39,27.8,1119,spotify,65.78,4.2,1226,postgres,127.4,6.4,1343,docker,104.11,18.1,1447,slack,12.84,7.6
1775703367.44,15794.66,589.34,96.4,1003,chrome,199.41,13.6,1111,postgres,247.05,17.6,1223,docker,165.37,14.0,1338,docker,121.17,25.4,1451,node,24.95,15.1
1775703369.44,15790.17,593.83,96.4,1006,python3,665.36,5.5,1116,firefox,207.31,8.5,1231,chrome,78.97,3.9,1334,code,53.83,20.9,1452,java,102.43,27.3
1775703371.44,15770.43,613.57,96.3,1000,docker,60.87,23.8,1112,spotify,145.69,29.6,1224,postgres,38.85,12.3,1338,slack,191.69,19.1,1449,node,118.9,17.0
1775703373.44,15745.9,638.1,96.1,1005,node,597.34,9.3,1116,node,135.21,25.3,1231,python3,241.0,19.2,1336,chrome,141.35,2.0,1444,docker,118.77,17.5
1775703375.44,15742.21,641.79,96.1,1005,java,318.25,26.1,1120,chrome,339.22,28.9,1224,java,130.35,9.0,1343,firefox,171.05,22.0,1453,java,29.77,21.8
1775703377.44,15734.67,649.33,96.0,1010,python3,410.65,9.5,1113,docker,113.03,25.7,1224,python3,244.36,6.0,1341,java,33.43,30.0,1445,java,94.31,5.8
1775703379.44,15728.82,655.18,96.0,1005,slack,127.79,14.8,1112,chrome,316.82,4.6,1232,firefox,19.78,9.4,1343,slack,52.18,9.3,1445,code,150.25,26.2
1775703381.44,15742.28,641.72,96.1,1006,code,282.46,7.9,1111,chrome,148.31,17.5,1229,spotify,153.82,6.6,1338,python3,43.01,21.3,1453,code,26.53,20.4
1775703383.44,15724.96,659.04,96.0,1000,java,327.12,24.8,1111,python3,270.33,26.0,1222,java,151.0,12.2,1338,python3,47.88,1.5,1446,chrome,106.27,4.8
1775703385.44,15735.08,648.92,96.0,1008,postgres,425.8,9.5,1112,node,176.3,4.1,1227,chrome,156.82,7.1,1333,chrome,111.48,26.8,1452,docker,58.46,1.9
1775703387.44,15721.54,662.46,96.0,1009,postgres,257.55,11.3,1114,code,32.36,17.7,1224,chrome,157.69,13.1,1338,slack,52.63,10.8,1445,docker,143.47,22.9
1775703389.44,15730.99,653.01,96.0,1009,docker,512.03,7.5,1114,python3,238.85,15.6,1229,postgres,51.83,15.1,1333,code,96.38,1.8,1451,docker,62.22,13.5
1775703391.44,15742.22,641.78,96.1,1001,java,713.45,24.2,1119,code,159.13,5.7,1228,postgres,198.28,20.1,1342,java,117.52,3.5,1444,chrome,41.54,0.6
1775703393.44,15753.94,630.06,96.2,1000,postgres,382.29,10.2,1120,firefox,136.3,28.6,1222,slack,151.75,15.0,1333,node,162.99,4.9,1453,node,14.06,25.9
1775703395.44,15734.98,649.02,96.0,1010,postgres,468.15,17.6,1117,chrome,292.43,8.6,1224,chrome,219.68,16.5,1336,slack,69.66,4.2,1445,firefox,124.7,6.9
1775703397.44,15763.85,620.15,96.2,1007,java,687.46,4.3,1116,python3,333.49,15.2,1227,postgres,134.99,27.5,1335,spotify,124.89,28.7,1451,firefox,56.94,23.7
1775703399.44,15756.4,627.6,96.2,1006,firefox,571.03,7.6,1114,spotify,330.51,29.9,1229,postgres,234.59,7.5,1342,docker,119.13,20.7,1444,python3,144.08,29.1
1775703401.44,15760.98,623.02,96.2,1007,chrome,542.98,4.7,1121,python3,221.99,29.2,1231,docker,215.52,20.3,1343,java,18.19,19.1,1446,chrome,73.52,22.8
1775703403.44,15755.46,628.54,96.2,1004,code,709.17,24.3,1117,spotify,366.18,20.7,1229,docker,100.98,26.8,1336,slack,86.16,19.9,1451,docker,40.83,12.1
1775703405.44,15750.86,633.14,96.1,1010,docker,170.34,5.1,1121,chrome,330.02,8.0,1225,java,167.17,13.2,1337,python3,150.87,16.6,1444,slack,75.37,26.5
1775703407.44,15755.51,628.49,96.2,1000,spotify,709.51,3.1,1118,postgres,144.67,21.1,1229,firefox,176.19,14.9,1333,chrome,59.63,3.3,1444,python3,120.23,6.6
1775703409.44,15746.31,637.69,96.1,1001,java,710.79,3.8,1118,chrome,116.49,16.6,1225,code,184.21,28.5,1343,java,135.48,17.5,1447,java,116.79,13.5
1775703411.44,15749.6,634.4,96.1,1007,python3,492.41,6.6,1120,chrome,53.27,27.4,1230,firefox,256.66,8.1,1338,docker,153.8,8.6,1451,chrome,142.12,26.9
1775703413.44,15774.54,609.46,96.3,1007,postgres,500.77,27.3,1118,spotify,93.47,4.3,1227,node,75.34,14.5,1339,python3,49.77,20.8,1451,java,32.64,27.8
1775703415.44,15788.47,595.53,96.4,1007,python3,339.4,12.2,1120,node,70.81,16.0,1227,slack,210.14,5.2,1343,code,188.78,13.1,1449,node,100.23,27.8
1775703417.44,15788.62,595.38,96.4,1002,python3,240.72,21.9,1120,chrome,246.27,28.5,1225,postgres,52.3,22.6,1342,python3,89.24,26.3,1448,postgres,54.93,6.3
1775703419.44,15797.56,586.44,96.4,1005,postgres,302.97,26.0,1119,spotify,171.2,2.1,1225,docker,139.25,26.3,1341,java,197.85,9.5,1450,java,120.93,30.0
1775703421.44,15797.49,586.51,96.4,1007,code,67.48,3.1,1119,chrome,178.09,10.5,1222,python3,123.52,14.3,1335,node,26.9,26.6,1454,postgres,128.5,1.4
1775703423.44,15884.0,500.0,96.9,1005,docker,480.21,28.7,1118,firefox,220.82,20.7,1226,node,208.15,20.8,1340,docker,169.0,11.4,1446,node,69.51,20.9
1775703425.44,15864.7,519.3,96.8,1006,code,186.34,28.6,1115,firefox,394.33,14.8,1228,docker,228.73,19.3,1337,chrome,59.86,10.5,1444,java,128.26,27.7
1775703427.44,15877.06,506.94,96.9,1001,spotify,753.37,28.0,1112,firefox,272.61,12.9,1224,spotify,231.67,13.7,1341,code,130.67,12.2,1448,slack,11.61,21.2
1775703429.44,15859.13,524.87,96.8,1008,node,487.31,23.6,1111,python3,259.48,13.9,1228,python3,185.51,11.6,1343,code,62.04,2.7,1449,chrome,38.95,25.2
1775703431.44,15863.49,520.51,96.8,1005,code,274.83,2.1,1111,code,52.75,17.5,1228,docker,253.95,6.9,1339,slack,72.36,20.3,1451,postgres,149.12,13.9
1775703433.44,15870.74,513.26,96.9,1010,docker,626.18,15.2,1115,chrome,26.2,3.3,1222,firefox,228.59,2.7,1337,chrome,137.53,14.4,1450,docker,88.43,21.0
1775703435.44,15877.64,506.36,96.9,1006,postgres,315.01,7.3,1114,docker,110.14,3.7,1229,postgres,126.15,0.8,1336,code,20.0,13.3,1447,firefox,46.98,17.3
1775703437.44,15874.12,509.88,96.9,1005,docker,662.21,17.1,1119,chrome,90.77,22.6,1222,spotify,169.0,20.5,1338,python3,181.66,2.2,1444,spotify,89.58,29.6
1775703439.44,15883.49,500.51,96.9,1006,docker,702.63,1.7,1115,docker,157.67,16.4,1222,code,265.21,23.6,1341,chrome,197.05,13.8,1447,postgres,24.96,29.8
1775703441.44,15884.0,500.0,96.9,1000,slack,200.04,3.1,1114,firefox,307.17,20.2,1224,docker,260.34,0.7,1338,java,179.96,15.3,1450,node,127.95,28.6
1775703443.44,15884.0,500.0,96.9,1006,python3,701.72,9.4,1112,spotify,123.09,13.2,1228,spotify,23.91,10.8,1342,python3,59.12,19.9,1445,slack,39.66,9.7
1775703445.44,15865.42,518.58,96.8,1009,node,192.22,11.3,1115,code,253.1,2.5,1230,java,75.35,16.3,1342,python3,99.29,11.4,1452,firefox,71.86,14.1
1775703447.44,15872.41,511.59,96.9,1007,node,398.87,17.9,1120,firefox,168.63,15.6,1222,slack,97.26,20.6,1343,java,94.34,4.3,1450,node,157.92,19.2
1775703449.44,15864.23,519.77,96.8,1004,slack,67.86,1.5,1112,code,214.62,24.0,1224,java,247.42,3.7,1333,python3,39.95,26.5,1449,slack,45.9,17.3
1775703451.44,15877.82,506.18,96.9,1008,slack,66.08,16.0,1116,python3,166.15,5.2,1229,node,255.01,19.9,1341,python3,95.35,29.1,1444,java,116.52,13.7
1775703453.44,15884.0,500.0,96.9,1010,docker,597.29,18.5,1117,code,60.31,28.6,1230,chrome,168.93,9.8,1339,chrome,160.09,19.4,1453,node,118.71,7.4
1775703455.44,15884.0,500.0,96.9,1003,java,572.02,20.6,1111,code,306.7,29.7,1229,node,46.5,2.7,1335,chrome,170.88,4.3,1451,python3,36.68,11.8
1775703457.44,15884.0,500.0,96.9,1009,spotify,688.6,29.9,1120,python3,272.58,7.3,1226,chrome,168.19,10.1,1339,node,72.54,13.1,1446,node,127.31,11.5
1775703459.44,15876.62,507.38,96.9,1004,python3,486.11,17.8,1117,java,332.3,17.7,1229,postgres,49.57,11.6,1336,node,106.58,18.8,1445,python3,32.22,26.3
1775703461.44,15883.6,500.4,96.9,1010,java,66.01,24.2,1121,node,51.75,2.0,1232,node,189.26,7.5,1334,python3,56.42,6.5,1452,code,92.2,7.7
1775703463.44,15882.75,501.25,96.9,1010,spotify,747.42,10.5,1112,firefox,84.16,23.2,1232,firefox,156.88,13.2,1338,chrome,192.68,23.2,1450,docker,116.72,6.7
1775703465.44,15884.0,500.0,96.9,1000,spotify,62.11,7.1,1114,postgres,373.35,9.4,1225,spotify,19.16,2.5,1343,node,54.04,26.8,1452,node,135.9,28.1
1775703467.44,15884.0,500.0,96.9,1006,firefox,79.35,18.4,1112,python3,399.87,2.1,1226,slack,169.8,19.1,1337,firefox,125.14,24.2,1447,chrome,124.71,11.6
1775703469.44,15884.0,500.0,96.9,1003,postgres,356.26,22.1,1117,chrome,168.97,11.9,1224,code,184.83,14.8,1337,docker,38.51,12.4,1446,node,55.56,1.2
1775703471.44,15866.13,517.87,96.8,1007,docker,161.85,23.2,1116,node,230.52,11.7,1231,docker,193.54,29.6,1336,postgres,133.77,3.8,1452,chrome,119.09,15.3
1775703473.44,15859.32,524.68,96.8,1008,python3,712.88,25.7,1114,docker,241.18,23.2,1227,node,258.9,9.0,1343,chrome,74.27,12.2,1444,docker,43.63,10.8
1775703475.44,15847.68,536.32,96.7,1005,java,314.41,5.3,1121,slack,374.24,11.2,1232,chrome,216.4,11.9,1333,chrome,179.8,18.8,1454,chrome,133.87,10.0
1775703477.44,15848.45,535.55,96.7,1005,chrome,84.86,24.1,1119,docker,88.6,8.1,1228,python3,129.09,12.5,1340,firefox,162.56,25.4,1449,spotify,46.69,22.9
1775703479.44,15846.02,537.98,96.7,1004,code,326.92,14.9,1113,node,242.17,7.8,1226,docker,264.91,4.5,1338,slack,122.79,18.7,1453,firefox,102.18,26.5
1775703481.44,15843.97,540.03,96.7,1004,java,560.95,11.2,1114,code,319.96,0.9,1225,python3,177.4,19.8,1341,spotify,181.45,20.1,1453,docker,93.71,28.7
1775703483.44,15825.64,558.36,96.6,1007,python3,372.91,6.8,1116,python3,219.66,4.1,1230,chrome,186.43,15.9,1336,code,71.0,29.8,1444,python3,62.4,1.2
1775703485.44,15808.36,575.64,96.5,1008,spotify,72.73,4.9,1117,spotify,285.63,1.4,1229,slack,59.97,9.5,1337,java,105.34,0.0,1453,docker,142.17,15.1
1775703487.44,15784.62,599.38,96.3,1006,code,337.35,7.5,1121,python3,377.31,13.8,1230,slack,182.24,24.7,1341,code,93.98,5.5,1450,java,101.71,14.3
1775703489.44,15782.48,601.52,96.3,1003,slack,743.43,29.2,1115,postgres,174.91,2.7,1231,firefox,92.14,21.8,1340,code,140.09,24.7,1451,chrome,54.18,28.4
1775703491.44,15771.79,612.21,96.3,1010,code,322.55,5.8,1112,postgres,150.59,2.2,1232,slack,236.98,6.6,1336,python3,30.26,20.6,1445,java,130.42,24.2
1775703493.44,15762.99,621.01,96.2,1001,chrome,791.99,27.7,1113,java,48.21,28.2,1230,firefox,34.37,26.3,1337,chrome,132.65,12.7,1444,chrome,60.48,22.9
1775703495.44,15779.34,604.66,96.3,1004,firefox,127.27,24.1,1119,python3,397.34,23.4,1224,spotify,82.06,4.8,1341,spotify,114.55,3.3,1450,java,131.13,8.5
1775703497.44,15788.74,595.26,96.4,1003,python3,286.7,18.0,1118,postgres,287.2,11.0,1223,node,68.2,15.0,1342,spotify,157.23,6.7,1449,slack,38.05,29.2
1775703499.44,15774.03,609.97,96.3,1007,code,347.98,7.6,1118,firefox,187.14,26.6,1231,python3,204.26,18.8,1335,postgres,133.74,13.7,1452,chrome,80.86,9.9
1775703501.44,15763.11,620.89,96.2,1001,firefox,609.38,12.5,1117,docker,270.76,28.7,1223,node,188.09,24.5,1339,python3,128.01,24.6,1453,postgres,150.26,14.0
1775703503.44,15746.83,637.17,96.1,1002,postgres,315.92,20.0,1117,spotify,245.24,16.0,1229,firefox,33.5,18.7,1341,spotify,173.59,20.2,1447,java,122.83,26.0
1775703505.44,15723.89,660.11,96.0,1001,postgres,756.33,14.8,1116,spotify,240.07,13.8,1232,code,160.51,27.8,1337,firefox,129.26,29.9,1453,java,21.78,1.2
1775703507.44,15702.91,681.09,95.8,1007,postgres,113.17,15.2,1112,python3,369.56,7.6,1222,firefox,229.06,7.4,1338,python3,196.16,6.6,1446,python3,159.12,12.2
1775703509.44,15697.45,686.55,95.8,1007,python3,139.4,12.9,1116,node,73.53,13.1,1228,spotify,35.77,29.4,1337,spotify,118.42,19.2,1453,postgres,61.78,4.9
1775703511.44,15685.73,698.27,95.7,1001,slack,650.86,10.6,1115,docker,44.06,21.2,1228,slack,148.97,28.9,1333,python3,164.51,12.5,1446,chrome,132.46,22.1
1775703513.44,15676.74,707.26,95.7,1009,docker,356.11,22.6,1113,docker,56.94,19.8,1230,slack,60.73,22.7,1339,node,35.52,22.0,1450,slack,78.36,5.2
1775703515.44,15665.57,718.43,95.6,1007,docker,627.42,7.6,1119,code,385.41,26.7,1228,slack,54.6,0.3,1336,python3,169.96,2.7,1451,docker,42.69,22.7
1775703517.44,15663.59,720.41,95.6,1002,docker,452.05,29.3,1115,node,204.32,20.4,1229,python3,84.17,13.8,1341,code,63.65,20.8,1449,chrome,118.61,16.4
1775703519.44,15648.59,735.41,95.5,1010,firefox,210.78,12.8,1115,docker,42.8,18.3,1232,postgres,154.14,16.7,1340,firefox,48.3,8.1,1451,node,37.01,19.1
1775703521.44,15630.45,753.55,95.4,1002,python3,681.93,15.7,1121,docker,57.67,29.7,1222,slack,63.36,28.1,1341,code,118.52,1.7,1447,postgres,95.3,14.4
1775703523.44,15651.17,732.83,95.5,1009,node,208.28,13.3,1119,node,158.93,16.5,1226,firefox,85.14,1.0,1341,java,104.02,25.9,1445,node,85.52,24.1
1775703525.44,15655.65,728.35,95.6,1001,spotify,355.56,21.4,1117,postgres,194.5,20.0,1225,node,105.69,11.4,1341,slack,138.33,26.4,1446,slack,34.82,13.4
1775703527.44,15661.66,722.34,95.6,1010,spotify,729.33,15.0,1118,node,37.44,24.4,1224,spotify,212.98,9.4,1333,docker,168.27,1.2,1446,node,74.87,2.7
1775703529.44,15680.16,703.84,95.7,1006,node,156.1,0.6,1116,postgres,165.86,3.9,1226,spotify,228.31,25.8,1335,python3,113.11,19.6,1450,docker,38.39,19.9
1775703531.44,15685.04,698.96,95.7,1010,spotify,704.79,24.4,1113,java,370.36,20.2,1232,code,46.19,9.9,1341,chrome,170.09,0.2,1454,node,23.82,18.9
1775703533.44,15678.4,705.6,95.7,1000,spotify,752.1,2.1,1115,spotify,82.88,28.6,1230,postgres,202.49,9.7,1342,docker,159.49,0.4,1453,slack,18.09,9.6
1775703535.44,15670.47,713.53,95.6,1008,chrome,127.55,20.9,1119,postgres,344.13,12.6,1224,postgres,225.14,8.6,1333,firefox,54.92,0.0,1449,java,85.99,22.6
1775703537.44,15667.92,716.08,95.6,1005,python3,122.34,21.1,1113,spotify,188.75,27.9,1231,python3,73.38,20.3,1339,docker,32.59,9.0,1450,code,108.65,5.7
1775703539.44,15667.44,716.56,95.6,1010,docker,345.77,20.1,1121,java,192.3,19.6,1232,chrome,251.76,3.0,1341,postgres,99.54,20.1,1454,java,146.6,17.6
1775703541.44,15671.32,712.68,95.7,1007,code,159.32,27.1,1111,slack,396.88,20.1,1228,firefox,191.83,26.4,1343,firefox,84.04,5.5,1448,docker,28.75,1.8
1775703543.44,15656.05,727.95,95.6,1008,slack,668.18,24.2,1115,node,196.1,1.8,1226,firefox,177.38,5.6,1333,spotify,87.89,1.1,1444,docker,57.31,13.8
1775703545.44,15656.2,727.8,95.6,1002,code,391.77,0.3,1117,docker,191.46,9.1,1230,code,144.56,29.4,1333,code,87.28,20.7,1450,slack,153.19,8.1
1775703547.44,15637.49,746.51,95.4,1003,node,377.79,16.4,1120,code,390.48,9.5,1231,java,107.62,4.9,1335,slack,104.83,16.6,1454,slack,128.41,7.7
1775703549.44,15644.7,739.3,95.5,1010,node,432.0,4.7,1118,chrome,318.71,17.8,1228,code,155.96,13.9,1340,code,177.25,12.2,1448,code,87.85,7.9
1775703551.44,15650.71,733.29,95.5,1010,spotify,483.97,4.5,1121,node,185.95,6.0,1224,python3,146.34,26.9,1343,python3,126.27,18.0,1452,chrome,127.7,25.0
1775703553.44,15651.26,732.74,95.5,1009,java,417.52,7.3,1117,java,206.06,2.0,1228,firefox,69.12,24.5,1340,chrome,57.94,18.7,1446,docker,55.25,28.7
1775703555.44,15661.11,722.89,95.6,1008,node,512.73,13.3,1116,chrome,153.54,6.6,1230,node,69.83,11.3,1333,code,67.44,29.5,1451,code,62.57,2.5
1775703557.44,15643.92,740.08,95.5,1002,docker,89.33,4.8,1113,postgres,295.76,18.4,1225,java,26.42,26.6,1340,postgres,77.06,13.5,1450,java,126.52,27.6
1775703559.44,15624.53,759.47,95.4,1000,slack,113.84,28.9,1118,firefox,395.3,23.6,1226,slack,245.6,14.7,1338,spotify,69.38,24.9,1453,python3,137.44,13.9
1775703561.44,15625.81,758.19,95.4,1010,java,397.48,18.4,1118,spotify,261.54,6.2,1229,code,261.24,28.4,1334,spotify,50.16,3.5,1451,chrome,158.75,13.7
1775703563.44,15620.16,763.84,95.3,1008,code,400.82,6.1,1121,docker,173.29,6.5,1224,postgres,54.83,29.0,1339,spotify,178.39,9.9,1452,postgres,57.2,8.9
1775703565.44,15599.72,784.28,95.2,1010,docker,309.35,6.1,1120,slack,192.89,19.4,1224,chrome,39.12,26.7,1341,python3,199.24,18.4,1447,docker,101.55,24.9
1775703567.44,15576.73,807.27,95.1,1010,spotify,335.86,12.3,1121,firefox,28.12,12.5,1223,code,117.17,10.1,1339,firefox,30.25,10.4,1444,node,58.6,11.1
1775703569.44,15597.69,786.31,95.2,1010,chrome,362.0,19.6,1116,java,343.29,30.0,1229,docker,181.27,5.6,1334,node,193.18,0.5,1452,postgres,120.01,25.7
1775703571.44,15612.94,771.06,95.3,1006,node,590.52,18.1,1114,docker,223.61,23.4,1225,java,162.93,28.5,1333,spotify,139.86,21.8,1451,slack,77.94,24.9
1775703573.44,15616.87,767.13,95.3,1010,spotify,714.02,13.0,1112,java,228.84,0.9,1229,python3,42.1,6.0,1340,chrome,16.32,6.2,1452,docker,141.46,14.5
1775703575.44,15617.22,766.78,95.3,1000,firefox,753.93,28.2,1116,chrome,269.74,3.3,1230,docker,252.34,17.4,1333,firefox,186.95,17.7,1448,python3,43.73,10.7
1775703577.44,15598.95,785.05,95.2,1009,python3,564.72,6.3,1121,code,370.99,20.3,1225,chrome,51.93,15.5,1343,node,58.65,0.5,1450,code,45.83,4.2
1775703579.44,15570.13,813.87,95.0,1009,chrome,718.13,24.7,1121,docker,380.43,7.9,1229,node,19.66,19.0,1341,code,35.19,0.9,1451,slack,12.0,21.8
1775703581.44,15553.17,830.83,94.9,1005,node,790.38,5.9,1121,node,298.42,10.5,1229,slack,90.96,13.7,1334,code,107.65,28.5,1444,node,39.67,29.5
1775703583.44,15545.2,838.8,94.9,1003,docker,579.13,9.8,1117,chrome,142.32,6.6,1227,code,241.25,23.6,1334,java,56.81,29.7,1454,docker,93.46,27.0
1775703585.44,15535.78,848.22,94.8,1003,java,659.27,5.0,1114,chrome,116.88,19.9,1224,java,212.76,0.1,1340,node,47.48,3.9,1453,spotify,29.59,26.3
1775703587.44,15562.74,821.26,95.0,1000,python3,188.33,9.1,1111,chrome,245.29,14.7,1223,code,17.59,5.6,1336,spotify,130.7,21.1,1444,spotify,126.75,17.3
1775703589.44,15550.32,833.68,94.9,1005,java,255.97,22.2,1120,slack,272.25,22.8,1229,code,69.39,26.7,1336,python3,179.88,4.4,1452,postgres,54.73,21.6
1775703591.44,15561.48,822.52,95.0,1003,node,145.85,23.1,1114,chrome,356.51,19.4,1226,python3,171.99,11.3,1336,chrome,153.51,17.9,1454,chrome,97.2,26.1
1775703593.44,15549.63,834.37,94.9,1005,python3,87.66,25.2,1113,firefox,158.95,17.8,1223,slack,263.55,0.2,1335,node,165.5,23.6,1448,node,89.02,8.4
1775703595.44,15547.86,836.14,94.9,1000,firefox,220.98,10.6,1117,python3,378.93,12.4,1222,chrome,200.6,29.6,1340,java,155.83,27.9,1454,python3,58.8,13.7
1775703597.44,15546.12,837.88,94.9,1004,slack,461.24,6.9,1120,code,127.85,26.2,1225,docker,107.27,11.8,1337,code,161.6,7.4,1448,chrome,25.25,17.7
1775703599.44,15559.92,824.08,95.0,1004,python3,775.42,11.0,1114,docker,63.74,27.8,1226,python3,150.59,8.5,1341,slack,155.6,25.7,1452,firefox,71.74,6.7
1775703601.44,15579.56,804.44,95.1,1002,chrome,86.64,8.6,1112,java,125.11,16.6,1227,code,231.95,11.0,1342,java,61.56,27.5,1444,node,140.48,4.1
1775703603.44,15578.35,805.65,95.1,1003,spotify,325.33,1.2,1121,slack,318.12,16.5,1230,postgres,57.83,7.0,1338,spotify,62.2,4.1,1445,java,96.29,20.8
1775703605.44,15591.77,792.23,95.2,1003,java,695.41,4.3,1121,postgres,187.27,5.5,1228,firefox,107.61,3.6,1343,docker,135.65,3.8,1447,firefox,108.89,25.5
1775703607.44,15578.81,805.19,95.1,1004,slack,272.4,27.8,1121,python3,200.19,26.7,1231,spotify,83.02,26.3,1337,java,30.99,6.7,1447,java,18.41,21.2
1775703609.44,15418.31,965.69,94.1,1007,postgres,53.56,22.2,1121,python3,169.61,4.6,1230,docker,245.87,1.6,1340,code,32.68,12.9,1448,slack,17.95,22.9
1775703611.44,15428.1,955.9,94.2,1005,slack,347.68,18.6,1121,slack,376.38,1.9,1230,slack,250.42,29.1,1337,slack,68.89,19.1,1448,java,112.99,24.9
1775703613.44,15424.01,959.99,94.1,1002,python3,498.91,29.7,1111,java,312.22,2.5,1230,python3,212.7,3.6,1335,spotify,71.16,4.3,1445,slack,71.78,13.3
1775703615.44,15444.9,939.1,94.3,1010,spotify,354.92,9.7,1118,java,290.56,17.5,1232,slack,115.99,13.5,1340,slack,78.05,17.7,1451,code,143.86,27.3
1775703617.44,15445.22,938.78,94.3,1008,code,447.62,13.3,1117,node,106.62,18.9,1229,postgres,254.34,4.6,1339,docker,147.75,4.9,1450,slack,26.42,12.5
1775703619.44,15422.21,961.79,94.1,1009,node,349.2,1.4,1117,python3,42.22,29.3,1224,slack,55.33,24.8,1333,docker,70.15,29.8,1449,spotify,71.3,22.2
1775703621.44,15416.06,967.94,94.1,1005,spotify,740.56,3.3,1113,node,279.04,2.2,1232,code,84.06,2.5,1338,slack,40.29,25.5,1448,firefox,120.39,20.6
1775703623.44,15434.89,949.11,94.2,1003,slack,750.16,10.4,1111,slack,372.1,11.5,1232,spotify,241.64,17.6,1333,firefox,25.47,5.8,1445,firefox,98.83,22.6
1775703625.44,15413.44,970.56,94.1,1008,node,262.01,8.5,1119,node,157.21,25.9,1224,docker,31.84,0.3,1340,code,64.07,25.0,1450,postgres,31.42,11.9
1775703627.44,15392.94,991.06,94.0,1010,chrome,225.92,26.1,1115,python3,93.32,8.5,1229,docker,163.48,21.4,1335,code,192.21,3.2,1444,chrome,64.77,8.6
1775703629.44,15400.19,983.81,94.0,1007,code,411.05,25.2,1120,slack,133.15,0.5,1229,chrome,177.42,17.2,1336,code,78.38,3.5,1453,spotify,134.29,3.7
1775703631.44,15386.34,997.66,93.9,1002,firefox,720.25,29.2,1112,firefox,177.83,12.7,1230,java,84.84,20.1,1343,firefox,133.85,8.5,1449,java,96.23,0.2
1775703633.44,15383.53,1000.47,93.9,1006,docker,665.08,18.1,1119,code,223.22,28.8,1229,code,219.27,2.2,1336,java,56.26,23.1,1447,code,44.87,28.5
1775703635.44,15346.61,1037.39,93.7,1007,chrome,377.59,23.7,1116,postgres,205.04,26.4,1225,spotify,203.06,17.0,1333,postgres,171.59,14.2,1445,chrome,45.86,21.9
1775703637.44,15346.93,1037.07,93.7,1008,firefox,587.06,4.8,1118,java,189.66,23.4,1226,postgres,228.4,17.9,1333,firefox,102.72,12.8,1454,code,53.65,0.4
1775703639.44,15361.49,1022.51,93.8,1000,chrome,308.18,4.6,1117,node,155.37,14.7,1222,slack,142.56,19.8,1334,docker,70.1,8.9,1445,node,157.69,15.8
1775703641.44,15351.64,1032.36,93.7,1003,firefox,307.5,11.8,1118,node,117.0,23.0,1228,code,140.49,18.5,1341,spotify,20.9,25.5,1447,slack,114.04,27.4
1775703643.44,15533.43,850.57,94.8,1000,firefox,757.38,19.0,1116,chrome,198.09,12.1,1226,chrome,184.45,15.4,1341,docker,33.65,19.8,1453,chrome,82.18,23.5
1775703645.44,15541.88,842.12,94.9,1009,python3,90.01,18.6,1112,postgres,251.1,15.8,1224,code,188.23,16.6,1333,spotify,194.09,28.9,1452,spotify,51.92,18.7
1775703647.44,15539.25,844.75,94.8,1003,java,737.72,7.7,1117,spotify,29.19,29.9,1232,code,20.16,12.8,1336,node,109.97,4.7,1446,node,92.9,21.2
1775703649.44,15542.96,841.04,94.9,1007,python3,398.81,1.1,1120,python3,307.92,9.5,1232,code,254.01,25.6,1343,slack,95.8,1.4,1453,java,63.99,23.1
1775703651.44,15553.96,830.04,94.9,1007,docker,460.08,23.4,1118,code,96.14,0.3,1232,postgres,220.97,15.1,1342,docker,37.08,27.5,1450,java,41.91,18.5
1775703653.44,15534.38,849.62,94.8,1004,slack,756.48,17.6,1114,java,199.5,24.4,1222,java,203.99,17.0,1340,firefox,14.04,6.5,1445,postgres,107.22,7.7
1775703655.44,15540.66,843.34,94.9,1001,firefox,687.86,2.1,1111,chrome,307.04,20.8,1225,firefox,184.24,9.1,1341,firefox,134.87,16.6,1446,firefox,59.26,2.1
1775703657.44,15566.98,817.02,95.0,1008,postgres,213.91,28.8,1118,java,35.57,23.2,1225,python3,211.42,14.3,1342,slack,194.28,29.0,1450,spotify,63.27,20.0
1775703659.44,15547.99,836.01,94.9,1002,postgres,555.68,12.2,1120,node,308.77,12.8,1226,python3,98.68,28.0,1333,postgres,151.44,20.4,1444,code,102.16,7.3
1775703661.44,15534.13,849.87,94.8,1001,slack,595.81,7.1,1113,postgres,330.83,9.2,1227,docker,194.6,24.8,1337,python3,71.55,10.6,1445,python3,151.11,16.7
1775703663.44,15526.13,857.87,94.8,1009,node,706.02,21.8,1121,slack,85.17,29.2,1228,python3,151.31,16.6,1338,python3,30.99,1.3,1451,node,60.43,1.0
1775703665.44,15531.11,852.89,94.8,1007,chrome,534.68,9.1,1112,postgres,216.16,4.5,1225,chrome,62.48,10.2,1338,slack,110.41,10.9,1449,docker,41.34,25.4
1775703667.44,15552.18,831.82,94.9,1010,java,55.61,10.8,1111,python3,393.67,11.8,1227,spotify,169.6,8.0,1343,node,170.48,9.5,1453,firefox,152.06,24.1
1775703669.44,15525.98,858.02,94.8,1000,docker,96.18,13.1,1118,spotify,233.96,23.5,1231,node,135.22,11.7,1333,code,77.2,19.6,1451,docker,156.53,14.0
1775703671.44,15539.59,844.41,94.8,1001,code,448.65,8.3,1118,slack,242.43,0.5,1224,spotify,41.87,25.5,1337,chrome,119.23,1.8,1446,firefox,130.71,27.9
1775703673.44,15529.08,854.92,94.8,1001,node,66.67,4.7,1111,node,194.77,24.9,1232,firefox,92.04,25.7,1338,node,50.19,20.4,1444,code,72.63,29.2
1775703675.44,15529.19,854.81,94.8,1008,firefox,548.23,24.6,1117,chrome,259.14,21.6,1225,docker,33.93,16.1,1338,slack,185.16,2.1,1446,code,132.0,8.7
1775703677.44,15518.79,865.21,94.7,1010,node,180.05,24.3,1111,java,375.32,2.0,1224,firefox,231.63,2.4,1334,docker,102.94,27.7,1451,spotify,57.06,25.4
1775703679.44,15533.33,850.67,94.8,1000,chrome,695.78,12.0,1113,firefox,330.33,27.5,1223,docker,220.17,10.0,1334,docker,141.06,24.1,1454,spotify,15.59,18.0
1775703681.44,15543.88,840.12,94.9,1000,postgres,530.94,14.5,1118,chrome,182.29,1.5,1227,docker,170.84,26.9,1335,docker,51.07,25.4,1452,node,155.24,21.9
1775703683.44,15567.84,816.16,95.0,1009,slack,696.97,4.2,1112,slack,289.87,16.1,1222,code,124.63,4.7,1337,postgres,62.87,2.1,1453,java,22.36,14.7
1775703685.44,15565.81,818.19,95.0,1007,slack,292.41,3.7,1111,python3,390.56,18.8,1232,postgres,77.18,7.3,1342,code,173.2,3.0,1450,firefox,51.61,17.7
1775703687.44,15567.31,816.69,95.0,1002,chrome,483.57,9.5,1113,docker,255.01,15.0,1232,java,31.53,4.7,1333,spotify,48.13,19.1,1454,node,128.25,0.6
1775703689.44,15579.98,804.02,95.1,1000,firefox,211.0,24.3,1119,postgres,151.3,4.9,1223,node,79.23,14.1,1338,docker,186.75,26.0,1447,python3,66.58,2.6
1775703691.44,15582.65,801.35,95.1,1001,code,443.35,5.2,1116,chrome,276.99,11.2,1227,code,77.23,26.4,1343,spotify,128.91,24.6,1453,postgres,37.01,23.7
1775703693.44,15592.92,791.08,95.2,1000,docker,65.31,8.7,1117,python3,52.1,10.8,1224,docker,240.85,4.6,1334,java,119.31,3.1,1449,docker,63.29,17.0
1775703695.44,15590.3,793.7,95.2,1009,chrome,238.16,7.9,1120,chrome,188.04,9.0,1229,slack,202.38,4.4,1335,postgres,23.01,18.4,1452,java,129.89,12.1
1775703697.44,15607.95,776.05,95.3,1007,chrome,683.52,13.1,1120,slack,252.7,0.4,1228,code,154.27,4.6,1333,node,34.04,11.1,1451,docker,139.05,9.5
1775703699.44,15596.16,787.84,95.2,1003,firefox,514.55,27.7,1121,postgres,300.33,9.0,1227,chrome,129.31,29.5,1337,docker,111.48,26.9,1453,code,129.62,23.8
1775703701.44,15579.07,804.93,95.1,1005,code,696.84,4.0,1119,chrome,211.45,8.9,1224,code,57.03,23.4,1340,node,162.14,0.4,1445,postgres,58.31,28.0
1775703703.44,15562.27,821.73,95.0,1009,code,618.93,4.0,1111,postgres,307.19,14.6,1225,spotify,98.67,15.3,1336,chrome,177.01,2.1,1452,postgres,71.57,0.3
1775703705.44,15583.63,800.37,95.1,1000,node,213.81,7.0,1112,node,238.45,26.6,1222,firefox,191.08,4.4,1333,docker,50.28,2.1,1454,java,83.44,29.0
1775703707.44,15585.29,798.71,95.1,1008,java,319.17,4.0,1114,chrome,320.5,21.2,1223,slack,30.82,1.0,1343,node,110.7,24.3,1448,python3,69.68,20.2
1775703709.44,15578.22,805.78,95.1,1005,code,299.48,22.7,1117,spotify,220.05,29.9,1224,python3,168.92,17.4,1341,code,43.05,26.3,1444,spotify,155.44,24.3
1775703711.44,15599.94,784.06,95.2,1007,chrome,110.09,25.3,1119,python3,338.99,13.9,1223,docker,164.35,12.1,1341,firefox,191.48,16.8,1450,java,28.43,2.4
1775703713.44,15575.22,808.78,95.1,1004,postgres,131.27,25.1,1116,docker,132.24,28.4,1229,firefox,265.31,26.1,1341,python3,67.44,16.0,1447,python3,148.8,23.7
1775703715.44,15580.38,803.62,95.1,1001,python3,511.95,11.0,1119,postgres,275.32,9.5,1225,firefox,58.17,7.9,1340,code,143.37,28.7,1454,spotify,22.57,3.2
1775703717.44,15575.15,808.85,95.1,1000,postgres,316.87,7.5,1115,node,50.2,5.3,1222,node,148.7,5.3,1338,code,41.2,17.6,1451,python3,95.94,3.9
1775703719.44,15606.84,777.16,95.3,1000,chrome,499.29,3.6,1114,spotify,349.06,27.6,1223,python3,226.33,4.7,1339,code,78.34,7.6,1446,firefox,114.71,2.6
1775703721.44,15627.61,756.39,95.4,1002,python3,228.92,16.8,1119,node,391.41,28.4,1225,python3,172.44,10.5,1333,node,67.13,26.6,1453,docker,138.13,21.9
1775703723.44,15615.34,768.66,95.3,1008,firefox,281.41,28.5,1113,docker,383.44,8.0,1223,slack,132.82,3.5,1341,firefox,37.78,14.4,1448,python3,132.43,15.3
1775703725.44,15599.24,784.76,95.2,1002,java,99.33,20.7,1121,firefox,282.32,24.4,1228,spotify,53.83,21.1,1337,python3,135.79,1.5,1454,chrome,43.67,25.5
1775703727.44,15576.45,807.55,95.1,1008,code,131.22,3.2,1112,docker,37.59,0.6,1229,slack,180.63,29.8,1340,node,101.76,15.3,1449,python3,27.7,20.6
1775703729.44,15573.3,810.7,95.1,1007,chrome,521.33,12.5,1114,code,183.6,17.4,1230,code,246.38,24.9,1340,docker,33.48,11.9,1451,java,83.52,22.4
1775703731.44,15563.45,820.55,95.0,1006,chrome,353.84,16.4,1119,slack,227.86,8.6,1232,postgres,83.11,4.1,1338,chrome,181.52,22.0,1452,slack,70.61,25.6
1775703733.44,15564.12,819.88,95.0,1005,code,179.1,9.9,1113,docker,359.41,12.6,1229,node,253.74,10.3,1335,firefox,169.62,2.8,1451,slack,158.86,27.3
1775703735.44,15577.55,806.45,95.1,1008,code,464.6,15.5,1111,java,105.47,9.8,1230,firefox,120.85,20.6,1340,docker,24.38,8.7,1454,java,85.73,25.1
1775703737.44,15582.57,801.43,95.1,1002,postgres,187.08,10.8,1113,slack,353.04,19.2,1222,chrome,99.64,10.5,1336,java,46.62,27.6,1446,firefox,90.12,26.2
1775703739.44,15574.1,809.9,95.1,1001,postgres,57.81,16.5,1119,docker,122.01,12.4,1227,postgres,133.58,24.1,1334,java,188.56,14.2,1451,node,46.17,21.3
1775703741.44,15575.36,808.64,95.1,1010,spotify,641.62,13.0,1120,firefox,375.35,18.4,1232,docker,211.16,29.4,1341,chrome,44.15,21.6,1447,firefox,34.0,9.6
1775703743.44,15572.83,811.17,95.0,1005,spotify,374.88,24.1,1114,slack,140.51,1.9,1226,spotify,259.37,11.8,1342,slack,171.85,9.5,1449,java,25.29,23.8
1775703745.44,15549.89,834.11,94.9,1010,firefox,733.45,3.5,1121,chrome,133.86,8.1,1224,firefox,256.96,7.8,1338,slack,190.08,17.4,1447,node,128.81,10.2
1775703747.44,15557.95,826.05,95.0,1008,firefox,194.2,24.7,1115,spotify,255.9,8.1,1230,postgres,201.95,13.9,1335,docker,127.73,13.6,1452,chrome,103.13,4.2
1775703749.44,15285.33,1098.67,93.3,1010,postgres,645.48,27.7,1111,slack,211.46,16.3,1229,node,124.68,15.3,1341,firefox,96.88,10.3,1448,firefox,34.2,3.4
1775703751.44,15279.66,1104.34,93.3,1000,code,133.16,15.5,1119,python3,315.09,25.0,1231,firefox,79.67,16.9,1343,firefox,37.55,22.0,1445,python3,26.88,24.2
1775703753.44,15256.99,1127.01,93.1,1003,slack,130.47,27.6,1118,spotify,276.36,7.6,1229,java,243.6,27.2,1334,docker,100.1,26.6,1453,chrome,113.57,9.9
1775703755.44,15278.51,1105.49,93.3,1000,code,499.57,7.1,1114,spotify,312.6,18.3,1228,firefox,246.48,26.8,1343,node,89.0,12.9,1453,java,116.96,17.2
1775703757.44,15263.12,1120.88,93.2,1009,python3,346.67,3.7,1116,slack,318.84,26.8,1222,postgres,216.57,12.4,1333,slack,194.78,7.4,1444,docker,47.04,27.1
1775703759.44,15280.87,1103.13,93.3,1007,spotify,395.13,7.6,1121,docker,320.82,13.1,1227,java,84.11,25.1,1342,python3,71.2,10.2,1453,node,47.03,16.0
1775703761.44,15259.46,1124.54,93.1,1000,python3,182.83,0.4,1120,docker,183.22,11.7,1225,code,193.68,14.9,1343,firefox,141.48,18.5,1453,java,29.96,20.1
1775703763.44,15257.0,1127.0,93.1,1003,node,275.4,19.8,1113,slack,284.21,8.6,1225,docker,22.53,13.8,1335,java,175.15,24.3,1452,firefox,81.63,6.8
1775703765.44,15242.95,1141.05,93.0,1004,java,463.13,18.3,1114,python3,206.62,11.9,1223,java,256.48,18.7,1337,slack,32.02,3.6,1446,python3,60.72,5.2
1775703767.44,15232.53,1151.47,93.0,1001,firefox,637.62,5.4,1117,chrome,263.86,25.7,1231,slack,43.61,15.7,1341,firefox,78.3,5.2,1450,chrome,101.57,18.2
1775703769.44,15230.58,1153.42,93.0,1007,slack,479.54,7.7,1114,firefox,313.21,0.2,1223,docker,129.95,28.2,1341,python3,18.44,10.5,1445,node,54.99,23.2
1775703771.44,15255.51,1128.49,93.1,1006,slack,134.32,7.3,1111,python3,86.21,0.1,1229,node,186.4,16.8,1338,spotify,141.49,18.8,1449,postgres,41.36,1.9
1775703773.44,15252.6,1131.4,93.1,1009,postgres,54.83,9.0,1118,slack,62.86,8.5,1223,spotify,110.27,14.0,1336,java,180.28,26.3,1450,node,49.65,11.1
1775703775.44,15265.98,1118.02,93.2,1003,chrome,84.61,13.9,1114,spotify,165.12,5.6,1231,code,143.6,6.8,1334,java,103.67,12.6,1446,spotify,141.83,12.5
1775703777.44,15294.88,1089.12,93.4,1005,postgres,466.82,2.8,1115,python3,268.65,7.4,1227,python3,183.18,9.5,1333,python3,53.22,19.0,1446,postgres,142.4,27.8
1775703779.44,15282.34,1101.66,93.3,1004,java,762.28,15.8,1118,spotify,74.73,14.8,1230,firefox,105.25,2.1,1340,chrome,51.62,10.5,1453,docker,143.16,18.0
1775703781.44,15292.99,1091.01,93.3,1007,slack,525.57,8.7,1118,slack,394.83,29.9,1229,spotify,179.05,6.7,1336,java,124.27,17.1,1453,spotify,109.52,24.3
1775703783.44,15277.16,1106.84,93.2,1003,firefox,172.59,1.9,1119,code,69.48,24.6,1228,slack,174.75,7.3,1341,spotify,148.72,6.8,1445,node,88.54,6.0
1775703785.44,15317.66,1066.34,93.5,1005,python3,608.23,18.2,1118,code,41.65,8.4,1229,java,63.28,27.5,1338,code,176.4,7.5,1444,code,71.77,25.2
1775703787.44,15302.49,1081.51,93.4,1009,docker,615.2,19.7,1113,code,66.46,27.3,1222,java,169.94,8.3,1341,spotify,27.48,9.1,1452,python3,20.49,27.1
1775703789.44,15303.95,1080.05,93.4,1004,postgres,97.79,9.5,1111,code,275.61,12.5,1228,postgres,260.91,2.4,1333,spotify,127.34,28.3,1449,java,89.03,2.6
1775703791.44,15293.54,1090.46,93.3,1001,firefox,217.19,5.5,1114,code,122.2,7.0,1224,slack,178.21,23.4,1336,firefox,144.52,25.5,1447,postgres,143.67,14.3
1775703793.44,15316.73,1067.27,93.5,1007,code,721.64,22.9,1114,spotify,60.45,9.5,1224,docker,185.16,27.2,1340,node,13.52,14.3,1446,postgres,141.63,7.0
1775703795.44,15308.76,1075.24,93.4,1000,chrome,713.74,5.0,1116,postgres,28.45,21.3,1232,java,183.99,13.6,1338,code,104.75,14.5,1451,firefox,123.31,4.7
1775703797.44,15312.92,1071.08,93.5,1005,java,269.51,3.3,1120,node,26.65,2.2,1227,spotify,16.96,27.8,1335,postgres,190.47,7.1,1453,python3,30.72,20.2
1775703799.44,15316.23,1067.77,93.5,1006,postgres,772.73,11.1,1117,node,33.76,23.8,1232,chrome,111.38,17.1,1341,chrome,187.25,8.6,1453,postgres,12.84,11.7
1775703801.44,15284.41,1099.59,93.3,1001,firefox,397.31,14.6,1120,python3,285.41,29.5,1222,python3,148.1,6.1,1337,spotify,197.41,3.8,1452,postgres,130.91,10.0
1775703803.44,15302.45,1081.55,93.4,1007,postgres,680.93,24.4,1120,slack,78.1,16.3,1225,docker,258.67,20.5,1337,chrome,198.39,0.3,1444,firefox,75.01,29.8
1775703805.44,15285.31,1098.69,93.3,1006,postgres,727.95,18.3,1115,postgres,75.38,20.1,1223,java,162.25,24.9,1341,spotify,161.73,20.9,1450,spotify,83.0,24.3
1775703807.44,15275.42,1108.58,93.2,1004,slack,701.89,9.6,1117,node,344.96,14.2,1224,node,197.86,9.5,1343,java,18.75,20.6,1451,spotify,52.86,2.1
1775703809.44,15255.79,1128.21,93.1,1005,postgres,281.31,10.8,1113,postgres,394.37,14.7,1229,spotify,190.98,8.0,1333,chrome,40.0,0.1,1454,node,35.21,29.3
1775703811.44,15258.83,1125.17,93.1,1000,docker,760.45,23.2,1117,code,204.49,21.7,1225,python3,182.42,24.7,1338,chrome,124.66,3.1,1449,firefox,77.85,4.8
1775703813.44,15265.92,1118.08,93.2,1000,code,390.1,10.8,1113,java,258.68,21.8,1230,slack,211.5,6.2,1333,spotify,120.22,18.9,1446,postgres,32.36,9.3
1775703815.44,15260.64,1123.36,93.1,1000,java,108.97,15.5,1116,java,285.76,14.5,1229,slack,104.22,5.9,1335,node,136.47,17.8,1448,slack,53.69,20.9
1775703817.44,15271.99,1112.01,93.2,1000,spotify,165.43,7.3,1118,chrome,67.2,6.4,1224,docker,82.23,27.3,1336,code,94.43,8.7,1451,postgres,46.26,2.6
1775703819.44,15277.35,1106.65,93.2,1005,docker,538.75,25.0,1116,code,165.17,1.8,1223,slack,116.98,7.8,1338,spotify,117.53,2.6,1448,code,64.74,14.3
1775703821.44,15276.19,1107.81,93.2,1009,chrome,461.49,9.0,1111,node,357.39,5.8,1227,node,109.18,9.9,1342,firefox,49.24,13.5,1444,firefox,132.42,0.5
1775703823.44,15263.12,1120.88,93.2,1004,python3,51.68,5.2,1113,firefox,237.95,24.3,1231,java,132.62,1.4,1334,chrome,85.47,24.2,1445,code,115.49,18.9
1775703825.44,15269.41,1114.59,93.2,1003,firefox,582.25,6.7,1118,postgres,144.49,24.6,1227,java,26.07,4.1,1340,postgres,177.92,25.6,1445,java,43.07,15.2
1775703827.44,15267.82,1116.18,93.2,1006,python3,175.76,28.8,1120,docker,78.67,20.7,1230,postgres,71.11,12.8,1333,spotify,181.78,11.4,1444,docker,97.36,17.4
1775703829.44,15278.25,1105.75,93.3,1007,code,520.72,1.8,1119,code,179.59,24.8,1227,node,189.5,10.2,1343,slack,80.39,19.8,1449,node,103.81,4.6
1775703831.44,15283.11,1100.89,93.3,1003,firefox,228.2,4.5,1115,spotify,149.32,21.1,1227,python3,195.81,20.5,1333,chrome,148.86,12.5,1452,java,28.32,18.8
1775703833.44,15265.67,1118.33,93.2,1010,python3,251.05,21.3,1121,java,283.02,18.2,1224,slack,246.59,13.0,1341,spotify,134.4,17.3,1452,chrome,25.5,21.3
1775703835.44,15269.32,1114.68,93.2,1003,chrome,75.45,9.3,1117,postgres,388.16,23.7,1226,spotify,84.67,4.3,1341,python3,170.06,2.7,1452,node,33.19,10.9
1775703837.44,15273.93,1110.07,93.2,1009,code,413.27,16.1,1118,python3,252.12,25.9,1223,node,125.1,20.7,1341,java,92.76,5.1,1446,spotify,70.35,2.2
1775703839.44,15259.08,1124.92,93.1,1002,postgres,671.5,8.9,1121,chrome,306.08,6.3,1223,docker,121.1,19.9,1342,docker,33.91,27.5,1451,docker,136.42,6.5
1775703841.44,15255.02,1128.98,93.1,1002,chrome,545.22,28.4,1117,java,295.38,14.8,1230,java,63.81,21.0,1343,postgres,59.24,21.1,1445,python3,29.42,18.1
1775703843.44,15255.45,1128.55,93.1,1005,postgres,659.44,3.7,1118,chrome,267.35,19.4,1222,spotify,154.07,4.9,1335,code,153.89,25.9,1449,spotify,139.91,5.2
1775703845.44,15254.54,1129.46,93.1,1008,postgres,526.07,26.7,1118,postgres,240.32,15.9,1226,code,118.44,26.4,1335,firefox,133.73,4.0,1451,postgres,56.24,26.7
1775703847.44,15254.6,1129.4,93.1,1003,node,152.0,14.4,1111,node,244.85,5.4,1223,spotify,42.53,29.8,1339,firefox,106.35,1.1,1448,node,145.9,15.4
1775703849.44,15258.97,1125.03,93.1,1006,java,576.84,25.6,1119,chrome,146.11,29.3,1222,spotify,129.53,17.5,1343,postgres,188.45,6.0,1449,chrome,84.69,7.0
1775703851.44,15233.37,1150.63,93.0,1008,firefox,716.27,7.1,1118,docker,160.67,6.5,1231,postgres,175.96,17.1,1338,node,199.5,24.5,1446,postgres,111.91,22.2
1775703853.44,15241.55,1142.45,93.0,1006,spotify,613.12,23.2,1115,node,106.78,15.5,1222,python3,97.65,8.0,1334,python3,101.25,16.3,1450,java,47.67,9.3
1775703855.44,15238.91,1145.09,93.0,1006,docker,643.94,20.7,1117,slack,249.08,11.9,1230,firefox,195.49,3.3,1340,chrome,151.24,3.1,1447,java,18.4,29.6
1775703857.44,15263.41,1120.59,93.2,1000,firefox,302.61,10.7,1116,code,150.37,18.8,1226,python3,247.08,21.0,1341,java,26.75,9.2,1444,spotify,55.73,6.7
1775703859.44,15255.74,1128.26,93.1,1005,slack,98.22,21.3,1112,chrome,390.55,20.1,1231,chrome,102.74,19.9,1337,python3,137.84,3.1,1448,firefox,85.61,21.6
1775703861.44,15278.34,1105.66,93.3,1006,node,731.86,10.7,1120,docker,318.27,12.0,1226,postgres,105.98,12.5,1341,python3,66.94,12.5,1446,firefox,150.25,25.7
1775703863.44,15282.07,1101.93,93.3,1002,chrome,327.9,3.6,1112,java,33.13,29.9,1228,slack,92.11,17.5,1340,docker,177.11,13.0,1445,spotify,36.51,4.0
1775703865.44,15286.56,1097.44,93.3,1005,docker,517.11,8.9,1114,code,280.01,17.9,1228,java,127.81,2.8,1339,python3,164.14,6.1,1446,python3,157.37,24.6
1775703867.44,15270.98,1113.02,93.2,1002,spotify,537.77,16.1,1121,spotify,100.35,19.8,1232,docker,101.66,23.1,1343,docker,131.51,14.3,1445,node,21.67,26.0
1775703869.44,15257.83,1126.17,93.1,1001,node,690.42,17.2,1115,docker,274.8,29.2,1230,firefox,91.53,19.0,1340,spotify,61.28,10.4,1453,node,51.04,3.1
1775703871.44,15277.98,1106.02,93.2,1004,java,569.83,19.4,1119,firefox,43.38,17.2,1229,python3,196.67,0.2,1337,docker,70.18,21.4,1449,chrome,43.55,9.5
1775703873.44,15299.69,1084.31,93.4,1007,chrome,258.22,14.4,1118,code,368.18,4.0,1229,python3,155.64,21.2,1338,docker,87.58,26.1,1449,java,47.98,18.7
1775703875.44,15321.14,1062.86,93.5,1009,spotify,541.08,1.8,1116,postgres,201.79,14.9,1229,postgres,236.41,2.9,1341,java,103.99,20.7,1452,spotify,102.93,3.6
1775703877.44,15331.77,1052.23,93.6,1000,chrome,467.41,7.6,1114,firefox,301.16,6.8,1227,code,17.14,12.5,1340,chrome,160.68,21.7,1454,java,13.67,27.1
1775703879.44,15324.32,1059.68,93.5,1005,node,64.58,19.6,1118,node,130.29,10.8,1229,postgres,205.9,4.6,1334,python3,113.27,7.4,1444,spotify,154.11,7.2
1775703881.44,15327.35,1056.65,93.6,1008,docker,705.74,10.6,1114,docker,389.85,3.2,1224,java,21.12,27.9,1339,docker,62.47,20.5,1452,java,21.04,15.7
1775703883.44,15323.81,1060.19,93.5,1002,chrome,337.29,25.9,1115,slack,225.52,15.1,1232,chrome,226.5,22.5,1335,firefox,195.44,23.3,1450,firefox,129.28,4.5
1775703885.44,15331.82,1052.18,93.6,1000,node,56.2,28.6,1112,firefox,199.77,3.5,1223,spotify,101.44,8.9,1340,python3,48.05,0.5,1454,postgres,153.58,3.2
1775703887.44,15331.53,1052.47,93.6,1001,code,205.57,29.2,1121,firefox,50.04,13.1,1227,postgres,266.13,12.0,1341,postgres,113.15,21.8,1452,firefox,143.01,23.1
1775703889.44,15815.76,568.24,96.5,1003,postgres,634.76,26.3,1118,node,195.86,27.4,1224,code,193.39,14.3,1334,docker,167.59,6.0,1450,postgres,118.06,2.5
1775703891.44,15798.93,585.07,96.4,1005,firefox,139.95,10.5,1119,firefox,33.36,16.3,1231,spotify,159.22,0.5,1334,chrome,187.01,1.7,1450,node,140.4,17.5
1775703893.44,15818.9,565.1,96.6,1000,docker,589.22,17.0,1115,slack,308.74,7.4,1222,node,166.86,12.7,1333,docker,135.58,25.1,1445,slack,150.5,13.9
1775703895.44,15822.78,561.22,96.6,1000,node,244.86,1.6,1116,slack,379.72,22.9,1230,python3,182.98,5.1,1337,java,138.16,17.7,1454,node,102.0,22.8
1775703897.44,15821.95,562.05,96.6,1009,slack,215.91,9.3,1121,python3,64.11,9.6,1230,python3,248.75,5.9,1335,code,53.02,26.5,1445,spotify,42.76,23.3
1775703899.44,15807.97,576.03,96.5,1002,python3,347.95,29.0,1114,firefox,182.52,1.9,1226,node,119.33,8.5,1338,java,38.34,13.4,1452,python3,47.08,10.2
1775703901.44,15844.14,539.86,96.7,1010,postgres,269.39,9.2,1117,spotify,40.87,15.4,1225,firefox,114.65,28.5,1340,code,165.04,12.9,1454,slack,18.77,25.8
1775703903.44,15835.17,548.83,96.7,1008,java,792.29,11.8,1115,chrome,173.35,27.8,1222,python3,66.0,12.1,1337,code,68.52,1.0,1451,code,136.02,25.7
1775703905.44,15873.94,510.06,96.9,1001,node,381.83,15.2,1115,spotify,261.03,21.0,1231,python3,213.58,18.3,1333,slack,176.24,13.2,1452,firefox,143.49,15.2
1775703907.44,15884.0,500.0,96.9,1010,spotify,114.24,18.5,1119,spotify,278.24,4.5,1229,java,265.95,30.0,1339,chrome,188.25,6.8,1452,node,49.25,29.0
1775703909.44,15874.05,509.95,96.9,1006,code,298.93,19.4,1112,slack,179.31,10.1,1225,firefox,262.0,26.5,1342,chrome,191.82,15.0,1450,code,152.81,2.9
1775703911.44,15871.16,512.84,96.9,1010,docker,373.12,0.6,1115,docker,32.7,15.2,1228,node,137.49,9.0,1339,postgres,82.84,4.1,1449,chrome,106.25,7.8
1775703913.44,15863.53,520.47,96.8,1003,slack,605.82,22.3,1116,spotify,111.07,2.2,1230,postgres,157.99,1.8,1334,spotify,122.56,10.8,1449,code,25.5,2.3
1775703915.44,15864.63,519.37,96.8,1003,postgres,183.48,24.4,1116,java,190.8,27.2,1223,code,208.09,3.7,1339,java,12.96,25.4,1451,spotify,23.75,4.0
1775703917.44,15851.29,532.71,96.7,1010,firefox,350.59,26.1,1111,node,246.2,6.1,1230,code,31.12,7.3,1337,firefox,51.89,17.2,1445,docker,56.49,3.9
1775703919.44,15856.83,527.17,96.8,1009,slack,122.45,10.8,1118,spotify,308.34,28.2,1228,docker,183.17,15.7,1342,firefox,58.85,25.4,1451,spotify,31.81,16.2
1775703921.44,15846.76,537.24,96.7,1002,postgres,441.51,14.8,1121,python3,254.93,3.1,1223,code,186.82,22.3,1335,firefox,21.85,8.7,1447,postgres,109.79,2.8
1775703923.44,15852.35,531.65,96.8,1001,slack,696.16,21.9,1119,slack,305.42,5.1,1223,postgres,104.1,26.4,1340,chrome,133.45,9.6,1448,node,41.39,2.8
1775703925.44,15840.83,543.17,96.7,1003,python3,733.82,8.3,1114,spotify,93.81,1.8,1229,slack,259.63,19.2,1333,firefox,148.22,0.9,1452,spotify,93.59,19.9
1775703927.44,15860.44,523.56,96.8,1000,slack,565.94,2.5,1121,docker,85.25,28.0,1225,java,162.88,11.2,1333,docker,53.19,11.2,1449,node,53.3,6.4
1775703929.44,15831.02,552.98,96.6,1004,chrome,717.15,9.0,1112,docker,128.83,9.6,1225,docker,155.57,1.2,1341,docker,194.41,21.6,1445,node,131.71,0.3
1775703931.44,15843.97,540.03,96.7,1009,java,649.66,2.9,1121,spotify,380.29,4.9,1224,node,207.64,11.6,1341,code,81.09,17.8,1451,java,151.35,27.8
1775703933.44,15848.05,535.95,96.7,1009,chrome,530.71,27.8,1118,firefox,155.57,5.9,1222,node,225.5,20.8,1338,chrome,32.25,6.8,1453,chrome,133.81,23.6
1775703935.44,15864.2,519.8,96.8,1004,spotify,226.85,3.2,1116,slack,366.22,28.5,1224,code,233.11,25.9,1338,code,31.91,16.5,1444,spotify,91.33,10.3
1775703937.44,15877.36,506.64,96.9,1003,firefox,346.79,2.8,1115,chrome,34.14,21.7,1226,firefox,48.9,19.3,1341,java,14.61,16.1,1446,code,82.53,9.2
1775703939.44,15880.61,503.39,96.9,1007,postgres,500.1,21.8,1113,python3,136.24,28.0,1226,spotify,178.49,17.4,1339,node,119.2,11.4,1444,docker,69.26,8.7
1775703941.44,15874.51,509.49,96.9,1001,firefox,144.52,18.6,1111,java,116.8,25.9,1226,code,175.35,29.8,1339,docker,111.08,18.9,1447,chrome,51.51,9.4
1775703943.44,15860.61,523.39,96.8,1005,spotify,434.8,27.5,1121,code,233.07,18.8,1228,node,226.93,19.2,1336,node,72.25,28.8,1454,firefox,23.47,3.5
1775703945.44,15868.73,515.27,96.9,1001,java,156.96,22.4,1120,slack,163.02,27.4,1222,firefox,123.57,12.4,1338,spotify,118.24,22.0,1447,python3,141.71,19.3
1775703947.44,15860.66,523.34,96.8,1006,firefox,782.76,6.2,1121,slack,80.49,12.3,1222,python3,210.01,13.3,1339,code,163.84,18.7,1450,slack,24.05,15.2
1775703949.44,15884.0,500.0,96.9,1000,slack,424.57,9.3,1113,slack,246.05,7.0,1228,firefox,177.81,0.5,1343,node,24.56,0.6,1449,docker,93.46,25.7
1775703951.44,15882.61,501.39,96.9,1002,python3,64.13,27.7,1117,firefox,72.3,1.6,1229,postgres,225.5,29.2,1333,python3,78.79,12.2,1447,docker,134.38,28.6
1775703953.44,15884.0,500.0,96.9,1000,spotify,378.37,25.6,1114,python3,271.02,11.1,1229,docker,164.07,14.3,1341,postgres,152.44,0.0,1449,python3,122.57,5.4
1775703955.44,15884.0,500.0,96.9,1008,python3,379.37,12.3,1111,java,152.08,13.0,1224,spotify,243.4,23.0,1340,python3,110.62,24.6,1448,code,132.69,28.5
1775703957.44,15865.66,518.34,96.8,1006,slack,741.58,7.9,1119,slack,208.74,20.5,1224,firefox,217.72,15.7,1340,python3,142.54,3.7,1453,firefox,53.3,3.7
1775703959.44,15813.65,570.35,96.5,1006,python3,353.22,11.4,1113,slack,397.32,4.1,1229,java,214.55,10.4,1338,code,61.87,27.4,1453,spotify,85.83,2.0
1775703961.44,15813.88,570.12,96.5,1003,python3,127.09,17.3,1114,code,352.07,29.9,1232,node,28.35,19.9,1339,firefox,61.81,6.3,1447,slack,94.26,12.8
1775703963.44,15817.41,566.59,96.5,1004,python3,322.76,2.5,1121,java,259.0,22.4,1232,java,111.18,27.4,1340,code,168.66,23.3,1454,firefox,139.98,3.8
1775703965.44,15829.88,554.12,96.6,1008,java,131.04,23.8,1121,spotify,111.28,27.8,1226,spotify,107.67,26.7,1333,postgres,69.84,1.9,1449,chrome,11.46,22.7
1775703967.44,15610.6,773.4,95.3,1010,spotify,439.5,7.2,1117,node,339.99,15.8,1223,firefox,196.74,9.6,1341,docker,125.41,24.3,1448,chrome,145.01,7.7
1775703969.44,15582.49,801.51,95.1,1001,node,784.96,14.2,1118,slack,201.49,6.9,1232,node,221.81,23.0,1334,postgres,24.92,15.2,1450,chrome,74.71,1.3
1775703971.44,15602.35,781.65,95.2,1001,docker,514.36,26.9,1115,java,212.43,23.2,1227,docker,216.02,27.0,1333,firefox,18.69,1.8,1444,chrome,153.57,1.9
1775703973.44,15851.93,532.07,96.8,1000,code,141.21,18.1,1117,slack,234.27,26.5,1231,chrome,162.28,23.9,1335,node,40.56,12.3,1454,java,43.51,8.4
1775703975.44,15837.77,546.23,96.7,1010,postgres,630.73,21.1,1120,postgres,326.6,19.3,1231,python3,48.11,5.0,1336,spotify,133.05,9.8,1446,chrome,80.86,12.4
1775703977.44,15834.77,549.23,96.6,1002,firefox,365.1,3.7,1121,slack,318.01,24.5,1229,chrome,47.74,10.3,1340,postgres,70.79,19.2,1450,python3,27.55,21.0
1775703979.44,15856.09,527.91,96.8,1010,slack,665.38,18.8,1115,docker,267.22,12.8,1232,spotify,189.75,12.6,1334,docker,139.34,11.3,1446,java,90.23,23.0
1775703981.44,15863.2,520.8,96.8,1010,chrome,738.64,19.0,1116,docker,30.2,8.5,1222,code,137.95,5.7,1336,docker,75.14,28.4,1445,python3,89.08,12.6
1775703983.44,15853.93,530.07,96.8,1008,slack,207.62,10.2,1118,chrome,58.92,0.9,1228,code,181.83,18.6,1338,spotify,68.22,5.1,1447,firefox,122.78,26.2
1775703985.44,15852.87,531.13,96.8,1006,firefox,517.73,17.6,1116,postgres,384.84,0.1,1222,spotify,162.16,16.8,1335,slack,38.77,3.5,1449,postgres,138.61,17.4
1775703987.44,15854.1,529.9,96.8,1006,node,792.52,15.1,1120,docker,399.37,4.1,1227,code,266.6,27.3,1336,node,117.63,19.0,1449,node,55.28,17.6
1775703989.44,15856.32,527.68,96.8,1008,java,265.86,6.6,1115,postgres,247.47,19.4,1222,docker,101.45,9.6,1338,node,112.5,25.9,1446,node,107.11,8.1
1775703991.44,15856.94,527.06,96.8,1008,spotify,290.49,27.4,1115,node,395.41,4.3,1229,slack,54.14,4.8,1338,spotify,198.69,27.9,1450,slack,141.79,14.0
1775703993.44,15850.38,533.62,96.7,1003,code,280.1,17.5,1113,spotify,336.47,6.6,1232,slack,110.85,20.2,1337,firefox,107.06,5.1,1450,node,108.07,4.5
1775703995.44,15847.26,536.74,96.7,1004,spotify,458.62,3.2,1121,postgres,341.23,14.6,1230,docker,72.52,16.0,1339,slack,111.11,11.0,1451,postgres,56.96,3.7
1775703997.44,15853.35,530.65,96.8,1007,code,657.23,0.6,1111,chrome,309.51,0.0,1222,node,101.9,4.0,1343,docker,73.36,2.9,1454,python3,89.49,6.7
1775703999.44,15867.17,516.83,96.8,1008,docker,708.45,20.9,1114,java,367.55,29.6,1232,chrome,240.71,18.2,1337,firefox,133.51,22.0,1446,slack,20.61,22.6
1775704001.44,15854.4,529.6,96.8,1007,chrome,112.61,17.1,1114,slack,234.12,23.4,1224,code,137.79,3.9,1341,node,88.02,13.0,1450,java,137.31,29.6
1775704003.44,15841.03,542.97,96.7,1004,slack,419.7,8.6,1114,code,194.46,5.9,1224,python3,23.94,25.5,1337,slack,18.28,29.3,1451,postgres,42.53,25.1
1775704005.44,15833.44,550.56,96.6,1002,slack,775.6,22.3,1115,node,359.41,23.0,1224,chrome,258.01,9.9,1335,postgres,22.88,17.5,1444,firefox,16.16,18.9
1775704007.44,15818.94,565.06,96.6,1004,firefox,92.63,25.7,1118,node,164.89,18.2,1232,java,244.35,17.0,1338,python3,92.35,14.2,1445,firefox,137.24,2.6
1775704009.44,15837.3,546.7,96.7,1010,slack,388.66,1.7,1112,node,185.98,19.5,1225,spotify,161.31,23.5,1336,python3,187.1,17.6,1452,docker,134.65,8.4
1775704011.44,15826.55,557.45,96.6,1005,code,747.37,28.6,1113,docker,182.68,20.6,1222,docker,219.88,12.6,1333,docker,186.66,12.1,1448,python3,124.28,27.4
1775704013.44,15842.29,541.71,96.7,1010,spotify,508.82,21.6,1114,code,90.6,18.6,1230,firefox,45.9,15.2,1339,chrome,77.59,3.8,1445,code,108.22,11.3
1775704015.44,15845.21,538.79,96.7,1004,slack,777.4,26.7,1115,java,175.63,14.8,1228,firefox,102.19,10.9,1338,code,119.15,7.0,1446,firefox,51.52,4.2
1775704017.44,15843.23,540.77,96.7,1001,code,320.27,23.8,1115,docker,284.18,25.1,1222,postgres,122.44,28.7,1338,node,60.48,5.1,1448,python3,157.44,22.8
1775704019.44,15843.91,540.09,96.7,1002,java,52.15,17.1,1121,postgres,315.55,0.7,1227,docker,165.18,20.7,1343,slack,96.81,24.6,1447,firefox,34.46,3.0
1775704021.44,15827.1,556.9,96.6,1010,spotify,385.11,13.0,1114,chrome,86.32,15.5,1228,java,234.47,21.6,1343,firefox,58.2,29.8,1454,slack,21.49,25.0
1775704023.44,15820.82,563.18,96.6,1007,spotify,722.0,19.7,1113,code,124.61,12.0,1230,python3,175.66,16.7,1338,firefox,35.13,10.3,1444,spotify,46.76,7.6
1775704025.44,15809.96,574.04,96.5,1000,postgres,457.22,0.1,1112,python3,299.05,23.1,1224,docker,190.7,12.9,1333,code,153.96,2.7,1450,java,45.32,18.9
1775704027.44,15813.98,570.02,96.5,1000,slack,250.65,11.1,1118,spotify,267.54,5.8,1231,node,225.03,15.5,1335,postgres,16.12,23.9,1451,java,67.92,29.4
1775704029.44,15810.94,573.06,96.5,1001,chrome,135.52,9.6,1120,docker,271.06,3.1,1232,node,201.45,8.2,1343,code,186.76,26.3,1447,slack,138.28,26.3
1775704031.44,15884.0,500.0,96.9,1001,chrome,600.54,21.4,1112,docker,109.63,21.1,1232,spotify,170.9,3.7,1340,docker,95.32,25.9,1450,java,156.61,1.8
1775704033.44,15884.0,500.0,96.9,1005,node,769.31,10.8,1118,spotify,306.75,4.2,1232,chrome,142.14,17.9,1336,docker,41.53,17.3,1450,code,68.76,16.0
1775704035.44,15856.7,527.3,96.8,1007,firefox,63.06,9.2,1112,chrome,367.56,5.1,1222,node,115.95,8.3,1339,firefox,197.69,14.3,1445,chrome,64.01,4.2
1775704037.44,15845.91,538.09,96.7,1004,node,727.1,9.2,1118,slack,383.57,1.7,1227,python3,124.43,19.7,1340,postgres,112.52,17.0,1453,node,60.53,27.3
1775704039.44,15844.94,539.06,96.7,1008,postgres,385.65,3.4,1121,java,362.42,28.7,1231,code,87.5,7.8,1333,node,46.03,5.9,1446,postgres,105.17,30.0
1775704041.44,15858.84,525.16,96.8,1002,docker,248.33,27.0,1116,slack,236.61,10.8,1231,java,96.76,9.9,1343,slack,40.74,14.5,1447,docker,115.31,0.7
1775704043.44,15845.46,538.54,96.7,1009,node,506.91,8.0,1115,code,221.44,9.6,1222,postgres,147.93,26.0,1333,java,16.22,14.8,1452,docker,158.08,29.4
1775704045.44,15842.41,541.59,96.7,1003,chrome,73.19,17.3,1118,node,111.73,9.7,1230,spotify,226.74,25.4,1340,chrome,167.36,21.4,1450,docker,33.67,16.2
1775704047.44,15859.14,524.86,96.8,1001,firefox,389.37,7.0,1112,docker,148.29,23.8,1225,spotify,127.86,23.1,1343,spotify,20.54,11.8,1452,postgres,45.97,21.7
1775704049.44,15849.49,534.51,96.7,1003,java,487.5,17.6,1118,code,203.48,28.4,1225,chrome,29.47,5.8,1343,firefox,83.55,7.5,1449,slack,99.17,16.5
1775704051.44,15846.52,537.48,96.7,1004,slack,161.54,24.6,1118,firefox,364.44,16.1,1225,node,265.87,2.9,1341,node,138.32,0.5,1446,code,59.0,14.8
1775704053.44,15749.77,634.23,96.1,1006,code,690.84,11.3,1113,python3,213.77,17.7,1229,node,260.96,29.2,1333,spotify,107.22,3.9,1448,slack,134.51,12.2
1775704055.44,15717.34,666.66,95.9,1002,slack,461.99,24.5,1116,docker,319.84,1.9,1227,slack,203.95,18.1,1339,docker,32.76,12.5,1446,java,107.98,25.6
1775704057.44,15738.68,645.32,96.1,1009,slack,84.78,6.1,1121,docker,294.97,26.8,1231,spotify,206.29,13.0,1335,spotify,16.36,2.0,1451,postgres,20.09,4.8
1775704059.44,15739.01,644.99,96.1,1010,code,542.55,10.3,1117,docker,105.03,29.0,1222,slack,60.39,20.8,1333,postgres,105.11,20.3,1447,chrome,24.27,3.9
1775704061.44,15734.88,649.12,96.0,1008,python3,258.74,26.1,1114,node,157.2,14.0,1222,docker,186.49,20.5,1343,spotify,15.96,8.1,1451,node,119.93,22.2
1775704063.44,15732.29,651.71,96.0,1002,chrome,437.0,24.3,1119,chrome,255.6,19.7,1227,code,132.61,8.5,1341,spotify,107.12,4.0,1444,java,90.46,12.6
1775704065.44,15733.03,650.97,96.0,1004,code,626.65,4.9,1116,spotify,220.27,28.7,1232,chrome,235.07,29.7,1342,chrome,25.64,11.8,1450,firefox,143.04,10.9
1775704067.44,15782.29,601.71,96.3,1002,node,553.12,6.3,1121,java,172.37,12.6,1229,spotify,148.11,23.7,1337,java,182.93,24.0,1444,node,46.05,0.6
1775704069.44,15762.08,621.92,96.2,1001,firefox,568.56,13.4,1117,firefox,39.14,24.0,1222,node,25.9,24.8,1338,slack,76.82,18.2,1447,spotify,106.15,27.0
1775704071.44,15778.61,605.39,96.3,1002,spotify,518.63,3.7,1115,firefox,284.46,27.0,1225,postgres,71.3,7.4,1342,docker,25.51,7.3,1447,chrome,75.44,18.2
1775704073.44,15792.59,591.41,96.4,1010,chrome,347.36,18.4,1118,slack,297.88,28.1,1232,code,153.9,24.1,1334,java,177.59,19.6,1453,node,50.05,2.6
1775704075.44,15785.13,598.87,96.3,1006,docker,623.41,4.9,1113,docker,328.97,4.0,1232,docker,236.12,27.7,1341,postgres,45.93,13.9,1451,code,38.82,25.3
1775704077.44,15795.32,588.68,96.4,1007,code,247.74,6.6,1115,slack,240.38,6.9,1228,code,262.13,9.4,1342,chrome,178.02,15.4,1451,chrome,18.93,4.7
1775704079.44,15784.1,599.9,96.3,1002,slack,133.22,27.0,1111,python3,306.93,27.4,1225,postgres,89.52,25.5,1334,chrome,44.7,1.0,1447,spotify,30.2,12.3
1775704081.44,15770.0,614.0,96.3,1009,node,393.94,22.2,1120,spotify,351.89,27.8,1228,node,76.91,16.9,1336,chrome,181.59,0.4,1447,python3,91.42,9.7
1775704083.44,15754.66,629.34,96.2,1000,java,679.51,3.9,1112,docker,384.65,22.3,1228,chrome,22.08,8.1,1342,slack,106.95,4.7,1451,java,101.37,19.1
1775704085.44,15773.4,610.6,96.3,1006,spotify,580.49,17.4,1115,firefox,42.57,29.1,1224,chrome,225.96,27.4,1339,spotify,37.33,16.5,1454,spotify,83.66,26.0
1775704087.44,15768.18,615.82,96.2,1008,node,573.6,14.7,1116,node,191.44,1.6,1224,java,152.27,22.6,1333,slack,77.03,8.8,1446,chrome,71.7,28.1
1775704089.44,15804.62,579.38,96.5,1004,slack,229.13,23.0,1113,docker,253.26,11.7,1227,postgres,100.95,7.1,1343,slack,151.64,8.2,1447,python3,45.0,11.4
1775704091.44,15793.31,590.69,96.4,1005,python3,217.5,28.2,1121,slack,50.35,20.1,1225,node,260.06,19.1,1342,postgres,74.97,23.2,1448,firefox,126.63,8.4
1775704093.44,15789.56,594.44,96.4,1003,slack,536.3,15.3,1111,docker,313.0,21.7,1225,code,174.75,16.4,1340,java,55.34,23.7,1453,firefox,53.56,1.3
1775704095.44,15784.37,599.63,96.3,1002,chrome,579.93,26.3,1117,docker,234.65,16.7,1228,spotify,106.62,4.7,1333,firefox,104.2,21.3,1451,node,104.93,23.1
1775704097.44,15801.66,582.34,96.4,1000,chrome,552.68,6.5,1111,code,66.02,16.8,1222,spotify,254.23,24.6,1335,code,157.42,27.6,1447,slack,136.53,15.9
1775704099.44,15799.65,584.35,96.4,1004,code,399.11,17.4,1113,java,162.62,29.3,1223,java,60.71,8.4,1335,spotify,79.08,20.3,1449,firefox,147.44,15.3
1775704101.44,15815.14,568.86,96.5,1004,python3,779.72,5.2,1111,firefox,230.9,6.0,1224,slack,73.36,1.9,1338,slack,184.08,9.9,1448,spotify,70.78,5.4
1775704103.44,15819.56,564.44,96.6,1006,java,93.56,14.6,1120,postgres,216.5,4.6,1222,spotify,22.4,3.2,1337,node,159.14,2.9,1444,code,75.08,1.8
1775704105.44,15815.57,568.43,96.5,1004,node,58.26,8.2,1120,node,372.13,0.9,1222,firefox,83.33,5.2,1336,firefox,106.22,2.2,1445,slack,123.78,29.2
1775704107.44,15816.03,567.97,96.5,1004,python3,563.84,19.2,1112,firefox,56.44,8.4,1225,spotify,200.5,17.3,1338,node,99.56,27.3,1454,spotify,95.39,21.5
1775704109.44,15807.89,576.11,96.5,1007,java,462.6,19.5,1112,slack,308.78,12.7,1230,python3,113.64,24.3,1336,java,39.23,7.0,1448,code,96.29,13.9
1775704111.44,15795.76,588.24,96.4,1009,firefox,473.67,4.6,1116,postgres,124.88,27.7,1222,firefox,198.76,8.0,1343,java,56.82,4.2,1452,python3,76.54,0.3
1775704113.44,15797.05,586.95,96.4,1002,java,465.26,12.6,1111,slack,373.17,23.3,1226,docker,121.35,1.1,1340,docker,125.24,25.1,1452,spotify,67.81,25.9
1775704115.44,15771.37,612.63,96.3,1004,node,223.68,24.8,1120,slack,303.45,27.0,1230,firefox,221.66,23.2,1338,slack,108.46,9.2,1454,java,113.72,10.7
1775704117.44,15755.93,628.07,96.2,1003,code,638.42,6.6,1116,node,49.28,21.9,1223,node,105.69,3.9,1337,slack,75.12,14.5,1449,code,77.51,7.0
1775704119.44,15774.26,609.74,96.3,1002,java,146.68,27.1,1118,node,64.19,10.9,1224,java,179.23,9.0,1338,slack,135.89,22.1,1444,code,95.51,27.7
1775704121.44,15784.0,600.0,96.3,1001,java,50.37,3.4,1111,docker,136.69,10.1,1224,firefox,92.74,25.2,1339,code,133.43,25.5,1449,chrome,149.03,10.8
1775704123.44,15777.97,606.03,96.3,1010,slack,739.31,25.9,1114,chrome,175.45,3.5,1226,docker,40.05,29.3,1340,slack,99.73,29.3,1447,docker,25.68,22.6
1775704125.44,15798.85,585.15,96.4,1007,code,83.49,5.9,1117,java,369.04,0.3,1225,python3,155.57,22.5,1342,slack,117.04,22.8,1453,postgres,116.82,20.1
1775704127.44,15811.55,572.45,96.5,1000,java,479.07,26.0,1116,spotify,238.08,3.2,1224,postgres,61.75,20.8,1343,chrome,126.46,3.1,1454,code,60.5,26.7
1775704129.44,15797.08,586.92,96.4,1001,java,173.11,0.4,1111,node,27.4,9.2,1227,python3,233.4,1.3,1335,node,71.1,25.9,1453,java,86.93,28.6
1775704131.44,15766.94,617.06,96.2,1003,code,115.57,17.8,1114,slack,179.39,12.2,1226,postgres,85.25,19.7,1335,code,176.04,23.8,1451,chrome,67.31,26.1
1775704133.44,15753.84,630.16,96.2,1006,chrome,197.41,0.4,1114,spotify,33.08,18.7,1223,firefox,94.04,10.6,1337,python3,107.54,23.3,1452,code,26.53,3.5
1775704135.44,15740.64,643.36,96.1,1000,code,189.89,7.8,1115,python3,288.54,5.9,1222,python3,96.43,14.7,1335,python3,124.37,13.5,1446,node,119.39,1.6
1775704137.44,15777.29,606.71,96.3,1004,chrome,515.67,8.4,1117,slack,265.18,16.2,1228,spotify,43.05,16.5,1336,chrome,86.04,12.3,1450,spotify,39.85,21.8
1775704139.44,15747.82,636.18,96.1,1003,slack,555.46,9.6,1116,java,327.02,29.9,1228,code,75.23,5.5,1335,node,48.69,8.2,1448,node,133.16,20.8
1775704141.44,15734.47,649.53,96.0,1000,firefox,110.61,24.6,1120,firefox,131.92,2.9,1231,code,205.89,29.9,1343,code,27.34,15.8,1446,firefox,148.0,24.0
1775704143.44,15735.88,648.12,96.0,1006,python3,719.34,23.0,1121,java,304.14,12.5,1227,code,226.41,14.0,1335,docker,86.77,20.0,1444,firefox,64.22,18.0
1775704145.44,15743.57,640.43,96.1,1003,postgres,282.32,17.8,1114,chrome,368.14,8.5,1231,slack,225.73,20.7,1333,spotify,171.7,14.2,1454,java,85.35,29.8
1775704147.44,15734.01,649.99,96.0,1009,chrome,719.64,2.0,1113,python3,177.06,18.7,1227,code,252.81,18.2,1339,python3,126.19,9.1,1446,chrome,65.54,26.9
1775704149.44,15735.16,648.84,96.0,1001,python3,469.87,10.6,1114,node,393.15,26.3,1230,chrome,179.27,23.2,1333,code,49.31,13.1,1444,postgres,132.67,8.8
1775704151.44,15730.82,653.18,96.0,1002,code,257.32,10.1,1119,python3,195.12,16.8,1231,slack,24.28,9.6,1339,spotify,46.1,16.9,1446,firefox,138.98,21.0
1775704153.44,15725.26,658.74,96.0,1010,python3,136.78,26.0,1120,spotify,285.68,10.9,1222,firefox,73.14,7.9,1336,code,133.0,18.3,1448,chrome,68.97,28.2
1775704155.44,15740.97,643.03,96.1,1005,spotify,784.77,14.4,1111,chrome,259.12,28.0,1222,docker,236.55,7.2,1340,node,73.73,3.4,1444,spotify,11.1,25.3
1775704157.44,15743.58,640.42,96.1,1008,node,550.83,15.7,1116,spotify,49.72,7.7,1228,spotify,77.53,11.8,1339,node,121.9,20.3,1453,chrome,16.32,3.5
1775704159.44,15752.82,631.18,96.1,1003,python3,625.8,15.6,1121,firefox,71.49,19.3,1223,spotify,139.04,6.1,1341,java,18.53,20.5,1445,docker,123.3,14.6
1775704161.44,15884.0,500.0,96.9,1005,java,427.42,12.8,1111,postgres,316.83,14.9,1231,chrome,211.9,1.7,1343,node,117.51,20.8,1449,spotify,76.68,16.2
1775704163.44,15884.0,500.0,96.9,1001,node,517.02,1.9,1118,chrome,303.08,17.4,1226,java,110.77,11.7,1337,docker,121.07,13.7,1453,node,141.76,17.4
1775704165.44,15874.3,509.7,96.9,1005,python3,492.21,10.7,1115,chrome,262.0,0.9,1226,firefox,74.69,9.3,1334,postgres,147.58,21.7,1445,java,122.17,10.5
1775704167.44,15881.22,502.78,96.9,1009,spotify,240.83,5.9,1121,postgres,41.88,17.4,1223,java,143.19,27.3,1341,node,52.29,11.4,1445,chrome,13.48,20.1
1775704169.44,15863.38,520.62,96.8,1001,firefox,328.2,9.6,1113,code,245.68,22.8,1228,python3,70.12,21.1,1341,code,156.31,13.9,1450,chrome,150.71,14.4
1775704171.44,15858.45,525.55,96.8,1000,postgres,243.63,10.0,1119,python3,342.13,19.5,1222,docker,55.28,20.4,1342,spotify,129.23,17.1,1453,spotify,51.72,23.8
1775704173.44,15884.0,500.0,96.9,1008,spotify,689.36,11.6,1113,spotify,110.63,22.7,1232,java,129.13,1.7,1343,java,81.46,29.8,1444,chrome,129.16,26.0
1775704175.44,15884.0,500.0,96.9,1007,chrome,217.41,17.7,1114,firefox,305.16,6.4,1223,docker,113.87,14.4,1341,docker,86.25,17.9,1447,java,119.01,23.0
1775704177.44,15884.0,500.0,96.9,1008,postgres,332.17,27.6,1115,docker,191.82,7.7,1227,postgres,205.48,12.9,1336,node,69.22,8.9,1445,spotify,15.42,5.3
1775704179.44,15884.0,500.0,96.9,1001,postgres,200.74,17.3,1113,chrome,360.82,7.8,1222,code,100.56,18.0,1335,chrome,77.59,9.4,1446,docker,142.19,18.1
1775704181.44,15884.0,500.0,96.9,1000,chrome,478.0,11.6,1111,slack,113.5,6.2,1230,slack,254.7,28.3,1333,java,118.05,13.8,1447,node,89.43,29.7
1775704183.44,15862.4,521.6,96.8,1010,spotify,557.46,20.6,1118,python3,98.95,29.6,1227,python3,156.3,16.1,1338,code,48.19,17.9,1453,python3,85.88,2.9
1775704185.44,15861.03,522.97,96.8,1007,docker,675.94,8.1,1112,node,134.41,23.5,1227,code,118.56,15.9,1341,node,45.95,18.3,1453,docker,111.82,21.7
1775704187.44,15857.44,526.56,96.8,1004,spotify,459.27,2.3,1112,slack,30.2,16.8,1228,java,221.28,26.3,1341,spotify,115.73,26.3,1453,code,117.37,4.7
1775704189.44,15884.0,500.0,96.9,1010,postgres,779.32,3.2,1112,firefox,330.9,8.5,1232,node,65.88,10.2,1339,spotify,22.78,26.4,1451,chrome,59.25,6.1
1775704191.44,15884.0,500.0,96.9,1007,docker,789.96,16.6,1120,slack,178.87,26.4,1222,code,127.79,12.7,1339,chrome,127.13,7.6,1453,python3,143.57,27.3
1775704193.44,15877.27,506.73,96.9,1010,java,513.52,12.5,1113,java,327.8,20.6,1228,spotify,52.77,24.6,1333,postgres,34.74,18.5,1449,slack,90.45,21.8
1775704195.44,15863.88,520.12,96.8,1005,chrome,70.45,6.4,1117,java,39.65,5.4,1230,firefox,98.59,6.3,1337,docker,158.32,2.4,1450,slack,107.5,28.4
1775704197.44,15872.77,511.23,96.9,1006,docker,675.5,25.6,1113,node,285.91,1.7,1232,code,194.7,18.7,1338,spotify,99.63,19.9,1447,chrome,26.36,0.3
1775704199.44,15869.15,514.85,96.9,1008,code,331.77,29.1,1119,code,56.05,22.9,1222,python3,209.59,23.0,1338,docker,161.76,13.7,1446,java,22.51,18.1
1775704201.44,15856.11,527.89,96.8,1002,docker,192.6,10.5,1116,slack,271.39,8.7,1226,slack,234.25,4.3,1333,slack,74.73,11.4,1446,node,67.73,7.1
1775704203.44,15853.2,530.8,96.8,1003,firefox,649.54,4.3,1119,firefox,378.52,26.7,1224,firefox,263.38,15.4,1340,chrome,111.01,1.2,1447,firefox,138.02,28.4
1775704205.44,15858.59,525.41,96.8,1008,python3,82.49,10.4,1112,node,200.45,25.8,1224,slack,61.15,2.9,1340,code,87.41,8.5,1445,java,103.08,27.8
1775704207.44,15832.11,551.89,96.6,1000,java,441.81,2.2,1121,code,326.85,12.8,1224,chrome,232.2,22.3,1334,python3,39.65,3.2,1446,firefox,90.91,26.6
1775704209.44,15822.21,561.79,96.6,1007,postgres,436.22,26.6,1119,spotify,362.55,26.6,1232,java,159.26,15.2,1335,python3,75.51,1.4,1445,node,66.04,27.6
1775704211.44,15846.93,537.07,96.7,1001,node,402.45,8.0,1112,postgres,320.35,9.5,1229,chrome,158.58,11.2,1334,chrome,154.31,12.1,1444,firefox,103.18,17.8
1775704213.44,15850.49,533.51,96.7,1004,docker,607.98,12.4,1112,postgres,239.61,8.0,1226,chrome,103.49,2.4,1339,slack,31.43,18.1,1454,firefox,78.17,9.4
1775704215.44,15856.65,527.35,96.8,1002,node,286.94,22.6,1120,docker,72.09,24.2,1227,chrome,104.28,10.9,1335,postgres,25.35,0.1,1451,code,58.66,0.3
1775704217.44,15865.85,518.15,96.8,1010,node,267.04,12.0,1120,docker,84.84,21.6,1226,slack,72.62,8.2,1338,spotify,123.57,13.6,1450,node,55.11,22.3
1775704219.44,15848.71,535.29,96.7,1010,chrome,85.99,7.5,1111,spotify,297.16,13.8,1224,spotify,246.13,20.5,1341,python3,114.08,11.4,1453,slack,30.52,15.4
1775704221.44,15839.96,544.04,96.7,1010,postgres,797.26,6.6,1115,code,28.95,4.5,1225,chrome,43.15,19.9,1333,code,161.85,7.3,1450,node,47.06,16.2
1775704223.44,15831.33,552.67,96.6,1006,java,362.5,12.1,1114,postgres,300.68,3.7,1227,node,242.24,29.9,1334,python3,44.06,27.6,1453,chrome,48.11,21.0
1775704225.44,15835.26,548.74,96.7,1009,chrome,250.79,7.1,1115,postgres,121.48,22.5,1232,java,204.88,7.8,1335,code,146.68,0.4,1451,chrome,102.31,19.1
1775704227.44,15802.75,581.25,96.5,1000,node,178.31,23.2,1121,code,349.53,2.8,1230,docker,42.31,7.7,1343,postgres,64.44,12.8,1450,node,89.69,16.8
1775704229.44,15812.99,571.01,96.5,1004,postgres,603.53,18.5,1118,spotify,42.14,19.4,1232,firefox,175.18,28.7,1336,firefox,107.46,10.0,1448,code,74.68,3.1
1775704231.44,15827.49,556.51,96.6,1007,firefox,78.65,0.0,1121,spotify,340.23,28.7,1224,code,100.38,18.3,1333,chrome,191.36,27.6,1450,docker,116.96,29.8
1775704233.44,15831.0,553.0,96.6,1007,spotify,679.18,16.1,1120,chrome,100.6,18.9,1222,node,237.12,7.0,1338,slack,32.22,6.4,1444,code,135.96,2.7
1775704235.44,15796.72,587.28,96.4,1004,postgres,491.55,26.3,1112,slack,49.52,7.6,1222,python3,231.65,0.8,1334,java,118.87,24.9,1452,firefox,41.92,29.9
1775704237.44,15813.02,570.98,96.5,1009,java,410.75,0.2,1116,slack,258.25,25.4,1229,code,134.21,7.3,1335,java,113.55,9.8,1454,docker,90.15,26.0
1775704239.44,15818.99,565.01,96.6,1002,slack,494.99,1.9,1121,slack,325.82,23.9,1223,slack,256.89,10.7,1335,firefox,90.33,11.4,1451,slack,75.78,19.8
1775704241.44,15850.98,533.02,96.7,1001,java,549.39,29.9,1120,code,57.41,10.7,1226,chrome,257.47,29.4,1338,python3,156.38,4.2,1453,spotify,71.73,28.3
1775704243.44,15851.33,532.67,96.7,1007,java,437.23,18.5,1120,chrome,44.07,14.0,1224,slack,218.11,3.6,1333,postgres,33.95,7.3,1453,java,50.63,1.2
1775704245.44,15884.0,500.0,96.9,1008,node,278.73,0.1,1112,code,52.25,10.7,1232,docker,30.23,16.2,1333,docker,107.7,18.4,1444,slack,37.13,7.5
1775704247.44,15863.83,520.17,96.8,1009,postgres,740.24,27.6,1111,code,377.93,29.4,1224,python3,65.85,23.1,1336,firefox,63.37,7.4,1451,code,44.96,6.0
1775704249.44,15827.6,556.4,96.6,1007,slack,105.09,23.9,1120,java,366.23,21.4,1227,docker,74.71,11.1,1334,firefox,135.67,8.6,1453,java,17.22,11.6
1775704251.44,15813.15,570.85,96.5,1006,java,249.73,2.7,1115,node,133.48,22.1,1232,slack,71.82,15.8,1337,spotify,97.95,3.2,1449,docker,99.42,25.1
1775704253.44,15841.47,542.53,96.7,1009,docker,527.14,12.2,1117,node,388.89,27.0,1223,docker,225.88,18.2,1343,python3,166.07,2.7,1444,spotify,60.49,5.3
1775704255.44,15845.81,538.19,96.7,1003,python3,450.13,18.7,1117,slack,111.14,7.9,1223,code,123.36,20.9,1333,java,77.35,9.4,1445,node,87.28,28.0
1775704257.44,15853.08,530.92,96.8,1005,slack,461.0,24.5,1120,spotify,169.96,1.4,1224,chrome,197.25,9.1,1341,python3,178.99,4.4,1454,docker,112.23,2.3
1775704259.44,15866.6,517.4,96.8,1005,code,315.93,12.0,1115,chrome,254.86,25.0,1229,code,148.81,24.0,1342,spotify,27.65,14.0,1444,docker,143.48,12.6
1775704261.44,15876.78,507.22,96.9,1010,java,129.02,15.6,1111,chrome,393.44,29.4,1228,firefox,33.78,5.5,1334,java,50.42,13.4,1453,code,45.96,9.3
1775704263.44,15871.59,512.41,96.9,1005,spotify,460.86,10.7,1119,postgres,91.31,3.0,1224,python3,144.68,28.7,1341,firefox,51.51,9.6,1448,code,49.15,1.1
1775704265.44,15854.09,529.91,96.8,1007,node,349.63,26.9,1116,code,157.88,2.7,1226,node,22.42,0.8,1338,node,29.27,23.2,1446,firefox,101.46,8.8
1775704267.44,15833.38,550.62,96.6,1007,java,497.92,14.0,1114,firefox,236.67,2.0,1230,postgres,261.26,24.7,1334,docker,40.61,9.0,1445,python3,77.82,18.3
1775704269.44,15819.32,564.68,96.6,1008,docker,453.71,6.0,1114,node,104.18,12.7,1227,spotify,247.25,23.9,1339,code,57.86,10.3,1446,chrome,114.69,4.6
1775704271.44,15808.89,575.11,96.5,1009,java,124.48,14.7,1121,chrome,37.72,24.4,1230,chrome,154.43,23.4,1338,code,97.4,19.5,1448,slack,92.12,17.9
1775704273.44,15809.25,574.75,96.5,1009,java,463.03,10.9,1111,firefox,76.86,9.7,1228,postgres,21.9,26.4,1333,firefox,86.82,27.1,1446,spotify,11.62,15.3
1775704275.44,15832.6,551.4,96.6,1009,code,300.58,20.5,1118,firefox,26.18,23.2,1225,java,59.22,18.1,1335,python3,74.13,10.4,1452,java,57.97,5.7
1775704277.44,15841.54,542.46,96.7,1002,chrome,478.76,2.8,1115,postgres,128.55,12.9,1224,chrome,83.6,24.4,1337,firefox,199.48,15.0,1453,docker,38.01,5.8
1775704279.44,15850.99,533.01,96.7,1010,spotify,761.04,24.8,1112,code,266.09,1.0,1232,python3,182.69,6.7,1341,chrome,98.34,6.4,1449,docker,135.13,18.2
1775704281.44,15851.83,532.17,96.8,1001,firefox,710.2,12.8,1118,node,302.59,13.2,1223,chrome,130.31,4.1,1340,docker,136.09,16.7,1451,java,104.53,28.9
1775704283.44,15859.87,524.13,96.8,1003,python3,268.09,0.8,1121,docker,306.81,22.8,1227,chrome,238.25,20.8,1334,spotify,38.14,0.3,1449,slack,134.12,19.9
1775704285.44,15861.65,522.35,96.8,1001,docker,627.57,19.1,1115,firefox,270.97,29.0,1232,python3,110.5,13.6,1337,java,118.93,27.4,1447,postgres,158.8,5.7
1775704287.44,15846.68,537.32,96.7,1008,node,384.05,5.1,1112,node,28.0,20.2,1225,python3,48.05,0.9,1337,slack,66.6,19.3,1444,postgres,63.29,9.0
1775704289.44,15842.49,541.51,96.7,1009,python3,425.19,14.8,1118,python3,128.52,7.3,1226,docker,128.71,20.5,1337,slack,161.14,7.9,1447,docker,159.21,27.3
1775704291.44,15869.67,514.33,96.9,1002,firefox,558.97,17.1,1115,slack,133.09,4.9,1229,firefox,161.01,10.9,1342,slack,104.82,23.2,1454,spotify,47.54,3.2
1775704293.44,15869.94,514.06,96.9,1007,code,89.82,4.4,1116,spotify,267.96,11.8,1225,code,142.89,20.1,1337,postgres,169.21,26.3,1454,postgres,97.09,25.3
1775704295.44,15873.31,510.69,96.9,1010,firefox,351.48,12.4,1113,chrome,210.27,19.4,1226,firefox,36.54,27.1,1333,spotify,89.03,25.6,1446,docker,119.88,8.8
1775704297.44,15859.96,524.04,96.8,1010,postgres,792.9,9.0,1119,postgres,283.13,5.0,1227,postgres,161.99,9.6,1340,chrome,81.53,26.3,1449,postgres,102.81,2.5
1775704299.44,15858.17,525.83,96.8,1009,code,305.76,0.4,1113,python3,298.98,9.9,1230,firefox,182.22,16.9,1340,java,109.04,2.2,1449,firefox,10.82,27.0
1775704301.44,15850.94,533.06,96.7,1007,java,503.89,3.5,1116,docker,129.51,22.7,1222,chrome,92.21,15.1,1339,spotify,20.72,19.9,1446,java,132.85,21.9
1775704303.44,15849.99,534.01,96.7,1000,spotify,633.08,7.1,1113,docker,125.89,18.1,1230,postgres,130.98,5.1,1341,code,81.99,2.3,1450,python3,135.24,8.9
1775704305.44,15831.73,552.27,96.6,1002,chrome,254.35,1.0,1117,chrome,133.17,25.0,1225,docker,109.22,18.0,1340,python3,195.23,28.2,1448,java,104.18,27.2
1775704307.44,15815.39,568.61,96.5,1007,java,772.05,11.1,1121,firefox,201.31,17.9,1231,docker,106.77,5.9,1342,python3,165.67,20.2,1445,slack,89.26,18.8
1775704309.44,15811.33,572.67,96.5,1008,postgres,360.23,10.7,1113,spotify,372.18,21.1,1230,spotify,264.12,10.8,1333,firefox,114.91,5.9,1451,java,132.04,4.1
1775704311.44,15805.62,578.38,96.5,1004,python3,348.83,4.2,1115,postgres,72.23,3.6,1229,node,204.32,15.1,1342,java,41.38,13.5,1447,java,93.95,24.8
1775704313.44,15800.6,583.4,96.4,1004,python3,648.47,6.8,1116,chrome,128.7,29.7,1222,firefox,141.63,21.3,1333,java,36.72,15.3,1454,chrome,32.91,3.4
1775704315.44,15814.02,569.98,96.5,1001,python3,766.45,15.3,1119,java,283.14,8.8,1232,java,16.73,19.3,1338,chrome,129.09,28.5,1444,code,25.77,16.3
1775704317.44,15810.06,573.94,96.5,1002,docker,80.15,21.5,1112,python3,165.15,3.8,1229,spotify,139.58,12.2,1333,postgres,21.03,13.5,1452,node,126.82,23.8
1775704319.44,15884.0,500.0,96.9,1004,spotify,675.1,4.4,1115,chrome,348.66,22.4,1225,firefox,183.88,29.2,1334,slack,108.07,23.4,1453,node,51.59,9.5
1775704321.44,15862.86,521.14,96.8,1010,spotify,738.94,18.6,1117,spotify,262.29,2.5,1232,code,119.3,20.0,1339,java,86.18,18.8,1446,java,74.55,20.0
1775704323.44,15881.93,502.07,96.9,1002,spotify,773.79,15.1,1121,docker,168.3,20.9,1224,postgres,109.29,19.2,1341,firefox,28.67,12.9,1446,java,43.44,13.2
1775704325.44,15871.81,512.19,96.9,1004,chrome,670.0,29.6,1112,java,395.08,5.9,1225,code,235.76,5.3,1343,postgres,100.14,19.7,1452,chrome,139.86,4.7
1775704327.44,15884.0,500.0,96.9,1004,postgres,56.39,14.5,1115,code,364.68,22.9,1226,node,55.63,0.2,1338,slack,123.61,4.8,1451,spotify,135.99,19.4
1775704329.44,15875.4,508.6,96.9,1001,node,334.54,14.0,1114,postgres,259.45,15.6,1224,slack,98.01,28.7,1342,firefox,175.34,0.2,1454,code,149.46,0.8
1775704331.44,15863.68,520.32,96.8,1007,spotify,348.21,10.1,1120,java,145.83,4.7,1223,docker,247.56,26.2,1341,chrome,14.61,15.0,1444,firefox,156.0,28.9
1775704333.44,15864.61,519.39,96.8,1001,java,424.56,24.2,1113,code,138.07,5.6,1232,spotify,30.36,14.0,1336,postgres,12.7,0.6,1451,python3,62.59,0.4
1775704335.44,15867.83,516.17,96.8,1008,firefox,487.85,1.7,1117,chrome,348.74,8.2,1230,python3,224.05,2.7,1338,node,159.36,23.4,1448,code,112.65,27.2
1775704337.44,15832.61,551.39,96.6,1002,spotify,195.32,23.9,1118,firefox,187.15,2.1,1228,node,230.52,3.4,1342,java,133.93,24.0,1454,firefox,145.01,27.2
1775704339.44,15829.93,554.07,96.6,1007,slack,95.19,16.4,1116,firefox,210.19,7.1,1223,java,62.65,6.7,1339,postgres,17.88,5.2,1447,docker,44.86,6.5
1775704341.44,15850.54,533.46,96.7,1007,postgres,122.77,3.8,1119,java,32.73,19.8,1225,docker,136.72,17.0,1333,firefox,61.07,9.6,1447,code,81.42,0.7
1775704343.44,15838.24,545.76,96.7,1007,python3,123.71,24.8,1121,docker,275.08,16.9,1229,python3,151.65,13.6,1335,java,76.3,1.4,1454,node,21.81,5.1
1775704345.44,15846.24,537.76,96.7,1003,java,365.94,9.6,1120,java,208.89,16.5,1225,python3,211.35,17.7,1336,chrome,40.18,10.2,1453,firefox,37.91,6.4
1775704347.44,15875.81,508.19,96.9,1010,node,753.45,10.2,1121,code,385.7,10.7,1223,slack,198.86,10.1,1343,docker,193.09,17.0,1446,python3,86.22,3.0
1775704349.44,15873.97,510.03,96.9,1000,slack,500.09,10.0,1111,chrome,107.76,16.4,1232,spotify,41.73,22.3,1336,python3,179.91,6.9,1444,spotify,69.3,5.7
1775704351.44,15854.62,529.38,96.8,1006,code,792.81,12.1,1111,docker,74.61,21.7,1222,docker,167.56,20.8,1337,java,126.05,18.2,1454,spotify,26.95,4.7
1775704353.44,15877.26,506.74,96.9,1010,slack,742.31,1.9,1115,java,25.78,14.8,1231,code,236.77,27.4,1342,python3,52.94,18.6,1454,python3,19.02,14.6
1775704355.44,15884.0,500.0,96.9,1000,postgres,690.04,17.3,1120,docker,223.6,1.0,1227,chrome,43.29,27.7,1337,node,13.19,3.1,1445,java,82.99,23.7
1775704357.44,15884.0,500.0,96.9,1003,firefox,198.13,22.8,1115,python3,304.15,12.8,1232,node,248.71,14.4,1338,slack,62.16,2.9,1454,slack,36.89,23.8
1775704359.44,15878.9,505.1,96.9,1001,postgres,635.88,10.0,1120,java,67.92,18.5,1228,firefox,180.28,16.0,1337,docker,196.36,24.6,1452,spotify,46.31,0.5
1775704361.44,15884.0,500.0,96.9,1009,python3,273.55,11.3,1119,code,49.76,9.6,1222,docker,46.75,15.9,1335,node,39.68,22.8,1451,code,22.66,11.4
1775704363.44,15882.7,501.3,96.9,1000,code,759.6,23.4,1111,firefox,158.18,22.1,1223,postgres,77.91,19.8,1333,python3,156.19,25.0,1450,docker,108.09,19.7
1775704365.44,15862.83,521.17,96.8,1004,chrome,260.38,27.4,1119,node,73.19,5.1,1222,chrome,168.0,8.0,1333,slack,162.83,8.8,1453,docker,100.83,12.2
1775704367.44,15853.56,530.44,96.8,1003,node,583.57,29.1,1114,python3,158.78,24.7,1223,python3,174.66,8.2,1337,chrome,145.56,11.1,1450,python3,121.99,14.1
1775704369.44,15861.29,522.71,96.8,1006,spotify,215.26,25.9,1120,java,57.71,26.3,1228,postgres,153.56,18.8,1341,python3,23.06,25.3,1453,firefox,119.16,25.5
1775704371.44,15857.22,526.78,96.8,1007,chrome,249.38,18.9,1117,postgres,224.64,6.1,1232,docker,36.76,9.5,1333,node,103.76,5.7,1445,docker,155.96,8.3
1775704373.44,15816.28,567.72,96.5,1003,code,644.48,29.9,1112,slack,92.6,4.6,1231,java,130.31,29.2,1343,docker,71.99,5.7,1445,docker,129.72,8.8
1775704375.44,15815.21,568.79,96.5,1006,postgres,395.96,21.9,1117,chrome,339.53,18.2,1223,firefox,133.73,20.7,1337,code,82.51,18.4,1445,postgres,123.32,16.8
1775704377.44,15820.47,563.53,96.6,1009,docker,445.05,12.7,1113,python3,118.28,9.8,1225,postgres,198.19,4.5,1336,python3,145.8,12.6,1452,docker,114.03,19.8
1775704379.44,15831.86,552.14,96.6,1009,slack,526.18,29.6,1111,spotify,241.3,21.2,1225,spotify,87.04,10.7,1338,spotify,107.53,18.2,1448,postgres,45.81,22.1
1775704381.44,15862.17,521.83,96.8,1000,spotify,261.79,2.2,1118,spotify,33.65,3.3,1223,firefox,206.47,24.5,1342,postgres,118.7,21.9,1444,firefox,47.47,27.9
1775704383.44,15871.0,513.0,96.9,1006,chrome,381.31,12.5,1113,java,110.48,8.5,1222,java,142.22,21.6,1338,spotify,94.44,12.4,1446,code,59.28,14.5
1775704385.44,15882.7,501.3,96.9,1005,postgres,366.64,6.4,1119,spotify,244.49,20.6,1225,chrome,200.43,27.8,1333,postgres,86.99,12.5,1449,python3,30.01,27.7
1775704387.44,15884.0,500.0,96.9,1002,postgres,413.86,5.9,1111,firefox,85.35,11.8,1222,spotify,263.13,18.6,1334,docker,150.98,26.6,1450,java,94.39,9.5
1775704389.44,15884.0,500.0,96.9,1002,code,686.97,8.0,1111,spotify,57.32,9.4,1230,code,116.92,27.1,1341,node,56.0,20.7,1451,chrome,135.89,8.8
1775704391.44,15883.93,500.07,96.9,1006,node,188.26,14.1,1114,java,51.14,24.2,1225,python3,142.76,24.2,1343,docker,76.54,4.1,1451,java,140.12,16.3
1775704393.44,15850.22,533.78,96.7,1007,spotify,559.76,27.6,1120,docker,300.27,4.1,1226,python3,41.7,13.8,1342,code,90.4,8.0,1453,firefox,95.32,27.7
1775704395.44,15856.9,527.1,96.8,1004,spotify,270.43,29.5,1120,chrome,147.17,6.3,1229,firefox,212.99,19.3,1343,postgres,118.04,1.6,1453,firefox,115.64,22.9
1775704397.44,15884.0,500.0,96.9,1009,slack,743.77,24.4,1113,java,239.15,0.5,1231,postgres,129.07,6.0,1336,spotify,36.26,11.3,1450,java,155.27,11.2
1775704399.44,15877.37,506.63,96.9,1009,slack,103.39,15.9,1118,chrome,96.51,8.0,1225,code,210.39,5.6,1343,firefox,167.51,18.7,1451,chrome,84.34,2.9
1775704401.44,15853.29,530.71,96.8,1000,python3,449.79,14.6,1112,java,322.44,27.8,1225,code,162.63,26.1,1338,chrome,169.15,26.9,1451,slack,94.09,25.5
1775704403.44,15843.09,540.91,96.7,1001,python3,709.69,18.9,1113,postgres,43.44,15.6,1230,docker,199.64,22.6,1340,postgres,178.1,1.1,1448,docker,131.54,1.4
1775704405.44,15839.71,544.29,96.7,1010,java,548.52,14.5,1114,chrome,328.81,14.4,1227,slack,140.89,7.7,1336,python3,151.63,10.7,1444,chrome,126.83,17.8
1775704407.44,15839.59,544.41,96.7,1006,firefox,498.13,22.3,1118,firefox,129.59,24.6,1227,postgres,195.31,5.6,1336,node,173.76,0.3,1453,postgres,38.88,8.9
1775704409.44,15855.13,528.87,96.8,1002,code,698.73,3.9,1120,firefox,240.08,11.9,1229,chrome,252.12,15.7,1337,slack,150.4,3.4,1452,python3,74.82,18.1
1775704411.44,15872.45,511.55,96.9,1000,spotify,237.97,21.1,1116,postgres,206.41,8.9,1225,node,25.05,5.9,1338,slack,142.46,8.6,1444,spotify,108.68,27.8
1775704413.44,15879.4,504.6,96.9,1006,java,365.14,8.9,1121,chrome,149.78,20.6,1223,spotify,159.44,3.5,1343,chrome,94.37,10.8,1444,docker,28.56,0.6
1775704415.44,15884.0,500.0,96.9,1010,slack,409.01,9.6,1118,python3,296.49,9.3,1222,java,157.67,5.7,1338,code,105.91,14.0,1445,slack,86.4,4.3
1775704417.44,15884.0,500.0,96.9,1006,code,203.15,26.7,1121,slack,395.37,1.1,1222,code,166.68,18.2,1337,chrome,110.36,20.7,1451,postgres,103.13,0.9
1775704419.44,15869.17,514.83,96.9,1000,firefox,394.04,13.5,1117,postgres,67.24,8.5,1224,python3,113.64,10.4,1335,chrome,129.61,30.0,1448,java,22.0,21.9
1775704421.44,15884.0,500.0,96.9,1008,slack,623.02,5.8,1118,python3,385.02,2.2,1225,code,155.39,20.8,1334,docker,71.23,7.2,1453,docker,34.83,29.8
1775704423.44,15884.0,500.0,96.9,1006,slack,123.57,4.5,1115,code,71.88,22.9,1224,firefox,26.79,12.5,1342,slack,133.42,7.1,1445,postgres,115.35,20.9
1775704425.44,15869.97,514.03,96.9,1010,slack,530.65,12.7,1114,code,141.09,28.5,1229,chrome,85.67,26.2,1334,code,80.64,12.6,1450,spotify,60.72,6.0
1775704427.44,15884.0,500.0,96.9,1001,code,559.43,29.0,1117,postgres,271.37,28.6,1230,chrome,129.19,16.2,1341,spotify,129.52,15.0,1451,docker,45.22,17.3
1775704429.44,15884.0,500.0,96.9,1008,python3,140.64,28.7,1111,python3,69.07,29.7,1224,node,83.97,24.8,1337,code,98.33,21.1,1445,spotify,45.4,26.4
1775704431.44,15876.42,507.58,96.9,1001,docker,389.81,2.8,1116,chrome,174.92,3.3,1229,docker,72.97,0.7,1339,chrome,178.38,27.1,1445,postgres,96.73,28.9
1775704433.44,15849.87,534.13,96.7,1008,postgres,632.81,11.2,1121,java,274.18,28.7,1228,node,46.32,8.5,1336,code,146.11,28.3,1453,spotify,128.37,5.6
1775704435.44,15858.6,525.4,96.8,1007,slack,77.01,23.6,1111,firefox,36.33,23.0,1229,code,106.89,11.3,1339,node,84.61,20.9,1450,slack,88.93,1.8
1775704437.44,15877.43,506.57,96.9,1009,docker,631.8,7.9,1121,python3,257.27,29.3,1227,chrome,238.07,14.8,1335,java,131.33,6.0,1449,java,32.8,10.7
1775704439.44,15884.0,500.0,96.9,1003,docker,68.22,23.4,1115,postgres,84.95,19.5,1230,postgres,260.15,24.8,1336,code,191.75,22.9,1444,postgres,99.84,22.8
1775704441.44,15871.25,512.75,96.9,1000,docker,396.76,26.3,1113,spotify,80.08,13.7,1222,postgres,106.16,23.9,1343,python3,180.61,20.8,1446,postgres,145.37,11.1
1775704443.44,15850.64,533.36,96.7,1000,python3,587.48,13.8,1120,spotify,285.26,11.2,1231,node,167.36,14.3,1338,code,154.72,16.1,1450,java,54.59,13.9
1775704445.44,15813.5,570.5,96.5,1001,slack,762.9,11.0,1116,node,249.25,25.5,1227,node,85.87,5.0,1341,firefox,44.23,8.8,1445,code,147.68,2.4
1775704447.44,15802.86,581.14,96.5,1009,docker,602.17,22.4,1115,python3,89.12,28.5,1225,postgres,42.74,4.4,1335,java,142.07,4.9,1453,slack,100.43,6.4
1775704449.44,15795.02,588.98,96.4,1005,java,776.56,6.8,1117,java,70.92,14.8,1231,spotify,110.74,28.9,1334,docker,188.22,22.6,1454,firefox,80.12,0.1
1775704451.44,15814.61,569.39,96.5,1004,spotify,122.27,0.1,1114,python3,162.94,15.4,1228,java,65.28,0.9,1334,java,156.72,21.6,1451,chrome,94.44,29.6
1775704453.44,15834.25,549.75,96.6,1001,docker,212.94,4.1,1114,docker,251.62,2.9,1222,python3,174.91,14.5,1343,firefox,29.05,26.2,1447,python3,74.77,1.2
1775704455.44,15861.22,522.78,96.8,1003,java,234.17,11.3,1113,docker,313.12,4.8,1230,java,28.68,5.4,1342,code,184.37,20.5,1445,java,106.55,29.7
1775704457.44,15878.35,505.65,96.9,1008,python3,241.95,18.0,1113,node,262.35,13.4,1232,postgres,225.79,21.2,1343,slack,100.74,7.9,1449,python3,131.68,23.4
1775704459.44,15876.86,507.14,96.9,1005,postgres,558.39,29.1,1119,chrome,322.93,2.6,1229,postgres,138.98,15.4,1339,java,129.61,14.6,1452,node,145.94,8.4
1775704461.44,15866.92,517.08,96.8,1005,firefox,234.75,24.5,1117,firefox,281.49,24.1,1232,firefox,95.17,0.2,1338,spotify,153.89,5.7,1452,spotify,120.43,9.6
1775704463.44,15858.61,525.39,96.8,1001,node,577.87,24.4,1111,java,228.41,28.8,1223,python3,165.25,27.3,1338,chrome,57.26,24.5,1447,firefox,102.28,15.0
1775704465.44,15873.71,510.29,96.9,1002,firefox,645.08,21.1,1119,java,93.19,26.0,1222,chrome,143.08,27.8,1341,code,48.91,5.2,1453,code,24.09,3.3
1775704467.44,15878.66,505.34,96.9,1002,docker,504.35,21.5,1111,firefox,267.68,15.0,1229,node,86.59,11.0,1342,slack,84.59,21.3,1452,spotify,156.48,22.4
1775704469.44,15884.0,500.0,96.9,1008,firefox,443.16,5.4,1116,firefox,365.5,0.4,1225,code,124.53,7.1,1333,docker,190.13,25.0,1447,firefox,99.1,17.6
1775704471.44,15868.08,515.92,96.9,1005,code,149.24,26.6,1113,firefox,334.0,14.8,1232,spotify,236.56,9.3,1335,slack,39.75,7.8,1445,chrome,114.43,25.8
1775704473.44,15884.0,500.0,96.9,1010,firefox,364.18,6.7,1112,slack,302.7,18.9,1229,firefox,191.89,14.9,1339,postgres,66.46,6.1,1446,python3,138.86,24.1
1775704475.44,15884.0,500.0,96.9,1007,postgres,171.84,5.7,1119,spotify,116.64,23.2,1222,postgres,160.18,27.8,1341,chrome,91.12,9.0,1444,java,154.04,26.3
1775704477.44,15884.0,500.0,96.9,1001,firefox,504.26,22.0,1113,python3,126.66,13.0,1230,python3,108.36,11.3,1340,code,90.82,18.2,1451,firefox,65.11,8.7
1775704479.44,15884.0,500.0,96.9,1008,code,326.8,2.0,1121,node,36.58,2.4,1227,slack,173.94,21.9,1334,code,172.93,7.6,1448,node,54.89,23.8
1775704481.44,15883.36,500.64,96.9,1005,java,142.56,26.8,1115,java,166.3,16.9,1229,node,220.25,13.8,1339,firefox,139.31,3.6,1453,code,136.0,23.4
1775704483.44,15876.17,507.83,96.9,1010,spotify,53.73,22.5,1112,python3,204.57,28.8,1226,code,170.01,28.1,1340,firefox,18.07,15.3,1454,docker,39.71,16.6
1775704485.44,15863.94,520.06,96.8,1005,java,185.43,14.0,1118,docker,389.14,20.0,1230,node,58.67,19.2,1341,java,97.41,6.1,1451,python3,66.97,27.0
1775704487.44,15869.54,514.46,96.9,1002,chrome,95.66,9.4,1117,firefox,158.69,28.9,1223,firefox,34.0,28.4,1341,python3,94.94,6.6,1449,chrome,38.12,9.2
1775704489.44,15876.93,507.07,96.9,1009,slack,147.59,20.9,1118,python3,81.98,4.0,1224,node,264.51,7.7,1335,spotify,140.15,27.2,1445,python3,157.06,28.6
1775704491.44,15882.52,501.48,96.9,1005,node,551.8,28.0,1118,python3,109.33,4.4,1230,postgres,83.94,7.7,1333,firefox,31.54,19.9,1451,postgres,104.89,16.2
1775704493.44,15884.0,500.0,96.9,1000,firefox,401.17,5.4,1116,python3,331.44,19.5,1226,postgres,170.63,1.6,1342,spotify,109.81,4.9,1447,node,135.37,23.8
1775704495.44,15884.0,500.0,96.9,1003,python3,438.49,26.1,1114,node,82.03,1.5,1230,java,194.75,29.5,1339,python3,86.7,8.6,1450,chrome,97.93,1.3
1775704497.44,15877.14,506.86,96.9,1010,slack,777.37,14.6,1111,postgres,45.39,24.6,1224,docker,82.12,18.6,1333,chrome,169.06,20.6,1452,python3,129.15,18.5
1775704499.44,15877.0,507.0,96.9,1005,firefox,219.82,19.5,1112,firefox,382.39,23.9,1229,node,130.65,1.3,1336,slack,146.4,10.2,1451,python3,108.31,12.5
1775704501.44,15879.15,504.85,96.9,1000,java,195.4,17.3,1121,spotify,251.94,23.5,1229,chrome,50.82,22.5,1340,firefox,20.92,15.8,1444,firefox,46.62,4.1
1775704503.44,15869.7,514.3,96.9,1002,python3,762.1,12.2,1113,python3,63.99,3.3,1231,slack,197.59,9.4,1337,docker,28.17,29.3,1448,code,87.92,4.8
1775704505.44,15884.0,500.0,96.9,1006,chrome,797.14,5.4,1114,java,323.76,2.1,1225,slack,40.62,24.9,1337,slack,97.39,24.0,1450,docker,135.83,13.9
1775704507.44,15884.0,500.0,96.9,1000,spotify,231.9,6.0,1113,chrome,379.9,13.6,1228,python3,107.71,14.4,1334,java,125.71,12.9,1446,slack,58.24,19.8
1775704509.44,15884.0,500.0,96.9,1010,python3,641.77,18.6,1111,chrome,113.29,28.4,1228,docker,215.34,28.5,1333,slack,46.41,14.3,1447,docker,78.33,18.3
1775704511.44,15884.0,500.0,96.9,1010,spotify,628.78,6.1,1116,slack,351.73,21.6,1228,firefox,134.79,19.3,1338,slack,88.32,10.2,1451,node,108.24,11.0
1775704513.44,15881.33,502.67,96.9,1002,node,238.91,3.1,1115,python3,247.58,29.4,1231,spotify,184.13,23.7,1334,spotify,146.45,21.9,1452,java,37.97,3.4
1775704515.44,15884.0,500.0,96.9,1005,spotify,371.36,15.0,1118,python3,37.64,14.9,1229,python3,66.57,8.4,1341,code,108.77,11.9,1454,spotify,107.02,20.2
1775704517.44,15882.37,501.63,96.9,1003,slack,725.0,3.0,1112,spotify,75.61,7.7,1226,java,203.79,6.0,1335,spotify,96.1,24.9,1453,firefox,97.96,18.8
1775704519.44,15881.91,502.09,96.9,1004,chrome,733.18,6.8,1120,python3,316.38,7.0,1230,node,225.62,26.0,1333,java,143.48,23.8,1452,postgres,132.37,29.4
1775704521.44,15882.89,501.11,96.9,1005,code,663.04,29.3,1114,spotify,251.14,24.8,1224,chrome,191.77,2.0,1336,chrome,50.87,28.4,1446,python3,91.42,17.3
1775704523.44,15877.31,506.69,96.9,1010,python3,668.08,6.7,1116,java,152.22,21.3,1226,slack,90.16,21.0,1337,firefox,80.13,17.8,1444,node,145.31,12.0
1775704525.44,15870.53,513.47,96.9,1004,node,275.49,17.7,1116,java,135.32,7.4,1229,node,65.97,24.4,1342,spotify,192.44,1.6,1447,python3,19.05,12.7
1775704527.44,15882.1,501.9,96.9,1007,chrome,253.01,6.4,1120,java,311.03,0.8,1230,postgres,66.71,23.2,1335,postgres,199.64,19.5,1451,postgres,98.21,18.4
1775704529.44,15884.0,500.0,96.9,1001,docker,565.37,3.4,1117,postgres,79.39,19.6,1229,postgres,265.38,29.8,1338,code,138.31,24.2,1451,docker,86.41,9.2
1775704531.44,15877.9,506.1,96.9,1000,slack,116.54,10.2,1119,slack,206.16,13.3,1223,spotify,115.16,26.4,1340,postgres,137.22,25.8,1451,firefox,135.39,26.5
1775704533.44,15862.52,521.48,96.8,1000,java,608.5,25.7,1120,spotify,296.53,10.5,1227,postgres,31.58,23.8,1335,slack,128.7,26.5,1446,postgres,78.07,7.2
1775704535.44,15878.43,505.57,96.9,1006,slack,558.31,0.2,1119,spotify,139.99,3.0,1226,firefox,95.9,11.1,1334,code,163.91,14.6,1449,firefox,126.92,11.0
1775704537.44,15883.54,500.46,96.9,1005,docker,61.95,27.2,1121,java,139.95,27.0,1231,firefox,259.4,13.2,1336,chrome,107.5,9.6,1454,postgres,43.04,12.3
1775704539.44,15884.0,500.0,96.9,1009,node,407.86,29.5,1118,spotify,29.62,16.7,1229,java,151.9,23.4,1341,postgres,170.01,2.9,1453,docker,28.11,11.0
1775704541.44,15880.6,503.4,96.9,1008,spotify,276.76,0.9,1114,node,151.22,29.7,1232,code,217.46,23.3,1339,python3,146.44,23.5,1451,docker,132.11,28.2
1775704543.44,15867.27,516.73,96.8,1006,docker,336.62,3.1,1118,python3,47.78,19.1,1224,node,189.32,26.1,1342,node,125.78,4.8,1444,code,129.45,25.9
1775704545.44,15865.91,518.09,96.8,1004,postgres,50.08,23.9,1120,chrome,110.49,3.8,1224,postgres,131.26,9.1,1337,node,22.5,12.0,1453,java,151.69,19.7
1775704547.44,15884.0,500.0,96.9,1000,slack,156.92,6.1,1111,chrome,174.42,17.0,1224,slack,87.97,6.0,1338,firefox,76.53,7.6,1446,python3,68.67,28.3
1775704549.44,15881.48,502.52,96.9,1009,docker,577.09,28.9,1121,code,381.26,0.1,1222,postgres,258.91,18.0,1337,spotify,156.28,1.3,1445,firefox,88.04,15.5
1775704551.44,15876.11,507.89,96.9,1005,slack,683.88,21.1,1113,chrome,308.09,19.8,1224,docker,57.6,24.2,1341,code,133.24,8.3,1450,slack,94.94,1.1
1775704553.44,15884.0,500.0,96.9,1001,node,180.2,10.2,1116,firefox,76.89,14.0,1232,python3,146.76,12.3,1340,code,133.32,26.1,1446,node,156.26,25.4
1775704555.44,15884.0,500.0,96.9,1008,docker,447.78,23.5,1119,spotify,197.48,14.9,1231,postgres,139.5,27.2,1338,python3,123.79,22.0,1451,firefox,106.11,16.2
1775704557.44,15884.0,500.0,96.9,1009,slack,238.95,21.7,1112,code,87.12,19.0,1231,slack,265.1,25.7,1343,chrome,134.82,7.4,1450,slack,99.51,9.7
1775704559.44,15884.0,500.0,96.9,1008,firefox,220.39,12.7,1113,node,52.11,25.0,1226,python3,188.55,3.7,1339,node,156.7,11.9,1445,chrome,111.45,16.3
1775704561.44,15863.58,520.42,96.8,1008,java,751.25,30.0,1112,python3,131.21,9.6,1232,spotify,253.31,26.1,1341,python3,141.97,22.7,1448,slack,45.55,23.7
1775704563.44,15872.22,511.78,96.9,1001,postgres,84.73,29.2,1114,firefox,55.71,20.5,1229,node,26.09,18.6,1337,java,160.67,10.9,1448,slack,44.79,16.2
1775704565.44,15878.5,505.5,96.9,1006,postgres,286.39,6.4,1120,firefox,177.86,29.8,1226,chrome,42.37,15.5,1338,spotify,168.56,16.8,1450,postgres,73.04,26.9
1775704567.44,15875.93,508.07,96.9,1000,slack,601.97,10.8,1121,python3,374.25,4.6,1224,postgres,145.2,8.8,1336,python3,54.52,26.2,1454,spotify,86.07,5.0
1775704569.44,15866.03,517.97,96.8,1004,chrome,332.15,21.8,1115,chrome,30.18,20.4,1228,docker,166.03,14.0,1334,spotify,126.92,28.6,1446,chrome,133.97,29.5
1775704571.44,15859.58,524.42,96.8,1006,python3,671.69,5.6,1111,firefox,164.21,11.7,1223,spotify,193.59,19.7,1343,node,121.63,19.7,1454,docker,11.44,22.3
1775704573.44,15842.07,541.93,96.7,1004,spotify,155.91,2.8,1116,java,49.93,4.8,1231,spotify,161.21,20.8,1335,firefox,175.17,14.5,1444,docker,90.08,6.3
1775704575.44,15826.98,557.02,96.6,1004,postgres,390.87,20.0,1112,python3,286.66,3.6,1224,chrome,154.24,12.2,1338,firefox,13.52,17.1,1451,chrome,25.64,9.1
1775704577.44,15849.28,534.72,96.7,1006,node,713.88,7.8,1116,code,341.8,28.5,1223,python3,197.12,9.2,1333,node,92.25,28.9,1445,python3,80.46,25.3
1775704579.44,15737.43,646.57,96.1,1007,java,83.94,27.5,1121,postgres,28.47,20.7,1225,firefox,209.01,16.5,1341,docker,123.28,23.7,1449,python3,96.13,2.8
1775704581.44,15752.89,631.11,96.1,1006,spotify,713.36,14.4,1111,slack,97.8,29.7,1230,docker,155.07,4.0,1338,chrome,115.19,20.4,1444,chrome,22.74,14.1
1775704583.44,15759.43,624.57,96.2,1000,chrome,236.83,19.5,1112,java,43.22,0.8,1224,java,39.55,5.6,1337,node,54.46,13.5,1448,spotify,150.07,10.4
1775704585.44,15733.74,650.26,96.0,1007,node,767.3,7.6,1111,docker,77.24,29.5,1228,python3,262.06,18.7,1342,docker,122.12,17.0,1452,java,29.7,1.8
1775704587.44,15733.93,650.07,96.0,1006,docker,155.02,3.9,1117,chrome,220.95,29.9,1224,node,237.05,17.8,1342,spotify,166.07,24.0,1450,python3,146.81,19.5
1775704589.44,15757.21,626.79,96.2,1002,slack,421.36,29.1,1119,spotify,311.56,5.2,1224,node,209.12,23.7,1334,spotify,182.62,26.3,1453,code,30.64,1.9
1775704591.44,15750.27,633.73,96.1,1003,node,314.71,13.5,1115,spotify,166.51,8.9,1228,slack,93.97,12.9,1334,spotify,65.93,26.5,1448,node,108.87,29.4
1775704593.44,15746.49,637.51,96.1,1010,docker,176.43,23.1,1116,node,241.4,13.7,1224,node,226.55,6.8,1336,java,31.03,28.6,1448,firefox,74.45,9.0
1775704595.44,15743.58,640.42,96.1,1001,code,305.28,17.7,1118,node,287.93,29.0,1225,postgres,240.58,1.9,1333,postgres,173.16,11.6,1453,chrome,104.59,1.0
1775704597.44,15742.6,641.4,96.1,1005,firefox,531.32,21.9,1113,java,112.9,7.8,1227,docker,215.96,2.5,1336,java,59.1,29.7,1453,node,146.68,18.8
1775704599.44,15747.41,636.59,96.1,1005,docker,114.91,17.5,1117,spotify,250.62,24.9,1231,slack,49.69,1.7,1339,code,198.96,3.2,1445,node,37.42,26.2
1775704601.44,15771.53,612.47,96.3,1008,firefox,341.92,28.9,1111,java,235.98,1.5,1232,java,177.67,5.8,1335,code,163.18,25.9,1452,slack,78.67,7.6
1775704603.44,15758.94,625.06,96.2,1003,firefox,126.66,11.4,1113,node,131.05,26.7,1223,code,160.43,11.8,1336,spotify,154.82,1.1,1444,java,145.62,10.4
1775704605.44,15752.03,631.97,96.1,1000,chrome,482.42,8.1,1114,postgres,367.18,2.4,1228,spotify,106.39,17.5,1343,java,187.0,2.6,1450,slack,112.76,19.0
1775704607.44,15752.29,631.71,96.1,1000,slack,465.29,18.7,1113,code,89.27,0.8,1232,chrome,155.3,5.2,1340,node,149.04,12.9,1447,java,60.74,14.1
1775704609.44,15739.59,644.41,96.1,1000,spotify,748.18,9.8,1113,python3,193.67,26.6,1222,postgres,88.5,29.0,1339,docker,18.8,20.9,1446,spotify,136.79,27.1
1775704611.44,15755.12,628.88,96.2,1005,slack,278.25,28.7,1112,java,397.34,10.7,1226,spotify,32.41,8.4,1334,java,111.2,27.1,1444,firefox,37.2,25.3
1775704613.44,15760.63,623.37,96.2,1005,chrome,211.65,15.6,1119,spotify,78.01,8.1,1231,chrome,18.75,24.9,1338,postgres,41.8,2.5,1452,postgres,39.62,29.6
1775704615.44,15784.04,599.96,96.3,1000,docker,256.41,29.2,1118,postgres,343.46,23.8,1225,postgres,214.86,25.7,1333,code,22.86,20.1,1451,postgres,95.4,25.0
1775704617.44,15798.37,585.63,96.4,1010,firefox,486.11,18.8,1119,chrome,138.31,11.8,1229,postgres,120.71,8.8,1336,python3,79.38,11.3,1453,spotify,158.42,14.5
1775704619.44,15816.92,567.08,96.5,1000,code,575.05,18.5,1113,node,351.39,24.4,1230,firefox,145.95,16.9,1341,chrome,199.73,13.0,1449,firefox,32.07,15.5
1775704621.44,15859.72,524.28,96.8,1008,java,663.21,13.5,1111,postgres,339.53,1.6,1232,chrome,29.66,11.1,1339,firefox,166.78,13.1,1447,docker,38.1,23.8
1775704623.44,15858.99,525.01,96.8,1007,java,103.82,21.6,1113,slack,388.56,16.2,1226,code,94.54,11.0,1343,node,91.24,27.3,1452,java,100.37,21.5
1775704625.44,15843.27,540.73,96.7,1007,slack,789.43,6.0,1116,spotify,343.99,23.5,1226,java,219.93,29.2,1335,slack,137.81,27.8,1449,docker,56.31,23.0
1775704627.44,15843.4,540.6,96.7,1006,java,305.87,14.7,1116,spotify,268.51,9.7,1224,slack,157.94,1.4,1333,code,179.8,21.2,1453,java,151.96,11.8
1775704629.44,15828.9,555.1,96.6,1010,node,717.79,19.0,1118,firefox,240.01,10.2,1229,spotify,131.37,19.4,1339,java,171.09,1.5,1444,chrome,35.52,6.2
1775704631.44,15837.96,546.04,96.7,1007,python3,623.94,22.6,1112,python3,388.35,9.4,1227,docker,171.31,4.2,1338,python3,58.68,28.6,1444,python3,133.65,2.5
1775704633.44,15811.75,572.25,96.5,1006,spotify,642.39,13.2,1120,postgres,121.35,13.7,1229,postgres,220.11,4.9,1333,firefox,19.73,3.1,1446,docker,139.94,11.3
1775704635.44,15792.59,591.41,96.4,1002,code,505.82,3.0,1117,docker,292.48,29.2,1223,chrome,147.75,11.8,1342,postgres,96.51,7.4,1452,chrome,29.15,5.9
1775704637.44,15804.66,579.34,96.5,1007,slack,486.06,10.7,1113,docker,308.33,13.0,1231,chrome,176.15,0.9,1333,postgres,77.19,5.1,1451,spotify,111.23,3.1
1775704639.44,15819.01,564.99,96.6,1007,code,341.24,7.4,1111,code,213.85,29.0,1223,code,22.45,13.3,1338,firefox,174.31,25.3,1452,postgres,65.1,3.6
1775704641.44,15884.0,500.0,96.9,1003,slack,573.57,6.1,1120,slack,192.27,20.2,1230,spotify,200.36,3.3,1339,docker,123.64,20.5,1454,slack,13.29,13.0
1775704643.44,15884.0,500.0,96.9,1005,spotify,480.59,13.5,1114,node,139.75,11.6,1232,code,189.85,15.3,1334,docker,101.87,1.7,1454,python3,19.07,14.6
1775704645.44,15878.84,505.16,96.9,1004,docker,252.6,2.3,1120,spotify,99.87,15.9,1230,postgres,150.25,28.9,1339,node,116.88,8.1,1453,slack,76.75,18.9
1775704647.44,15883.21,500.79,96.9,1001,node,113.79,14.5,1121,docker,105.05,9.9,1224,slack,38.22,18.2,1333,postgres,169.48,29.8,1454,code,121.03,4.2
1775704649.44,15884.0,500.0,96.9,1006,node,503.02,26.9,1115,firefox,57.16,4.8,1230,firefox,190.88,16.9,1334,node,155.1,15.1,1453,slack,137.1,22.4
1775704651.44,15879.27,504.73,96.9,1001,code,687.29,21.1,1120,slack,192.56,24.2,1230,node,88.95,28.6,1333,java,100.68,8.9,1450,docker,27.3,7.1
1775704653.44,15860.36,523.64,96.8,1009,spotify,424.11,11.7,1119,docker,216.95,18.2,1224,postgres,65.78,14.8,1337,node,93.91,14.0,1449,python3,40.41,21.8
1775704655.44,15858.72,525.28,96.8,1007,code,61.9,19.0,1119,spotify,370.35,13.3,1225,firefox,201.3,28.5,1336,chrome,112.3,4.2,1451,code,96.39,25.3
1775704657.44,15854.14,529.86,96.8,1007,docker,628.1,24.7,1112,slack,199.97,11.3,1225,postgres,94.97,24.4,1343,docker,165.87,24.8,1448,slack,44.58,17.0
1775704659.44,15863.96,520.04,96.8,1001,node,322.78,3.7,1113,node,280.38,7.8,1232,spotify,58.63,27.0,1342,docker,176.52,25.0,1447,docker,126.97,26.9
1775704661.44,15884.0,500.0,96.9,1001,chrome,771.11,15.3,1121,node,107.74,2.4,1231,docker,242.79,14.0,1337,postgres,76.17,14.6,1454,java,110.06,12.4
1775704663.44,15884.0,500.0,96.9,1004,python3,431.28,6.1,1117,java,107.11,15.3,1225,code,72.35,24.5,1339,java,103.24,4.3,1447,docker,89.77,16.6
1775704665.44,15884.0,500.0,96.9,1006,postgres,676.14,10.7,1115,slack,81.72,7.3,1231,firefox,81.29,24.9,1343,code,90.27,2.8,1453,slack,145.47,25.0
1775704667.44,15884.0,500.0,96.9,1002,spotify,374.9,28.2,1113,spotify,72.74,19.5,1227,spotify,31.72,8.0,1335,code,179.28,25.6,1449,java,45.56,25.6
1775704669.44,15884.0,500.0,96.9,1010,slack,435.53,19.4,1119,python3,359.61,27.2,1232,postgres,31.53,25.0,1341,code,59.41,23.6,1448,spotify,138.54,1.4
1775704671.44,15879.54,504.46,96.9,1003,node,130.85,23.4,1121,firefox,398.89,12.4,1230,chrome,163.54,7.2,1337,slack,125.93,12.5,1449,spotify,145.6,11.2
1775704673.44,15876.9,507.1,96.9,1010,docker,174.5,15.3,1116,node,393.92,17.2,1230,docker,82.15,23.5,1340,node,198.91,12.9,1445,postgres,100.15,16.0
1775704675.44,15677.01,706.99,95.7,1001,chrome,110.81,5.0,1111,chrome,94.39,20.3,1223,chrome,127.89,12.5,1336,java,86.09,0.0,1446,chrome,60.2,0.4
1775704677.44,15704.41,679.59,95.9,1002,code,182.73,10.7,1119,firefox,159.47,22.4,1222,python3,211.98,28.2,1334,node,75.36,4.0,1454,node,46.89,15.9
1775704679.44,15701.52,682.48,95.8,1010,docker,471.23,12.6,1120,java,291.67,21.9,1224,node,225.3,10.6,1341,slack,139.66,11.9,1444,chrome,10.79,8.4
1775704681.44,15688.92,695.08,95.8,1004,code,533.1,1.6,1117,firefox,84.54,27.9,1225,node,95.79,1.4,1334,spotify,31.64,9.6,1453,python3,99.83,26.4
1775704683.44,15701.71,682.29,95.8,1005,code,312.86,13.4,1111,code,270.88,20.9,1226,chrome,198.63,4.3,1342,java,132.53,14.0,1450,postgres,30.14,18.0
1775704685.44,15702.37,681.63,95.8,1009,python3,657.72,4.1,1115,docker,227.77,27.2,1224,code,199.52,7.1,1335,firefox,114.71,23.3,1451,java,24.43,3.8
1775704687.44,15691.32,692.68,95.8,1000,java,548.6,23.3,1114,java,373.62,3.2,1223,code,214.29,6.5,1340,spotify,41.11,24.7,1445,postgres,113.32,15.7
1775704689.44,15707.17,676.83,95.9,1005,slack,398.34,13.6,1115,code,270.83,25.2,1222,postgres,78.26,7.8,1341,slack,56.49,24.9,1454,code,22.15,16.3
1775704691.44,15729.81,654.19,96.0,1000,python3,241.35,26.3,1116,python3,220.75,16.9,1224,node,88.97,12.6,1336,node,44.67,2.2,1453,postgres,82.2,2.0
1775704693.44,15741.71,642.29,96.1,1009,java,217.02,19.1,1112,spotify,269.46,27.2,1232,code,190.25,20.8,1333,docker,131.14,4.6,1451,slack,66.11,12.8
1775704695.44,15729.13,654.87,96.0,1010,chrome,106.97,14.9,1115,node,398.27,4.6,1223,python3,263.17,25.0,1339,node,44.41,13.1,1447,spotify,65.81,28.6
1775704697.44,15718.51,665.49,95.9,1006,postgres,567.96,12.4,1112,python3,170.77,7.4,1227,spotify,119.64,19.3,1335,slack,40.92,6.6,1451,docker,84.36,6.9
1775704699.44,15718.56,665.44,95.9,1010,node,207.66,21.1,1115,java,231.47,14.2,1227,firefox,135.44,18.7,1341,docker,134.32,1.4,1450,slack,108.19,11.3
1775704701.44,15747.79,636.21,96.1,1005,chrome,412.8,11.7,1117,node,225.77,21.8,1225,node,150.21,8.1,1333,code,199.4,17.1,1449,slack,134.94,28.1
1775704703.44,15759.05,624.95,96.2,1005,java,549.88,1.6,1116,java,288.04,26.7,1232,slack,22.91,10.2,1338,firefox,102.65,16.6,1451,spotify,52.91,12.1
1775704705.44,15772.78,611.22,96.3,1006,docker,282.13,27.5,1121,python3,391.73,14.0,1228,code,171.68,1.2,1337,python3,64.63,19.1,1450,python3,121.0,22.7
1775704707.44,15791.14,592.86,96.4,1010,docker,253.96,13.9,1119,spotify,257.67,23.4,1230,node,157.78,1.3,1337,slack,50.39,22.7,1445,slack,30.6,22.8
1775704709.44,15799.33,584.67,96.4,1005,chrome,781.06,3.1,1119,docker,242.08,12.8,1226,postgres,22.47,21.2,1341,slack,45.9,14.1,1453,python3,108.0,4.9
1775704711.44,15803.88,580.12,96.5,1003,chrome,519.72,27.5,1120,spotify,56.25,28.2,1224,python3,195.78,24.5,1336,spotify,113.82,26.0,1444,slack,62.79,22.5
1775704713.44,15810.99,573.01,96.5,1000,firefox,329.28,24.2,1114,docker,59.18,16.1,1232,spotify,112.16,9.2,1340,java,89.01,9.5,1453,chrome,60.77,27.2
1775704715.44,15805.59,578.41,96.5,1010,docker,316.68,13.2,1115,firefox,53.77,3.2,1232,firefox,159.07,7.5,1338,firefox,59.63,27.9,1450,python3,42.09,24.9
1775704717.44,15800.74,583.26,96.4,1000,code,671.56,19.4,1115,node,293.87,21.6,1223,java,35.67,0.4,1335,spotify,195.7,23.1,1451,python3,18.28,29.7
1775704719.44,15804.33,579.67,96.5,1005,postgres,375.88,22.5,1113,java,57.94,4.3,1226,slack,69.45,18.5,1334,docker,80.63,14.8,1447,chrome,93.36,11.8
1775704721.44,15787.11,596.89,96.4,1004,java,311.21,23.1,1112,docker,304.63,14.2,1225,postgres,50.18,7.0,1341,python3,50.42,18.4,1449,java,61.19,7.6
1775704723.44,15746.85,637.15,96.1,1003,docker,579.59,21.0,1113,slack,202.14,26.8,1232,python3,176.75,9.4,1342,postgres,49.72,27.2,1449,spotify,105.56,28.6
1775704725.44,15734.93,649.07,96.0,1008,postgres,491.74,20.3,1121,spotify,352.98,14.7,1232,java,173.54,14.5,1341,docker,37.02,16.5,1450,node,57.96,25.6
1775704727.44,15733.88,650.12,96.0,1006,spotify,790.66,6.8,1118,firefox,274.26,19.2,1225,java,243.85,8.0,1335,java,192.09,22.4,1449,node,80.37,12.7
1775704729.44,15701.46,682.54,95.8,1010,code,502.47,28.8,1121,code,395.28,25.8,1231,firefox,202.24,29.4,1333,node,60.66,16.5,1453,spotify,116.89,30.0
1775704731.44,15694.44,689.56,95.8,1002,java,570.38,18.5,1120,python3,232.44,17.2,1230,python3,236.56,13.6,1337,spotify,62.16,18.3,1452,java,82.43,25.5
1775704733.44,15700.98,683.02,95.8,1001,slack,399.66,22.3,1111,chrome,52.12,4.1,1224,docker,44.07,4.1,1342,chrome,121.29,9.1,1450,docker,61.62,28.9
1775704735.44,15707.53,676.47,95.9,1004,java,669.73,21.3,1121,python3,119.65,3.3,1223,code,116.76,6.1,1342,java,146.25,10.2,1450,docker,135.48,2.4
1775704737.44,15703.92,680.08,95.8,1007,docker,335.29,21.8,1117,spotify,104.02,2.4,1222,spotify,155.53,19.1,1342,slack,49.3,18.8,1451,node,95.11,4.6
1775704739.44,15720.01,663.99,95.9,1004,code,192.78,21.4,1116,chrome,393.93,13.6,1226,python3,222.9,24.8,1336,slack,55.21,13.3,1447,spotify,10.34,21.8
1775704741.44,15739.11,644.89,96.1,1005,spotify,135.85,27.2,1111,java,64.32,6.1,1227,postgres,168.03,13.1,1342,postgres,64.95,28.0,1444,docker,137.71,18.1
1775704743.44,15742.42,641.58,96.1,1003,firefox,505.71,9.6,1111,docker,87.0,21.3,1232,firefox,130.34,0.2,1340,slack,125.54,20.6,1453,python3,154.24,9.2
1775704745.44,15737.77,646.23,96.1,1009,python3,565.86,5.2,1111,node,359.1,19.4,1222,slack,88.71,12.8,1334,docker,77.83,27.7,1450,firefox,95.4,6.5
1775704747.44,15745.57,638.43,96.1,1007,slack,451.08,22.8,1116,slack,228.89,19.6,1224,slack,46.36,16.7,1339,java,97.66,23.7,1451,code,87.42,28.4
1775704749.44,15755.62,628.38,96.2,1004,java,236.93,10.4,1119,chrome,230.4,0.4,1232,docker,164.5,13.1,1336,spotify,189.84,19.2,1452,python3,101.84,2.8
1775704751.44,15736.81,647.19,96.0,1003,slack,66.2,27.0,1112,code,292.8,1.5,1232,node,197.04,19.9,1338,chrome,50.69,1.1,1454,java,70.67,10.1
1775704753.44,15729.06,654.94,96.0,1002,node,444.3,19.1,1112,postgres,256.25,0.4,1228,java,77.18,22.6,1335,python3,81.32,3.3,1450,chrome,124.15,3.9
1775704755.44,15745.61,638.39,96.1,1007,spotify,519.89,7.9,1111,firefox,327.7,27.0,1231,firefox,58.31,4.6,1337,spotify,115.81,20.1,1451,spotify,107.53,4.8
1775704757.44,15770.18,613.82,96.3,1002,docker,402.27,24.0,1112,node,27.28,17.8,1225,docker,255.83,4.6,1342,docker,161.16,5.0,1445,postgres,19.34,5.5
1775704759.44,15773.65,610.35,96.3,1000,slack,140.71,24.1,1114,firefox,148.72,0.5,1228,java,249.12,12.8,1343,firefox,65.6,24.4,1451,spotify,27.32,23.1
1775704761.44,15793.03,590.97,96.4,1001,code,634.52,28.7,1113,docker,269.13,20.3,1225,firefox,244.93,27.6,1335,firefox,98.9,6.4,1445,java,89.22,8.5
1775704763.44,15762.56,621.44,96.2,1005,python3,89.18,2.9,1114,python3,25.77,14.7,1225,docker,43.1,21.0,1342,postgres,20.08,22.4,1451,code,36.77,25.0
1775704765.44,15720.91,663.09,96.0,1006,postgres,538.12,1.3,1113,slack,77.12,24.8,1232,spotify,58.72,4.2,1339,firefox,136.33,13.8,1449,python3,101.49,19.2
1775704767.44,15730.77,653.23,96.0,1007,node,204.66,18.9,1113,python3,237.92,24.6,1230,postgres,251.22,24.1,1334,code,27.59,0.9,1452,slack,66.52,26.2
1775704769.44,15733.6,650.4,96.0,1002,chrome,774.02,4.3,1119,code,216.35,6.6,1227,python3,94.73,16.1,1338,node,194.45,15.0,1446,java,92.94,28.6
1775704771.44,15728.1,655.9,96.0,1005,java,416.06,19.6,1120,python3,373.42,2.3,1226,slack,227.97,25.6,1334,docker,24.49,19.5,1448,postgres,146.77,22.7
1775704773.44,15737.48,646.52,96.1,1007,slack,192.77,9.4,1114,postgres,236.57,24.9,1225,docker,196.47,12.4,1342,firefox,31.03,25.4,1454,code,143.28,5.6
1775704775.44,15757.81,626.19,96.2,1005,node,622.07,14.7,1119,firefox,218.23,7.9,1224,docker,115.95,8.6,1336,node,88.96,6.2,1444,spotify,26.98,21.7
1775704777.44,15760.64,623.36,96.2,1002,firefox,391.77,14.9,1119,python3,69.68,9.9,1229,node,69.42,15.4,1333,java,84.59,3.8,1450,docker,12.73,22.4
1775704779.44,15764.5,619.5,96.2,1003,firefox,232.99,12.0,1111,python3,308.92,14.5,1227,node,203.62,21.8,1338,docker,159.81,28.0,1448,chrome,54.22,7.6
1775704781.44,15753.75,630.25,96.2,1003,docker,474.53,15.9,1120,slack,39.25,29.6,1232,slack,119.2,12.8,1336,slack,195.46,25.3,1448,slack,92.06,21.8
1775704783.44,15744.03,639.97,96.1,1005,node,509.01,28.6,1116,node,95.07,25.9,1223,firefox,194.78,17.9,1339,node,167.37,0.9,1448,chrome,113.93,3.9
1775704785.44,15742.85,641.15,96.1,1007,code,494.34,8.9,1115,firefox,74.26,26.4,1223,firefox,73.88,7.2,1342,java,14.58,29.4,1444,firefox,36.06,3.8
1775704787.44,15758.28,625.72,96.2,1004,spotify,568.39,9.8,1119,docker,158.46,14.0,1226,postgres,176.31,12.1,1336,python3,182.63,5.4,1449,chrome,43.67,20.7
1775704789.44,15756.51,627.49,96.2,1001,docker,521.78,22.2,1114,python3,72.15,11.9,1229,code,259.63,8.9,1341,docker,51.53,8.9,1451,docker,79.88,9.2
1775704791.44,15773.05,610.95,96.3,1009,slack,703.3,9.3,1117,python3,37.88,14.3,1223,code,35.32,7.7,1336,chrome,151.9,16.8,1452,node,118.31,23.3
1775704793.44,15747.42,636.58,96.1,1000,node,590.69,12.0,1114,code,194.89,18.4,1224,node,117.67,14.7,1343,spotify,167.89,12.7,1447,java,96.89,12.8
1775704795.44,15758.23,625.77,96.2,1007,chrome,62.87,26.6,1115,firefox,100.91,21.4,1225,python3,54.59,2.8,1340,postgres,12.53,15.3,1446,node,21.51,28.3
1775704797.44,15760.3,623.7,96.2,1001,slack,103.66,2.2,1111,python3,379.49,18.9,1227,chrome,265.52,9.6,1336,slack,25.68,20.5,1444,postgres,52.86,18.8
1775704799.44,15772.84,611.16,96.3,1005,firefox,513.27,20.8,1121,java,151.0,26.6,1227,python3,211.21,25.1,1343,chrome,115.04,26.5,1453,firefox,54.31,8.0
1775704801.44,15763.24,620.76,96.2,1002,spotify,299.28,24.1,1117,chrome,371.46,21.1,1222,spotify,162.76,9.3,1338,python3,180.14,25.8,1451,java,23.15,22.2
1775704803.44,15770.27,613.73,96.3,1008,chrome,180.24,26.0,1113,docker,125.01,8.2,1230,postgres,48.23,8.0,1338,chrome,161.19,15.4,1448,slack,62.54,18.0
1775704805.44,15757.95,626.05,96.2,1002,postgres,513.03,7.2,1118,node,367.47,14.6,1227,docker,127.67,0.5,1336,slack,82.56,19.1,1450,code,110.78,25.9
1775704807.44,15770.72,613.28,96.3,1010,postgres,170.75,10.3,1118,spotify,200.83,4.9,1224,firefox,177.23,14.7,1335,python3,118.89,27.7,1452,python3,150.23,15.4
1775704809.44,15780.13,603.87,96.3,1005,node,586.17,25.9,1118,python3,130.39,4.6,1222,spotify,57.71,20.5,1342,spotify,183.03,19.0,1454,spotify,61.73,16.1
1775704811.44,15764.67,619.33,96.2,1010,docker,101.71,15.7,1116,slack,143.19,21.3,1224,python3,257.27,17.6,1336,firefox,87.16,29.0,1449,spotify,24.0,9.9
1775704813.44,15762.38,621.62,96.2,1000,spotify,672.13,14.7,1119,spotify,102.04,17.2,1232,code,207.56,25.6,1335,slack,29.77,0.6,1452,chrome,131.8,7.0
1775704815.44,15775.26,608.74,96.3,1010,chrome,321.54,4.3,1117,node,152.5,4.1,1226,node,90.07,0.9,1341,spotify,18.12,26.8,1451,docker,36.44,13.7
1775704817.44,15788.14,595.86,96.4,1002,docker,376.28,7.8,1120,code,66.78,5.4,1230,node,208.34,24.7,1338,code,121.06,16.0,1446,slack,124.27,0.2
1775704819.44,15776.79,607.21,96.3,1009,firefox,505.46,15.8,1118,slack,399.04,4.5,1228,code,168.76,23.7,1342,docker,151.53,2.2,1450,slack,145.28,21.1
1775704821.44,15787.22,596.78,96.4,1001,code,436.81,22.4,1118,java,87.63,13.3,1226,spotify,226.02,18.7,1342,code,88.67,3.5,1445,chrome,36.84,27.7
1775704823.44,15781.0,603.0,96.3,1010,node,727.94,0.4,1111,code,310.97,25.4,1227,docker,73.09,0.3,1338,python3,47.71,2.5,1445,node,48.44,6.3
1775704825.44,15755.45,628.55,96.2,1007,java,334.72,28.0,1115,python3,47.97,18.1,1228,java,114.59,8.6,1333,docker,19.29,5.9,1452,code,55.99,21.6
1775704827.44,15759.73,624.27,96.2,1010,chrome,491.52,1.1,1121,code,173.61,8.6,1226,node,111.83,2.7,1336,firefox,49.74,9.7,1446,postgres,11.94,15.6
1775704829.44,15743.63,640.37,96.1,1008,code,561.4,10.0,1113,postgres,175.31,20.7,1229,chrome,63.06,20.3,1340,chrome,36.59,26.7,1447,slack,159.57,21.0
1775704831.44,15739.13,644.87,96.1,1009,docker,630.66,17.8,1111,spotify,251.17,5.4,1224,chrome,157.02,11.8,1338,slack,161.43,4.9,1454,firefox,19.42,21.1
1775704833.44,15732.65,651.35,96.0,1002,firefox,193.43,8.9,1111,firefox,227.97,28.8,1232,code,40.29,17.7,1335,node,148.21,3.2,1451,docker,57.43,8.9
1775704835.44,15726.53,657.47,96.0,1001,python3,708.6,23.8,1114,java,225.18,16.4,1228,postgres,218.9,5.9,1334,code,62.69,11.2,1453,node,96.52,4.3
1775704837.44,15718.49,665.51,95.9,1000,slack,647.47,18.0,1121,postgres,27.25,7.4,1223,java,23.91,15.2,1337,code,131.87,7.6,1449,postgres,151.65,5.7
1775704839.44,15697.0,687.0,95.8,1000,java,293.39,11.2,1113,slack,68.95,2.1,1230,postgres,31.08,11.6,1340,node,144.33,17.1,1448,spotify,147.32,13.4
1775704841.44,15706.34,677.66,95.9,1001,java,51.38,12.8,1114,chrome,395.41,5.2,1230,node,245.74,25.9,1339,slack,187.18,4.5,1448,chrome,67.89,22.9
1775704843.44,15702.53,681.47,95.8,1003,postgres,594.59,28.9,1112,code,208.48,27.7,1227,node,147.99,13.3,1340,spotify,110.56,29.2,1453,docker,104.58,9.1
1775704845.44,15706.32,677.68,95.9,1010,firefox,335.43,16.6,1111,docker,256.56,20.4,1228,python3,61.9,3.7,1343,code,128.37,21.5,1444,python3,57.16,14.8
1775704847.44,15714.6,669.4,95.9,1007,node,584.64,23.3,1114,firefox,26.8,24.2,1224,chrome,124.6,21.7,1343,python3,168.82,20.1,1446,docker,89.33,7.6
1775704849.44,15695.47,688.53,95.8,1009,slack,233.79,11.9,1119,slack,343.05,14.2,1232,slack,186.75,14.5,1336,slack,24.62,4.7,1448,java,65.16,26.9
1775704851.44,15682.73,701.27,95.7,1000,python3,254.92,2.9,1113,postgres,178.19,28.9,1224,firefox,166.87,11.4,1341,code,93.9,9.1,1444,code,83.05,16.4
1775704853.44,15703.65,680.35,95.8,1000,python3,751.98,14.5,1119,node,370.44,4.8,1222,java,222.29,19.5,1343,docker,144.51,2.6,1450,docker,103.98,1.8
1775704855.44,15712.84,671.16,95.9,1008,java,625.6,24.1,1121,node,304.96,3.7,1229,firefox,229.84,29.9,1335,slack,69.22,6.8,1452,java,39.28,25.2
1775704857.44,15720.21,663.79,95.9,1007,chrome,552.19,28.8,1111,docker,380.55,13.8,1230,chrome,83.4,24.7,1343,spotify,63.34,4.8,1450,postgres,29.16,26.0
1775704859.44,15715.87,668.13,95.9,1005,node,157.52,23.3,1117,java,199.22,1.8,1228,slack,248.52,11.6,1334,slack,31.18,8.0,1450,python3,30.32,2.6
1775704861.44,15720.78,663.22,96.0,1009,firefox,146.91,23.6,1116,node,100.37,11.8,1229,docker,209.44,18.6,1338,postgres,60.65,22.3,1449,java,87.47,4.1
1775704863.44,15690.59,693.41,95.8,1002,docker,553.06,14.5,1112,slack,310.6,19.5,1223,java,149.93,14.0,1340,chrome,15.5,24.2,1448,slack,52.1,12.9
1775704865.44,15736.25,647.75,96.0,1006,docker,603.57,3.5,1116,java,131.72,1.7,1230,docker,69.6,5.4,1335,firefox,187.86,29.8,1450,code,156.58,15.9
1775704867.44,15720.77,663.23,96.0,1001,postgres,727.79,1.5,1111,python3,43.82,12.0,1223,slack,70.75,18.1,1335,postgres,109.79,20.2,1445,node,124.48,6.4
1775704869.44,15706.14,677.86,95.9,1000,python3,273.79,7.3,1115,chrome,353.33,1.1,1226,spotify,38.26,7.5,1341,chrome,153.08,16.3,1445,slack,21.89,29.5
1775704871.44,15703.58,680.42,95.8,1010,python3,754.96,28.9,1121,code,362.18,7.6,1224,java,255.39,26.4,1337,slack,112.78,3.4,1444,code,10.16,3.8
1775704873.44,15706.01,677.99,95.9,1004,chrome,387.78,1.9,1113,java,277.43,28.4,1225,python3,247.57,9.4,1336,postgres,108.69,9.6,1454,node,153.25,19.9
1775704875.44,15683.14,700.86,95.7,1008,docker,523.87,21.9,1120,java,116.18,26.9,1230,java,123.32,9.0,1342,docker,136.73,7.8,1446,python3,52.1,2.7
1775704877.44,15697.28,686.72,95.8,1009,java,690.13,14.0,1114,java,382.27,4.2,1223,chrome,52.09,27.4,1336,firefox,115.81,1.9,1451,spotify,19.05,8.8
1775704879.44,15688.49,695.51,95.8,1010,chrome,739.86,14.1,1121,docker,38.62,23.3,1226,docker,243.61,7.8,1338,firefox,170.55,27.2,1454,postgres,121.24,19.0
1775704881.44,15707.79,676.21,95.9,1009,node,142.19,8.1,1116,docker,146.59,5.6,1229,chrome,253.41,14.9,1341,node,198.06,14.6,1450,chrome,112.1,17.2
1775704883.44,15730.73,653.27,96.0,1007,spotify,512.36,22.5,1113,slack,168.22,21.4,1230,python3,97.14,24.9,1336,spotify,161.15,1.1,1449,postgres,43.11,11.3
1775704885.44,15740.01,643.99,96.1,1004,spotify,157.22,26.0,1115,chrome,347.47,19.7,1228,java,195.11,0.6,1339,postgres,20.92,11.3,1450,python3,79.88,16.6
1775704887.44,15727.54,656.46,96.0,1003,slack,58.22,6.1,1112,node,344.74,22.7,1227,slack,188.82,15.1,1340,docker,85.12,13.2,1449,slack,46.13,3.3
1775704889.44,15719.84,664.16,95.9,1005,firefox,164.26,12.8,1115,slack,275.18,19.5,1231,slack,142.93,20.6,1343,java,198.05,26.2,1445,node,98.35,9.7
1775704891.44,15703.12,680.88,95.8,1004,code,351.58,29.8,1113,firefox,379.23,29.9,1230,chrome,213.65,15.4,1334,docker,170.66,15.2,1453,docker,81.56,20.3
1775704893.44,15705.92,678.08,95.9,1006,chrome,322.97,23.1,1111,node,157.66,6.4,1230,node,253.19,18.4,1342,firefox,37.51,15.1,1444,chrome,147.42,25.9
1775704895.44,15689.58,694.42,95.8,1000,chrome,479.58,21.7,1117,node,99.06,2.3,1228,java,216.08,10.4,1336,docker,53.4,26.7,1444,code,14.9,6.3
1775704897.44,15706.39,677.61,95.9,1010,docker,199.42,3.7,1113,postgres,272.29,26.2,1230,spotify,55.83,8.4,1335,python3,44.91,8.9,1445,firefox,108.15,9.8
1775704899.44,15712.52,671.48,95.9,1010,python3,782.52,26.1,1115,slack,310.87,29.4,1231,slack,126.7,2.8,1342,java,131.28,18.3,1444,python3,27.59,6.6
1775704901.44,15701.37,682.63,95.8,1010,code,776.93,21.7,1119,node,236.85,21.7,1229,firefox,53.02,14.7,1343,code,39.55,20.3,1444,postgres,33.7,0.5
1775704903.44,15710.57,673.43,95.9,1006,code,508.29,3.7,1115,postgres,112.72,19.2,1225,chrome,168.49,1.0,1333,java,45.13,18.0,1445,node,101.31,7.8
1775704905.44,15744.38,639.62,96.1,1006,node,212.63,8.4,1117,docker,100.97,1.5,1231,code,118.16,28.1,1334,spotify,147.32,22.9,1449,slack,114.08,6.4
1775704907.44,15749.21,634.79,96.1,1007,postgres,343.39,2.3,1120,postgres,153.77,4.7,1232,node,198.26,3.8,1334,spotify,14.16,28.3,1445,java,150.08,8.1
1775704909.44,15739.96,644.04,96.1,1003,python3,533.41,19.4,1113,node,204.4,29.1,1228,node,84.01,29.2,1339,python3,169.78,13.0,1449,node,59.9,3.8
1775704911.44,15741.58,642.42,96.1,1007,docker,246.34,15.8,1111,docker,184.63,12.4,1222,spotify,204.77,29.8,1337,firefox,145.6,22.3,1454,spotify,34.9,26.3
1775704913.44,15738.69,645.31,96.1,1007,java,272.75,28.2,1120,node,93.51,7.2,1226,slack,239.97,16.4,1340,java,26.42,25.9,1454,firefox,103.44,25.1
1775704915.44,15752.07,631.93,96.1,1007,chrome,623.04,17.9,1111,slack,197.1,3.4,1225,code,202.26,13.8,1341,firefox,108.57,1.6,1444,slack,33.77,27.5
1775704917.44,15746.43,637.57,96.1,1002,slack,725.27,20.4,1114,java,219.07,14.5,1228,chrome,197.86,10.4,1341,chrome,60.5,18.6,1453,slack,147.84,20.4
1775704919.44,15727.81,656.19,96.0,1006,spotify,363.19,10.0,1111,postgres,137.4,29.7,1232,node,194.0,14.8,1335,chrome,189.55,19.9,1444,python3,91.77,4.7
1775704921.44,15719.69,664.31,95.9,1009,slack,799.91,22.3,1121,spotify,149.69,14.4,1226,docker,194.84,11.7,1336,chrome,66.56,29.9,1449,code,15.52,10.9
1775704923.44,15724.63,659.37,96.0,1008,postgres,500.41,25.3,1117,chrome,47.81,11.2,1226,python3,106.61,15.9,1339,slack,127.18,24.2,1449,firefox,12.64,14.1
1775704925.44,15716.43,667.57,95.9,1010,chrome,788.47,22.6,1120,code,224.77,8.7,1230,node,99.05,1.3,1335,java,156.67,4.6,1452,docker,95.84,29.6
1775704927.44,15716.02,667.98,95.9,1007,node,53.59,20.1,1118,docker,207.88,16.8,1222,slack,202.4,3.2,1333,firefox,94.76,28.9,1448,code,12.98,6.0
1775704929.44,15701.28,682.72,95.8,1001,node,480.06,5.9,1112,java,160.62,7.8,1224,postgres,69.71,18.2,1335,spotify,41.14,20.7,1448,chrome,73.85,9.9
1775704931.44,15713.89,670.11,95.9,1005,python3,772.01,13.5,1120,spotify,368.38,22.8,1223,spotify,132.72,10.0,1340,code,113.1,25.4,1446,slack,65.64,7.0
1775704933.44,15732.57,651.43,96.0,1009,firefox,142.14,3.0,1116,postgres,328.06,27.4,1232,slack,246.31,16.2,1342,docker,20.4,13.3,1450,docker,159.6,1.8
1775704935.44,15754.39,629.61,96.2,1001,postgres,212.34,25.3,1117,node,340.06,29.6,1222,slack,54.96,5.5,1334,code,35.32,10.0,1452,python3,125.42,26.6
1775704937.44,15750.59,633.41,96.1,1010,code,272.72,12.3,1116,firefox,325.2,29.1,1227,docker,142.61,8.1,1334,postgres,77.59,23.9,1451,postgres,81.87,10.3
1775704939.44,15773.65,610.35,96.3,1010,firefox,423.99,14.4,1112,java,329.06,24.2,1225,postgres,237.88,8.0,1340,spotify,116.33,7.0,1445,code,96.1,26.5
1775704941.44,15806.14,577.86,96.5,1010,postgres,672.7,6.0,1111,docker,126.5,25.8,1232,docker,235.06,6.4,1337,node,187.22,12.4,1446,java,22.7,19.8
1775704943.44,15802.55,581.45,96.5,1010,docker,525.55,26.5,1114,chrome,190.71,11.1,1226,docker,100.05,21.7,1342,docker,69.67,24.1,1445,postgres,137.79,14.9
1775704945.44,15807.78,576.22,96.5,1010,code,565.37,10.0,1116,spotify,344.91,2.2,1230,firefox,137.37,22.9,1334,spotify,148.53,9.6,1445,java,50.01,23.7
1775704947.44,15807.74,576.26,96.5,1008,spotify,277.47,7.6,1114,spotify,198.31,25.2,1224,code,202.51,21.5,1333,slack,118.74,20.9,1451,postgres,92.98,23.0
1775704949.44,15848.53,535.47,96.7,1000,slack,593.19,25.2,1119,code,112.78,24.0,1232,firefox,43.8,18.2,1337,docker,95.92,15.3,1451,node,10.66,10.8
1775704951.44,15849.32,534.68,96.7,1006,python3,219.13,19.2,1115,code,378.75,2.7,1226,chrome,37.49,8.2,1343,docker,31.64,19.1,1450,postgres,21.59,9.6
1775704953.44,15850.26,533.74,96.7,1001,slack,492.34,10.2,1119,code,279.84,12.0,1230,docker,189.64,14.2,1342,docker,131.97,23.5,1449,code,77.58,6.2
1775704955.44,15825.16,558.84,96.6,1002,firefox,157.99,13.8,1115,docker,29.01,28.3,1228,firefox,129.54,19.1,1336,docker,190.58,19.0,1454,code,64.04,13.6
1775704957.44,15811.64,572.36,96.5,1006,chrome,663.41,16.2,1120,slack,317.61,18.4,1222,spotify,235.87,15.2,1342,java,51.49,11.2,1447,python3,127.34,25.4
1775704959.44,15810.4,573.6,96.5,1008,docker,61.15,22.3,1113,code,77.77,19.0,1226,postgres,217.24,25.5,1337,code,150.3,23.2,1454,java,67.24,19.7
1775704961.44,15810.54,573.46,96.5,1000,docker,255.96,6.5,1120,code,283.89,20.6,1226,python3,53.18,15.3,1340,postgres,52.04,7.7,1450,python3,98.76,2.9
1775704963.44,15832.17,551.83,96.6,1007,code,659.39,7.1,1117,chrome,367.16,5.8,1230,spotify,48.44,13.1,1335,python3,146.7,22.7,1448,code,155.57,11.4
1775704965.44,15820.37,563.63,96.6,1010,java,464.79,0.4,1117,code,28.08,11.4,1223,docker,187.98,9.9,1335,java,125.01,4.4,1447,slack,42.88,22.9
1775704967.44,15832.21,551.79,96.6,1006,docker,784.81,25.1,1118,node,330.18,17.3,1230,slack,263.99,0.6,1333,slack,69.61,19.4,1452,postgres,94.22,3.5
1775704969.44,15829.05,554.95,96.6,1001,node,687.06,5.0,1112,python3,131.91,10.8,1225,python3,162.53,0.7,1335,firefox,52.58,3.2,1448,node,136.23,20.1
1775704971.44,15817.83,566.17,96.5,1008,spotify,297.87,20.1,1113,docker,205.54,23.5,1225,postgres,32.05,8.6,1339,java,78.44,8.6,1450,node,87.12,21.1
1775704973.44,15824.15,559.85,96.6,1006,java,200.95,2.5,1113,docker,61.77,13.3,1228,docker,88.68,29.0,1335,chrome,176.74,10.1,1450,chrome,94.68,8.2
1775704975.44,15834.67,549.33,96.6,1009,firefox,650.33,1.5,1115,docker,258.43,26.0,1228,python3,107.96,15.8,1342,docker,88.8,19.2,1454,slack,31.95,12.2
1775704977.44,15813.15,570.85,96.5,1009,python3,458.15,0.1,1118,code,208.0,11.9,1230,python3,238.12,28.9,1339,firefox,108.42,11.4,1444,python3,35.72,12.7
1775704979.44,15795.09,588.91,96.4,1004,code,591.29,19.8,1117,node,54.88,14.8,1228,python3,243.74,11.6,1334,slack,55.68,23.8,1452,postgres,153.91,23.2
1775704981.44,15774.09,609.91,96.3,1004,firefox,56.3,12.3,1116,slack,367.87,8.5,1231,firefox,224.14,14.2,1338,firefox,72.12,5.4,1450,java,69.43,20.9
1775704983.44,15782.59,601.41,96.3,1005,docker,61.16,22.6,1120,code,256.51,25.0,1229,spotify,156.87,8.4,1343,code,99.14,27.9,1447,slack,92.87,2.3
1775704985.44,15781.24,602.76,96.3,1009,firefox,349.65,6.2,1121,spotify,136.66,7.9,1227,node,54.24,4.7,1334,docker,169.48,15.7,1445,firefox,22.92,28.2
1775704987.44,15782.99,601.01,96.3,1007,firefox,477.12,27.2,1112,node,178.44,8.2,1232,spotify,240.39,21.6,1334,spotify,186.47,11.4,1444,node,100.73,28.1
1775704989.44,15788.65,595.35,96.4,1010,firefox,638.15,8.5,1113,code,342.3,9.9,1229,slack,32.66,29.0,1342,java,140.34,10.5,1444,slack,69.08,1.1
1775704991.44,15780.67,603.33,96.3,1004,python3,750.63,13.4,1111,chrome,60.23,16.3,1230,spotify,243.78,13.9,1338,docker,185.3,11.9,1445,slack,139.61,19.7
1775704993.44,15755.46,628.54,96.2,1000,python3,55.03,21.6,1113,slack,183.44,20.1,1228,chrome,249.85,24.7,1333,spotify,137.25,28.3,1451,firefox,135.59,13.5
1775704995.44,15752.71,631.29,96.1,1008,firefox,122.45,15.3,1121,java,90.82,9.2,1232,docker,145.19,23.7,1343,firefox,111.93,8.9,1444,slack,114.27,5.6
1775704997.44,15744.98,639.02,96.1,1005,java,497.67,13.3,1121,python3,99.36,22.4,1226,slack,188.4,19.0,1337,slack,102.33,8.2,1449,docker,156.76,14.0
1775704999.44,15755.85,628.15,96.2,1007,firefox,599.09,25.6,1115,java,99.97,5.9,1227,python3,19.25,16.5,1335,firefox,174.55,15.3,1454,python3,155.74,17.7
1775705001.44,15762.29,621.71,96.2,1002,slack,112.09,11.8,1121,python3,302.99,13.3,1228,java,211.41,8.3,1333,chrome,26.03,15.2,1448,postgres,150.01,28.2
1775705003.44,15769.63,614.37,96.3,1003,code,761.75,15.3,1118,chrome,380.93,16.0,1222,firefox,242.18,14.9,1342,spotify,144.39,9.6,1445,spotify,140.48,29.7
1775705005.44,15779.21,604.79,96.3,1006,postgres,573.68,25.5,1118,docker,188.49,18.3,1231,spotify,236.73,6.4,1336,slack,68.51,3.4,1449,chrome,12.85,3.0
1775705007.44,15791.83,592.17,96.4,1006,spotify,655.04,20.3,1115,code,245.05,17.1,1224,chrome,238.47,16.7,1342,spotify,58.83,22.8,1453,firefox,57.37,7.0
1775705009.44,15780.73,603.27,96.3,1007,code,796.34,28.6,1118,slack,245.77,6.9,1222,node,228.28,14.3,1339,python3,152.04,14.0,1452,python3,100.71,6.2
1775705011.44,15790.41,593.59,96.4,1004,postgres,469.67,13.5,1120,postgres,200.43,11.7,1232,node,227.68,9.9,1340,python3,83.49,8.5,1448,spotify,134.38,18.7
1775705013.44,15787.7,596.3,96.4,1003,spotify,606.29,1.0,1119,slack,317.95,0.0,1227,node,245.76,4.3,1337,slack,166.28,13.3,1454,code,31.98,9.1
1775705015.44,15796.94,587.06,96.4,1007,python3,374.47,10.7,1116,firefox,333.62,24.7,1227,python3,146.33,7.1,1333,postgres,180.21,7.3,1448,python3,51.29,8.0
1775705017.44,15793.74,590.26,96.4,1000,firefox,730.0,7.5,1114,code,269.19,23.7,1227,postgres,262.33,23.7,1341,python3,169.01,12.7,1446,firefox,128.16,16.9
1775705019.44,15802.91,581.09,96.5,1010,node,453.78,25.1,1121,firefox,350.75,2.7,1231,firefox,130.86,20.2,1342,firefox,101.93,11.8,1450,chrome,152.18,23.1
1775705021.44,15807.25,576.75,96.5,1004,node,184.36,1.4,1115,slack,217.67,28.3,1229,python3,254.65,3.2,1341,slack,171.06,16.8,1448,code,122.1,24.6
1775705023.44,15797.61,586.39,96.4,1002,slack,770.84,11.7,1111,docker,119.27,10.0,1224,spotify,144.14,13.8,1338,firefox,66.01,4.8,1452,node,137.5,5.1
1775705025.44,15790.45,593.55,96.4,1000,slack,118.47,4.8,1116,firefox,311.42,11.2,1231,node,164.4,9.3,1338,spotify,84.89,23.1,1451,postgres,25.43,20.6
1775705027.44,15793.57,590.43,96.4,1002,code,235.5,9.5,1112,code,175.18,6.0,1226,spotify,140.65,26.2,1335,python3,20.88,2.8,1448,postgres,29.36,15.9
1775705029.44,15757.79,626.21,96.2,1005,slack,253.33,6.2,1115,chrome,72.04,14.6,1230,chrome,111.59,3.8,1333,spotify,161.39,4.9,1449,code,64.32,18.7
1775705031.44,15729.53,654.47,96.0,1005,python3,696.32,6.6,1115,firefox,278.36,29.3,1223,postgres,57.0,12.1,1339,node,102.43,1.1,1453,spotify,70.09,24.0
1775705033.44,15741.8,642.2,96.1,1008,code,496.92,1.9,1112,python3,242.57,17.7,1226,python3,123.72,8.1,1334,code,97.26,4.1,1448,java,68.65,7.0
1775705035.44,15873.04,510.96,96.9,1003,code,421.09,15.7,1118,code,224.01,6.9,1225,code,72.85,7.9,1342,python3,32.43,25.6,1444,node,115.81,22.4
1775705037.44,15864.22,519.78,96.8,1001,slack,284.5,1.0,1118,code,127.94,26.2,1231,slack,33.36,27.2,1336,python3,18.47,3.1,1451,node,126.28,20.2
1775705039.44,15843.09,540.91,96.7,1001,chrome,377.32,26.5,1113,slack,331.23,17.9,1223,java,205.55,9.0,1337,spotify,195.05,7.2,1450,firefox,128.94,0.7
1775705041.44,15834.72,549.28,96.6,1003,code,781.41,16.5,1111,spotify,48.22,19.5,1228,java,246.7,13.0,1343,chrome,170.41,11.0,1446,postgres,59.13,10.1
1775705043.44,15801.77,582.23,96.4,1001,chrome,511.99,8.0,1120,slack,160.99,9.5,1227,code,239.95,26.5,1342,docker,164.34,14.7,1448,firefox,88.68,2.4
1775705045.44,15808.46,575.54,96.5,1004,firefox,506.43,17.8,1113,docker,127.21,24.0,1232,java,59.56,3.1,1340,slack,71.95,10.6,1451,java,10.87,15.1
1775705047.44,15844.44,539.56,96.7,1007,java,210.01,18.2,1113,spotify,171.47,1.0,1230,python3,40.33,8.4,1342,firefox,134.99,16.0,1454,chrome,70.52,25.2
1775705049.44,15881.58,502.42,96.9,1009,java,223.83,28.6,1119,docker,264.55,18.8,1229,spotify,256.94,15.3,1343,python3,48.26,10.4,1453,java,154.78,0.6
1775705051.44,15872.75,511.25,96.9,1000,firefox,702.74,0.5,1116,slack,60.58,19.9,1231,code,55.54,11.1,1338,docker,76.37,15.4,1453,code,159.35,10.8
1775705053.44,15870.88,513.12,96.9,1009,code,610.93,7.7,1112,chrome,249.65,18.3,1232,python3,163.56,20.4,1335,firefox,117.46,26.8,1444,postgres,12.64,23.2
1775705055.44,15862.23,521.77,96.8,1007,node,780.57,24.8,1117,chrome,233.4,21.7,1230,python3,150.58,28.0,1336,slack,116.83,12.1,1454,firefox,70.56,11.0
1775705057.44,15857.56,526.44,96.8,1010,java,213.02,23.3,1117,spotify,151.06,1.2,1222,postgres,154.3,18.0,1334,java,117.11,10.7,1454,postgres,19.38,12.5
1775705059.44,15845.93,538.07,96.7,1001,code,375.13,25.9,1121,node,257.91,18.6,1223,spotify,132.64,28.0,1336,chrome,176.38,21.3,1452,java,86.42,7.2
1775705061.44,15832.25,551.75,96.6,1005,code,476.11,10.3,1120,chrome,114.2,12.5,1231,firefox,121.94,8.9,1338,spotify,105.01,24.6,1445,postgres,58.55,3.2
1775705063.44,15836.43,547.57,96.7,1001,firefox,697.8,15.4,1115,node,134.42,17.5,1222,python3,242.19,26.0,1336,postgres,176.93,4.6,1446,postgres,73.14,5.9
1775705065.44,15845.94,538.06,96.7,1007,node,292.6,19.7,1115,code,64.61,7.1,1229,code,131.98,9.2,1341,docker,172.97,16.5,1454,python3,137.13,16.7
1775705067.44,15842.08,541.92,96.7,1003,code,639.29,12.4,1118,slack,247.21,28.5,1222,firefox,63.62,12.8,1333,docker,65.75,5.7,1447,spotify,91.34,22.1
1775705069.44,15861.74,522.26,96.8,1000,postgres,631.43,21.8,1112,firefox,303.81,28.5,1231,spotify,154.35,26.2,1341,docker,13.63,12.2,1452,code,59.46,7.5
1775705071.44,15846.53,537.47,96.7,1008,slack,609.45,21.0,1111,code,276.37,3.2,1228,chrome,251.86,8.4,1339,java,108.15,2.4,1447,firefox,119.0,28.9
1775705073.44,15833.16,550.84,96.6,1001,spotify,631.17,23.6,1113,code,213.81,29.1,1223,java,26.05,16.1,1337,firefox,164.18,10.4,1452,docker,92.94,12.8
1775705075.44,15836.74,547.26,96.7,1004,docker,396.3,4.2,1121,java,194.61,10.3,1222,node,96.81,10.3,1341,slack,128.91,1.3,1449,node,39.25,9.6
1775705077.44,15818.64,565.36,96.5,1008,slack,414.12,11.8,1118,chrome,139.73,5.4,1222,python3,92.5,23.5,1343,slack,127.31,5.1,1447,docker,126.02,21.2
1775705079.44,15821.65,562.35,96.6,1000,python3,769.85,29.3,1112,slack,206.11,16.2,1230,firefox,163.96,25.1,1341,java,117.13,13.0,1454,code,48.15,17.2
1775705081.44,15838.98,545.02,96.7,1000,code,323.18,19.4,1119,slack,147.35,0.1,1223,code,150.2,22.5,1343,python3,80.03,5.5,1448,chrome,57.22,2.2
1775705083.44,15828.19,555.81,96.6,1002,code,507.72,18.9,1116,spotify,159.32,27.6,1226,java,54.44,1.5,1340,firefox,193.71,22.8,1445,docker,135.6,12.3
1775705085.44,15840.16,543.84,96.7,1002,chrome,206.86,5.0,1113,firefox,319.27,24.6,1227,docker,240.55,4.6,1341,python3,108.92,19.6,1451,code,31.14,10.1
1775705087.44,15833.84,550.16,96.6,1010,postgres,445.74,16.5,1115,spotify,229.52,24.5,1227,chrome,168.7,8.7,1334,java,142.32,27.2,1445,docker,80.78,11.6
